card_id,file,article,license,artist,source_url
C001,images/C001.jpg,札幌市,CC BY-SA 4.0,Nryate,https://commons.wikimedia.org/wiki/File:SapporoCity_Skylines2020.jpg
C002,images/C002.jpg,函館市,CC BY-SA 2.0,J o Fg2 Misiase Hosomall monta (Flickr) Composition by Kyoww,https://commons.wikimedia.org/wiki/File:Hakodate_montage.jpg
C003,images/C003.jpg,小樽市,CC BY-SA 3.0,Komatta,https://commons.wikimedia.org/wiki/File:Otaru_Montage.jpg
C004,images/C004.jpg,旭川市,CC BY-SA 4.0,水だらけのプール,https://commons.wikimedia.org/wiki/File:Asahikawa_Montage.jpg
C005,images/C005.jpg,登別市,CC BY 2.5,663highland,https://commons.wikimedia.org/wiki/File:131102_Noboribetsu_Onsen_Hokkaido_Japan04s3.jpg
C006,images/C006.jpg,富良野市,Public domain,wakimasa,https://commons.wikimedia.org/wiki/File:Furano_Snow_Resort_view2.JPG
C007,images/C007.jpg,倶知安町,CC BY 3.0,Douglas P Perkins (Douglaspperkins (talk)),https://commons.wikimedia.org/wiki/File:2010-02.mt_yotei.jpg
C008,images/C008.jpg,音威子府村,Public domain,Soica2001 (talk),https://commons.wikimedia.org/wiki/File:Teshiogawa_spa_roten.JPG
C009,images/C009.jpg,長万部町,Public domain,唐山健志郎,https://commons.wikimedia.org/wiki/File:%E4%BA%8C%E8%82%A1%E3%83%A9%E3%83%82%E3%82%A6%E3%83%A0%E6%B8%A9%E6%B3%89%E9%9C%B2%E5%A4%A9%E9%A2%A8%E5%91%82P6190057.JPG
C010,images/C010.jpg,夕張市,Public domain,Captain76,https://commons.wikimedia.org/wiki/File:Half_cut_of_Yubari_melon.JPG
C011,images/C011.jpg,青森市,CC BY-SA 4.0,水だらけのプール,https://commons.wikimedia.org/wiki/File:Aomori_Montage.jpg
C012,images/C012.jpg,弘前市,CC BY-SA 4.0,水だらけのプール,https://commons.wikimedia.org/wiki/File:Hirosaki_Montage.jpg
C013,images/C013.jpg,八戸市,CC BY-SA 3.0,張振,"https://commons.wikimedia.org/wiki/File:Kabushima,_-8_May_2010_a.jpg"
C014,images/C014.jpg,むつ市,CC BY-SA 3.0,Angaurits,https://commons.wikimedia.org/wiki/File:Osorezan.jpg
C015,images/C015.jpg,盛岡市,CC BY-SA 4.0,水だらけのプール,https://commons.wikimedia.org/wiki/File:Morioka_Montage.jpg
C016,images/C016.jpg,遠野市,CC BY 2.5,663highland,https://commons.wikimedia.org/wiki/File:Kappa-buchi03s3872.jpg
C017,images/C017.jpg,平泉町,CC BY-SA 4.0,663highland,https://commons.wikimedia.org/wiki/File:230728_Chusonji_Hiraizumi_Iwate_pref_Japan01s3.jpg
C018,images/C018.jpg,宮古市,CC BY-SA 3.0,Junpei Satoh,https://commons.wikimedia.org/wiki/File:Jyoudogahama.jpg
C019,images/C019.jpg,仙台市,CC BY-SA 4.0,掬茶,https://commons.wikimedia.org/wiki/File:Sendai_Tanabata_2023.jpg
C020,images/C020.jpg,松島町,CC BY 4.0,Makoto_Lab,https://commons.wikimedia.org/wiki/File:Miyagi-Landscape_of_cherry_blossoms_and_Matsushima_Bay-xl.jpg
C021,images/C021.jpg,石巻市,CC BY-SA 4.0,石巻敎祖,"https://commons.wikimedia.org/wiki/File:Mangattan_Museum,_2025.jpg"
C022,images/C022.jpg,気仙沼市,Public domain,EMPEX,https://commons.wikimedia.org/wiki/File:Kesennnuma_gyokou.jpg
C023,images/C023.jpg,秋田市,CC BY-SA 4.0,水だらけのプール,https://commons.wikimedia.org/wiki/File:Akita_Montage2.jpg
C024,images/C024.jpg,仙北市,CC BY-SA 4.0,(Tea-making tea) 掬茶,https://commons.wikimedia.org/wiki/File:Bukeyashiki_Street_in_Kakunodate_20161106b.jpg
C025,images/C025.jpg,男鹿市,CC BY-SA 4.0,掬茶,https://commons.wikimedia.org/wiki/File:Oga_montage.jpg
C026,images/C026.jpg,湯沢市,CC BY 3.0,Ippukucho,https://commons.wikimedia.org/wiki/File:KawarageJigoku3.JPG
C027,images/C027.jpg,山形市,CC BY-SA 4.0,水だらけのプール,https://commons.wikimedia.org/wiki/File:Yamagata_Montage.jpg
C028,images/C028.jpg,鶴岡市,CC BY-SA 4.0,水だらけのプール,https://commons.wikimedia.org/wiki/File:Tsuruoka_montage.jpg
C029,images/C029.jpg,天童市,CC BY-SA 4.0,Tamago915,https://commons.wikimedia.org/wiki/File:Osho_statue_at_Mt_Maizuru.jpg
C030,images/C030.jpg,寒河江市,Public domain,Tourisu-garin,https://commons.wikimedia.org/wiki/File:JIONJI_Temple_Hondou.jpg
C031,images/C031.jpg,福島市,CC BY-SA 4.0,水だらけのプール,https://commons.wikimedia.org/wiki/File:Fukushima_Montage.jpg
C032,images/C032.jpg,会津若松市,CC0,Roha:ja (talk),https://commons.wikimedia.org/wiki/File:March_2011_The_Aizu-Wakamatsu_Castle.jpg
C033,images/C033.jpg,郡山市,CC BY-SA 4.0,水だらけのプール,https://commons.wikimedia.org/wiki/File:Koriyama_Montage.jpg
C034,images/C034.jpg,いわき市,CC BY-SA 4.0,水だらけのプール,https://commons.wikimedia.org/wiki/File:Iwaki_Montage_2.jpg
C035,images/C035.jpg,水戸市,CC BY 4.0,Σ64,"https://commons.wikimedia.org/wiki/File:Kairaku-en,_Ibaraki_24.jpg"
C036,images/C036.jpg,つくば市,CC BY-SA 3.0,On-chan,https://commons.wikimedia.org/wiki/File:Tsukuba_Center_%26_Mt.Tsukuba01.jpg
C037,images/C037.jpg,行方市,CC BY 4.0,Σ64,https://commons.wikimedia.org/wiki/File:Kasumigaura_Fureai_Land_05.jpg
C038,images/C038.jpg,大洗町,Public domain,Ryokou_man,https://commons.wikimedia.org/wiki/File:20100216_acaworld01.jpg
C039,images/C039.jpg,宇都宮市,CC BY-SA 3.0,Kamoseiro Saniboh Eiji Saito (Flickr) Tatsundo h 東京太郎 駅弁 Composition by Kyoww,https://commons.wikimedia.org/wiki/File:Utsunomiya_montage.jpg
C040,images/C040.jpg,日光市,Public domain,不明,https://commons.wikimedia.org/wiki/File:NikkoYomeimon5005.jpg
C041,images/C041.jpg,那須塩原市,Public domain,あばさー,https://commons.wikimedia.org/wiki/File:Yuppo_no_Sato.JPG
C042,images/C042.jpg,足利市,CC BY 3.0,mti,https://commons.wikimedia.org/wiki/File:Ashikaga_montage.JPG
C043,images/C043.jpg,前橋市,CC BY-SA 4.0,水だらけのプール,https://commons.wikimedia.org/wiki/File:Maebashi_Montage.jpg
C044,images/C044.jpg,高崎市,CC BY-SA 4.0,水だらけのプール,https://commons.wikimedia.org/wiki/File:Takasaki_Montage.jpg
C045,images/C045.jpg,草津町,CC BY-SA 4.0,Mikkabie,https://commons.wikimedia.org/wiki/File:%E6%B9%AF%E7%95%912.jpg
C046,images/C046.jpg,みなかみ町,CC BY-SA 3.0,Mass Ave 975,https://commons.wikimedia.org/wiki/File:Tanigawa01.JPG
C047,images/C047.jpg,さいたま市,CC BY-SA 4.0,PRiMENON Ocdp ブツチチ Nishikaratsu Spitfireap Composition by Tamall,https://commons.wikimedia.org/wiki/File:Saitama_city_montage.jpg
C048,images/C048.jpg,川越市,CC BY-SA 4.0,Kentagon,https://commons.wikimedia.org/wiki/File:TokiNoKane_Kawagoe_2013Feb.JPG
C049,images/C049.jpg,秩父市,CC BY-SA 2.0,narusoraumi,https://commons.wikimedia.org/wiki/File:Chichibu_Yomatsuri.jpg
C050,images/C050.jpg,春日部市,CC BY-SA 3.0,京浜にけ,https://ja.wikipedia.org/wiki/%E3%83%95%E3%82%A1%E3%82%A4%E3%83%AB:Kasukabe_Wisteria_Of_Ushijima_1.JPG
C051,images/C051.jpg,千葉市,CC BY-SA 4.0,User:Xser21 User:掬茶 User:Shadow Fox User:Kentagon User:くろふね ja:利用者:Skink User:Yamato-i,https://commons.wikimedia.org/wiki/File:Chiba_City_montage.jpg
C052,images/C052.jpg,成田市,CC BY-SA 4.0,User:Nanashinodensyaku 日本語版ウィキペディアのHoku-sou-sanさん User:Unaaari User:名無し野電車区 ja:user:Katorisi User:Rodrigo.Argenton,https://commons.wikimedia.org/wiki/File:Narita_montage2.jpg
C053,images/C053.jpg,銚子市,CC BY-SA 4.0,User:Suikotei Hiroaki Kaneko User:お口チャック くろふね User:Xser21 User:Σ64 User:あばさー,https://commons.wikimedia.org/wiki/File:Choshi_Montage_2.jpg
C054,images/C054.jpg,浦安市,CC BY 3.0,mekarabeam,https://commons.wikimedia.org/wiki/File:Tokyo_disney_resort.jpg
C055,images/C055.jpg,匝瑳市,CC BY-SA 4.0,Ibaraki101c,https://commons.wikimedia.org/wiki/File:Iidaka.jpg
C056,images/C056.jpg,館山市,CC BY-SA 4.0,User:Xser21 User:Saigen Jiro FoxyStranger Kawasaki,https://commons.wikimedia.org/wiki/File:Tateyama_Montage.jpg
C057,images/C057.jpg,新宿区,CC BY-SA 3.0,Morio,https://commons.wikimedia.org/wiki/File:Skyscrapers_of_Shinjuku_2009_January.jpg
C058,images/C058.jpg,渋谷区,CC BY-SA 4.0,Kakidai,https://commons.wikimedia.org/wiki/File:2018_Shibuya_Crossing.jpg
C059,images/C059.jpg,港区 (東京都),CC BY-SA 3.0,東京太郎,https://commons.wikimedia.org/wiki/File:20110405-TokyoTower-Sakura01.jpg
C060,images/C060.jpg,千代田区,CC BY-SA 4.0,Kakidai,https://commons.wikimedia.org/wiki/File:National_Diet_Building_02.jpg
C061,images/C061.jpg,台東区,CC BY-SA 4.0,Asturio Cantabrio,https://commons.wikimedia.org/wiki/File:Asakusa_Senso-ji_2021-12_ac_(2).jpg
C062,images/C062.jpg,豊島区,CC BY-SA 3.0,Morio,https://commons.wikimedia.org/wiki/File:Sunshine_60_1_Ikebukuro_Tokyo_21_May_2004.jpg
C063,images/C063.jpg,品川区,CC BY-SA 4.0,Akonnchiroll,https://commons.wikimedia.org/wiki/File:Gate_City_Osaki.jpg
C064,images/C064.jpg,中央区 (東京都),CC BY-SA 4.0,Kakidai,https://commons.wikimedia.org/wiki/File:Ginza-WAKO_at_night.jpg
C065,images/C065.jpg,世田谷区,CC BY-SA 4.0,鋸香具師,https://commons.wikimedia.org/wiki/File:Seijo_namikimichi_231011.jpg
C066,images/C066.jpg,足立区,CC BY-SA 4.0,Fred Cherrygarden,https://commons.wikimedia.org/wiki/File:Nishiarai_Daishi.jpg
C067,images/C067.jpg,練馬区,CC BY-SA 4.0,Guy-aan,https://commons.wikimedia.org/wiki/File:%E4%B8%89%E5%AE%9D%E5%AF%BA%E6%B1%A0%E3%81%A8%E5%8E%B3%E5%B3%B6%E7%A5%9E%E7%A4%BE%EF%BC%882021%E5%B9%B45%E6%9C%88%EF%BC%89.jpg
C068,images/C068.jpg,八王子市,CC BY-SA 3.0,Arashiyama,https://commons.wikimedia.org/wiki/File:Takao-san-Top_10.11.13_saturday.JPG
C069,images/C069.jpg,奥多摩町,Public domain,不明,https://commons.wikimedia.org/wiki/File:LakeOkutama.jpg
C070,images/C070.jpg,青ヶ島村,Public domain,Soica2001 (talk),https://commons.wikimedia.org/wiki/File:Aogasima_maruyama.jpg
C071,images/C071.jpg,横浜市,CC BY 2.0,"akumach から Kawasaki City, Japan",https://commons.wikimedia.org/wiki/File:Minato_Mirai_In_Blue_(cropped).jpg
C072,images/C072.jpg,川崎市,CC BY 2.5,ペン太,https://commons.wikimedia.org/wiki/File:Kawasaki_Daishi_Main_Hall.jpg
C073,images/C073.jpg,鎌倉市,Public domain,Fg2,https://commons.wikimedia.org/wiki/File:TsurugaokaHachiman-M8867.jpg
C074,images/C074.jpg,箱根町,CC BY-SA 4.0,Kentagon,https://commons.wikimedia.org/wiki/File:LakeAshi_and_MtFuji_Hakone.JPG
C075,images/C075.jpg,小田原市,CC BY-SA 4.0,mti,https://commons.wikimedia.org/wiki/File:Odawara_montage.JPG
C076,images/C076.jpg,横須賀市,CC BY-SA 4.0,Quercus acuta,https://commons.wikimedia.org/wiki/File:Verny_Park_-_01.jpg
C077,images/C077.jpg,湯河原町,CC BY-SA 4.0,Quercus acuta,https://commons.wikimedia.org/wiki/File:Fujiki_river_-_Yugawara_onsen.jpg
C078,images/C078.png,新潟市,CC BY 4.0,Drph17,https://commons.wikimedia.org/wiki/File:Niigata_Montage3.png
C079,images/C079.jpg,佐渡市,CC BY-SA 4.0,水だらけのプール,https://commons.wikimedia.org/wiki/File:Sado_Montage.jpg
C080,images/C080.jpg,湯沢町,CC BY-SA 2.0,Tetsuji Sakakibara,https://commons.wikimedia.org/wiki/File:Naeba_Ski_Resort_(8382526043).jpg
C081,images/C081.jpg,長岡市,CC BY 3.0,113icecream Japanese Fireworks,https://commons.wikimedia.org/wiki/File:Nagaoka_Festival_Fireworks_2015_Phoenix_20150802.jpg
C082,images/C082.png,富山市,Public domain,タチヤマカムイ,https://commons.wikimedia.org/wiki/File:Toyama_montage_0.png
C083,images/C083.jpg,高岡市,CC BY 3.0,shiro524 (talk),https://commons.wikimedia.org/wiki/File:Takaoka_montage.JPG
C084,images/C084.jpg,立山町,CC BY-SA 3.0,"photo: Qurren (talk), with IXY 10S compact digital camera.",https://commons.wikimedia.org/wiki/File:Kurobe_Dam_survey_2.jpg
C085,images/C085.jpg,氷見市,CC BY 2.0,Jura Tone,https://commons.wikimedia.org/wiki/File:Himi_port.jpg
C086,images/C086.jpg,金沢市,CC BY 4.0,Alexkom000,"https://commons.wikimedia.org/wiki/File:2024-10-26_Kanazawa_Castle,_Ishikawa-mon.jpg"
C087,images/C087.jpg,輪島市,CC BY-SA 4.0,Asturio Cantabrio,https://commons.wikimedia.org/wiki/File:Wajima_Asaichi_ac_(10).jpg
C088,images/C088.jpg,加賀市,CC BY 2.5,Yusuke.ogawa,https://commons.wikimedia.org/wiki/File:Ishikawa_Kaga_Kagahashidate00.jpg
C089,images/C089.jpg,七尾市,CC BY 2.0,"Steph &amp; Adam from Calgary, Canada",https://commons.wikimedia.org/wiki/File:Wakura_Onsen_01.jpg
C090,images/C090.jpg,福井市,CC BY-SA 3.0,Kyoww (composition),https://commons.wikimedia.org/wiki/File:Fukui_montage.jpg
C091,images/C091.jpg,敦賀市,CC BY-SA 4.0,Alpsdake,https://commons.wikimedia.org/wiki/File:Port_of_Tsuruga.jpg
C092,images/C092.jpg,鯖江市,CC BY-SA 4.0,Opqr,https://commons.wikimedia.org/wiki/File:Megane_museum_sabae.jpg
C093,images/C093.jpg,勝山市,CC BY-SA 4.0,Titomaurer,https://commons.wikimedia.org/wiki/File:%E3%82%A2%E3%83%AD%E3%82%B5%E3%82%A6%E3%83%AB%E3%82%B9%E3%81%AE%E9%AA%A8%E6%A0%BC%E5%8C%96%E7%9F%B3.jpg
C094,images/C094.jpg,甲府市,CC BY-SA 3.0,Halowand,https://commons.wikimedia.org/wiki/File:Kofu_montage.jpg
C095,images/C095.jpg,富士吉田市,CC BY-SA 4.0,Halowand,https://commons.wikimedia.org/wiki/File:Fujiyoshida_montage.jpg
C096,images/C096.jpg,富士河口湖町,CC BY 3.0,Midori,https://commons.wikimedia.org/wiki/File:Lake_Kawaguchiko_Sakura_Mount_Fuji_4.JPG
C097,images/C097.jpg,長野市,CC BY-SA 4.0,水だらけのプール,https://commons.wikimedia.org/wiki/File:Nagano_Montage.jpg
C098,images/C098.jpg,松本市,CC BY-SA 4.0,水だらけのプール,https://commons.wikimedia.org/wiki/File:Matsumoto_Montage.jpg
C099,images/C099.jpg,軽井沢町,CC BY-SA 4.0,Ansjdjducciddkdjd,"https://commons.wikimedia.org/wiki/File:Mt.Asama,_Karuizawa.jpg"
C100,images/C100.jpg,諏訪市,CC BY 2.5,663highland,https://commons.wikimedia.org/wiki/File:160603_Takashima_Castle_Suwa_Nagano_pref_Japan06n_(cropped).jpg
C101,images/C101.jpg,白馬村,CC BY-SA 4.0,MaedaAkihiko,https://commons.wikimedia.org/wiki/File:Nagano_Matsukawa.jpg
C102,images/C102.jpg,山ノ内町,CC BY 2.5,663highland,https://commons.wikimedia.org/wiki/File:Shiga_Kogen_from_Nozoki05s4s4272.jpg
C103,images/C103.jpg,岐阜市,CC BY-SA 4.0,Alpsdake,https://commons.wikimedia.org/wiki/File:Gifu_City_Tower_43_and_Gifu_Sky_Wing_37_from_Twinarch138.jpg
C104,images/C104.jpg,高山市,CC BY 3.0,くろふね,https://commons.wikimedia.org/wiki/File:%E5%8F%A4%E3%81%84%E7%94%BA%E4%B8%A6%E3%81%BF_-_panoramio_-_%E3%81%8F%E3%82%8D%E3%81%B5%E3%81%AD_(1).jpg
C105,images/C105.jpg,白川村,CC BY 2.5,663highland,"https://commons.wikimedia.org/wiki/File:Ogi_Shirakawa-g%C5%8D,_Gifu,_Japan.jpg"
C106,images/C106.jpg,下呂市,CC BY-SA 4.0,663highland,https://commons.wikimedia.org/wiki/File:260125_Gero_Onsen_Gero_Gifu_pref_Japan02s3.jpg
C107,images/C107.jpg,各務原市,CC0,Evelyn-rose,https://commons.wikimedia.org/wiki/File:Kawashima-Parking-Area-1.jpg
C108,images/C108.jpg,静岡市,CC BY-SA 4.0,Akahito Yamabe,https://commons.wikimedia.org/wiki/File:Higashi-Shizuoka_Panorama_02.jpg
C109,images/C109.jpg,浜松市,CC BY-SA 4.0,水だらけのプール,https://commons.wikimedia.org/wiki/File:Hamamatsu_Montage2.jpg
C110,images/C110.jpg,熱海市,CC BY-SA 4.0,Suicasmo,https://commons.wikimedia.org/wiki/File:Atami_20170211-1.jpg
C111,images/C111.jpg,伊東市,CC BY-SA 4.0,Charlie fong,https://commons.wikimedia.org/wiki/File:Mount_%C5%8Cmuro_(Izu_Peninsula)_%26_Mt.Fuji.jpg
C112,images/C112.jpg,富士宮市,CC BY-SA 3.0,名古屋太郎,https://commons.wikimedia.org/wiki/File:070127_tanuki-fuji.jpg
C113,images/C113.jpg,下田市,CC BY-SA 3.0,コンピュータが読み取れる情報は提供されていませんが、Geomr~commonswikiだと推定されます（著作権の主張に基づく）,https://commons.wikimedia.org/wiki/File:Shimoda_2007-02-24.jpg
C114,images/C114.jpg,名古屋市,CC BY-SA 4.0,Tomio344456,"https://commons.wikimedia.org/wiki/File:View_of_Westward_from_Sky_Deck_MIRAI360,_Nishiki_Naka_Ward_Nagoya_2022.jpg"
C115,images/C115.jpg,豊田市,CC BY-SA 4.0,Tomio344456,"https://commons.wikimedia.org/wiki/File:TMC_Headquarters_Building,_Toyota-cho_Toyota_2019.jpg"
C116,images/C116.jpg,犬山市,CC BY-SA 3.0,ThorstenS,https://commons.wikimedia.org/wiki/File:Castle_in_Inuyama.JPG
C117,images/C117.jpg,蒲郡市,CC BY-SA 4.0,Bariston,https://commons.wikimedia.org/wiki/File:Gamagori_Classic_Hotel%EF%BC%91.jpg
C118,images/C118.jpg,常滑市,CC BY-SA 4.0,Bariston,https://commons.wikimedia.org/wiki/File:Yakimonosanpomichi1.JPG
C119,images/C119.jpg,津市,CC BY-SA 4.0,水だらけのプール,https://commons.wikimedia.org/wiki/File:Tsu_Montage.jpg
C120,images/C120.jpg,伊勢市,CC BY 2.5,コンピュータが読み取れる情報は提供されていませんが、N yotarouだと推定されます（著作権の主張に基づく）,https://commons.wikimedia.org/wiki/File:Uji-bashi_03.JPG
C121,images/C121.jpg,鳥羽市,CC BY-SA 4.0,Miyuki Meinaka,https://commons.wikimedia.org/wiki/File:Toba_Aquarium_front_view_2019.jpg
C122,images/C122.jpg,志摩市,CC BY-SA 4.0,Asturio Cantabrio,https://commons.wikimedia.org/wiki/File:Daiosaki_Lighthouse_2021-02_ac_(2).jpg
C123,images/C123.jpg,松阪市,CC BY 3.0,投稿者が撮影,https://commons.wikimedia.org/wiki/File:%E6%9D%BE%E5%9D%82%E5%9F%8E1.jpg
C124,images/C124.jpg,大津市,CC BY-SA 4.0,Nryate,https://commons.wikimedia.org/wiki/File:Skyline_of_Otsu_City20210828.jpg
C125,images/C125.jpg,彦根市,CC BY-SA 3.0,Ogiyoshisan,https://commons.wikimedia.org/wiki/File:Hikone_Castle_and_Sakura2_DSCN3761_20070410.JPG
C126,images/C126.jpg,長浜市,CC BY 2.5,663highland,https://commons.wikimedia.org/wiki/File:180922_Nagahama_Castle_Nagahama_Shiga_pref_Japan01.JPG
C127,images/C127.jpg,近江八幡市,CC BY 2.5,663highland,https://commons.wikimedia.org/wiki/File:Hachimanbori07s3200.jpg
C128,images/C128.jpg,京都市,CC BY-SA 4.0,Martin Falbisoner,"https://commons.wikimedia.org/wiki/File:Kiyomizu-dera,_Kyoto,_November_2016_-02.jpg"
C129,images/C129.jpg,宇治市,CC BY-SA 4.0,Sergeisemenov,https://commons.wikimedia.org/wiki/File:Phoenix_Hall.jpg
C130,images/C130.jpg,舞鶴市,CC BY 2.5,663highland,https://commons.wikimedia.org/wiki/File:Maizuru_red_brick_warehouses08s3200.jpg
C131,images/C131.jpg,宮津市,CC BY 2.5,663highland,https://commons.wikimedia.org/wiki/File:Amanohashidate_view_from_Mt_Moju02s3s4592.jpg
C132,images/C132.jpg,大阪市,CC0,Sakai Yayoi,https://commons.wikimedia.org/wiki/File:Yodo_River_and_Umeda_skyline_2026.jpg
C133,images/C133.jpg,堺市,CC BY-SA 3.0,Moja Hokakubanntyou KENPEI Czeva Composition by Kyoww,https://commons.wikimedia.org/wiki/File:Sakai_montage.jpg
C134,images/C134.jpg,東大阪市,CC BY-SA 4.0,Kst01,https://commons.wikimedia.org/wiki/File:Higashi_Osaka_Hanazono_Rugby_Stadium_ground.jpg
C135,images/C135.jpg,泉佐野市,CC BY 2.5,663highland,https://commons.wikimedia.org/wiki/File:Rinku_premium_outlets01s3200.jpg
C136,images/C136.jpg,枚方市,CC BY-SA 3.0,Japan Maik,https://commons.wikimedia.org/wiki/File:Hirakata_Park.jpg
C137,images/C137.jpg,神戸市,CC BY-SA 3.0,User:663highland User:Pyzhou User:KENPEI User:Laitr Keiows Composition by User:Kyoww,https://commons.wikimedia.org/wiki/File:Kobe_montage1.jpg
C138,images/C138.jpg,姫路市,CC BY-SA 3.0,User:Corpse Reviver User:Corpse Reviver User:663highland User:Bgag User:Geofrog en:User:Mass Ave 975 Composition by Kyoww,https://commons.wikimedia.org/wiki/File:Himeji_montage2.jpg
C139,images/C139.jpg,宝塚市,CC BY 2.5,663highland,https://commons.wikimedia.org/wiki/File:Takarazuka_grand_theater03s3200.jpg
C140,images/C140.jpg,淡路市,CC BY-SA 4.0,Gohachiyasu1214,"https://commons.wikimedia.org/wiki/File:Matsuhonoura%EF%BC%88Awaji,_Hyogo%EF%BC%89-01.jpg"
C141,images/C141.jpg,豊岡市,CC BY-SA 4.0,水だらけのプール,https://commons.wikimedia.org/wiki/File:Toyooka_Montage.jpg
C142,images/C142.jpg,尼崎市,CC BY-SA 3.0,KENPEI,"https://commons.wikimedia.org/wiki/File:Choonji_(Amagasaki,_Hyogo)_hondo.jpg"
C143,images/C143.jpg,奈良市,CC BY-SA 3.0,User:名古屋太郎 User:Douglaspperkins User:Fg2 User:663highland User:Jakubhal composition: Kyoww,https://commons.wikimedia.org/wiki/File:Nara_montage.jpg
C144,images/C144.jpg,明日香村,CC BY 2.5,663highland,https://commons.wikimedia.org/wiki/File:Ishibutai-kofun_Asuka_Nara_pref05n4592.jpg
C145,images/C145.jpg,橿原市,CC BY-SA 4.0,663highland,https://commons.wikimedia.org/wiki/File:251206_Kashihara_Shrine_Kashihara_Nara_pref_Japan05s3.jpg
C146,images/C146.jpg,吉野町,CC BY-SA 3.0,8-hachiro,https://commons.wikimedia.org/wiki/File:Yoshinoyama_Kamisenbon20140415.jpg
C147,images/C147.jpg,和歌山市,CC BY-SA 3.0,User:663highland User:Kumamushi composition: User:Kyoww,https://commons.wikimedia.org/wiki/File:Wakayama_montage.jpg
C148,images/C148.jpg,高野町,CC BY 2.5,663highland,https://commons.wikimedia.org/wiki/File:Danjogaran_Koyasan16n4272.jpg
C149,images/C149.jpg,那智勝浦町,CC BY 3.0,mti,https://commons.wikimedia.org/wiki/File:Nachikatsuura_montage.JPG
C150,images/C150.jpg,白浜町,CC BY 3.0,mti,https://commons.wikimedia.org/wiki/File:Shirahama_montages.JPG
C151,images/C151.jpg,鳥取市,CC BY-SA 3.0,File:Tottori castle07 1920.jpg by User:663highland File:Shikano Tottori03n4592.jpg by User:663highland File:Tottori sanddunes camel.jpg by User:Geofrog File:Jinpukaku02 1920.jpg by User:663highland File:Tottori Station view.JPG by User:まも Composition by User:Fjkelfeimvvn,https://commons.wikimedia.org/wiki/File:Tottori_montage.jpg
C152,images/C152.jpg,米子市,CC BY 2.5,"1,2,6 by 663highland, 3,4,5 by Lemon",https://commons.wikimedia.org/wiki/File:Yonago_montage_2017.jpg
C153,images/C153.jpg,境港市,CC BY-SA 4.0,Phronimoi,https://commons.wikimedia.org/wiki/File:Sakaiminato_city_office_1.jpg
C154,images/C154.jpg,松江市,CC BY-SA 3.0,"File:Kumano taisha.jpg by User:Monado File:Yaegaki jinja.jpg by User:Monado File:Mihojinja -01.jpg by User:Aimaimyi File:Matsue castle01bs4592.jpg by User:663highland File:Lake Shinji, Matsue.jpg by User:Bgag File:Tamatsukuri onsen01st3200.jpg by User:663highland File:Mihonoseki Lighthouse.jpg by User:Flow in edgewise File:R01-matsue-at-night.jpg by 長谷川 宏亮, Uploaded by User:Umebo Composition by User:Fjkelfeimvvn",https://commons.wikimedia.org/wiki/File:Matsue_montage.jpg
C155,images/C155.jpg,出雲市,CC0,Saigen Jiro,https://commons.wikimedia.org/wiki/File:Haiden_of_Izumo-taisha-1.JPG
C156,images/C156.jpg,津和野町,CC BY-SA 4.0,そらみみ,"https://commons.wikimedia.org/wiki/File:Hommachi-dori_Street_in_Tsuwano,_Kanoashi,_Shimane_2.jpg"
C157,images/C157.jpg,隠岐の島町,CC BY 3.0,Snap55,https://commons.wikimedia.org/wiki/File:Rosoku-is.jpg
C158,images/C158.jpg,岡山市,CC BY-SA 4.0,水だらけのプール,https://commons.wikimedia.org/wiki/File:Okayama_Montage2.jpg
C159,images/C159.jpg,倉敷市,CC BY-SA 4.0,663highland,https://commons.wikimedia.org/wiki/File:211203_Kurashikikan_Kurashiki_Okayama_pref_Japan02s3.jpg
C160,images/C160.jpg,高梁市,Public domain,by Reggaeman,https://commons.wikimedia.org/wiki/File:Bitchu_Matsuyama_Castle_2.JPG
C161,images/C161.jpg,広島市,CC BY-SA 4.0,DXR,"https://commons.wikimedia.org/wiki/File:Atomic_Bomb_Dome_and_Motoyaso_River,_Hiroshima,_Northwest_view_20190417_1.jpg"
C162,images/C162.jpg,廿日市市,CC BY-SA 4.0,Bcxfu75k,https://commons.wikimedia.org/wiki/File:%E5%BB%BF%E6%97%A5%E5%B8%82%E5%B8%82.jpg
C163,images/C163.jpg,尾道市,CC BY-SA 3.0,by Reggaeman,https://commons.wikimedia.org/wiki/File:Onomichi_Jodoji_05.JPG
C164,images/C164.jpg,呉市,CC BY-SA 4.0,水だらけのプール,https://commons.wikimedia.org/wiki/File:Kure_Montage.jpg
C165,images/C165.jpg,山口市,CC BY-SA 3.0,"File:Yamaguchi Xavier Memorial Church.JPG by ja:User:Wiki708(Japanese Wikipedia), Uploaded by User:Olivier2 File:山口県政資料館.jpg by ja:利用者:Bakkai(Japanese Wikipedia), Uploaded by User:Maculosae tegmine lyncis File:Ruriko-ji Temple.JPG by User:JKT-c File:Yamaguchi City.jpg by ja:利用者:Wiki708(Japanese Wikipedia), Uploaded by User:Kzaral File:KDDI Yamaguchi.jpg by User:Naritama Composition by User:Fjkelfeimvvn",https://commons.wikimedia.org/wiki/File:Yamaguchi_montage.jpg
C166,images/C166.jpg,下関市,CC BY-SA 3.0,Yu-ki-na,https://commons.wikimedia.org/wiki/File:Dan-no-ura_kosen-jo.JPG
C167,images/C167.jpg,萩市,CC BY-SA 4.0,ぽこるん,https://commons.wikimedia.org/wiki/File:%E6%9D%BE%E4%B8%8B%E6%9D%91%E5%A1%BE.jpg
C168,images/C168.jpg,岩国市,CC BY-SA 4.0,Jakub Hałun,https://commons.wikimedia.org/wiki/File:20100724_Iwakuni_5235.jpg
C169,images/C169.jpg,徳島市,CC BY-SA 4.0,水だらけのプール,https://commons.wikimedia.org/wiki/File:Tokushima_Montage2.jpg
C170,images/C170.jpg,鳴門市,CC BY-SA 3.0,Hellbuny,https://commons.wikimedia.org/wiki/File:Naruto_Whirlpools_taken_4-21-2008.jpg
C171,images/C171.jpg,三好市,CC BY-SA 4.0,Naokijp,https://commons.wikimedia.org/wiki/File:Koboke_Valleys_001.jpg
C172,images/C172.jpg,上勝町,CC BY-SA 3.0,Reggaeman,https://commons.wikimedia.org/wiki/File:Gecchozan_Jigenji_05.JPG
C173,images/C173.png,高松市,CC BY-SA 3.0,663highland ラハール (composition),https://commons.wikimedia.org/wiki/File:Takamatsu_montage.png
C174,images/C174.jpg,丸亀市,CC BY-SA 3.0,Toto-tarou,https://commons.wikimedia.org/wiki/File:Marugame_Castle01.jpg
C175,images/C175.jpg,小豆島町,CC BY 2.5,663highland,https://commons.wikimedia.org/wiki/File:Shodoshima_Olive_Park_Shodo_Island_Japan21bs3.jpg
C176,images/C176.jpg,琴平町,CC BY 2.5,663highland,https://commons.wikimedia.org/wiki/File:Kotohira-gu04n4500.jpg
C177,images/C177.jpg,直島町,CC BY 2.5,663highland,https://commons.wikimedia.org/wiki/File:150505_Benesse_House_Museum_Naoshima_Kagawa_pref_Japan01b3s5.jpg
C178,images/C178.jpg,松山市,CC BY-SA 3.0,"File:Dōgo Onsen Honkan.jpg by Simon, Uploaded by User:トトト File:Shiki Masaoka stone monument is recognized as one of the symbols of Matsuyama-City.JPG by User:Jyo81 File:Matsuyama Castle Tower(Iyo) JAPAN.JPG by User:Jyo81 File:Matsuyama castle(Iyo)8.JPG by User:Jyo81 File:Ishiteji 04.JPG by User:Reggaeman File:Iyotetsu takashimaya.JPG by User:ぺ有家音 File:Gintengai-Street (MatuyamaCity).JPG by ja:利用者:Taiyaki(Japanese Wikipedia), Uploaded by User:Fjkelfeimvvn Composition by User:Fjkelfeimvvn",https://commons.wikimedia.org/wiki/File:Matsuyama_montage.jpg
C179,images/C179.jpg,今治市,CC0,ぺ有家音,https://commons.wikimedia.org/wiki/File:Imabari_castle.JPG
C180,images/C180.jpg,宇和島市,CC0,ぺ有家音,https://commons.wikimedia.org/wiki/File:Uwazimacastle_tensyu.JPG
C181,images/C181.jpg,高知市,CC BY-SA 3.0,"File:Kochi Katsurahama Daytime 1.JPG by ja:利用者:京浜にけ (Japanese Wikipedia), Uploaded by User:Fjkelfeimvvn File:Kochi Katsurahama Sakamoto Ryoma Statue 2.JPG by ja:利用者:京浜にけ (Japanese Wikipedia), Uploaded by User:Fjkelfeimvvn File:Yosakoi Performers at Kochi Yosakoi Matsuri 2005 74.jpg by やまもも工房, Uploaded by User:Corpse Reviver File:Harimayabashi.JPG by en:User:Nobunaga24 (English Wikipedia), Uploaded by User:Liftarn File:Anpanmantram1.jpg by User:Randwick File:Kochi Castle02s3872.jpg by User:663highland Composition by User:Fjkelfeimvvn",https://commons.wikimedia.org/wiki/File:Kochi_montage.jpg
C182,images/C182.jpg,四万十市,CC0,Saigen Jiro,https://commons.wikimedia.org/wiki/File:Shimanto-gawa_bashi_zenkei-3.jpg
C183,images/C183.jpg,室戸市,CC BY-SA 3.0,Dokudami,https://commons.wikimedia.org/wiki/File:Konngoutyouzi01.jpg
C184,images/C184.jpg,馬路村,CC BY-SA 4.0,ブルーノ・プラス,https://commons.wikimedia.org/wiki/File:Umajispaland_maji_forest_railway3.jpg
C185,images/C185.jpg,宿毛市,CC BY-SA 4.0,Dokudami,https://commons.wikimedia.org/wiki/File:Kanyoutou20220628_1.jpg
C186,images/C186.jpg,福岡市,CC BY-SA 3.0,Composition by JKT-c File:20100718 Fukuoka 2870.jpg by Jakubhal File:Fukuoka City - Watanabe-dori Avenue - 01.JPG by JKT-c File:Hakata gion yamakasa 2006 02.jpg by Pontafon File:Nakasu-yatai.JPG by Mmry0241 File:Hakozakigu01.jpg by Pontafon File:JR Hakata City 2011 Jan.jpg by ぱちょぴ File:Fukuoka castle 2006 01.jpg by Pontafon,https://commons.wikimedia.org/wiki/File:Fukuoka_City_-_Montage_-_01.JPG
C187,images/C187.jpg,北九州市,CC BY-SA 4.0,水だらけのプール,https://commons.wikimedia.org/wiki/File:Kitakyushu_Montage.jpg
C188,images/C188.jpg,太宰府市,CC BY-SA 4.0,Jakub Hałun,https://commons.wikimedia.org/wiki/File:20100719_Dazaifu_Tenmangu_Shrine_3328.jpg
C189,images/C189.jpg,柳川市,CC BY 2.5,663highland,https://commons.wikimedia.org/wiki/File:Fukuoka_Yanagawa03bs3200.jpg
C190,images/C190.jpg,糸島市,CC BY-SA 3.0,STA3816,https://commons.wikimedia.org/wiki/File:Sakurai_Futamigaura.jpg
C191,images/C191.jpg,佐賀市,CC BY-SA 4.0,水だらけのプール,https://commons.wikimedia.org/wiki/File:Saga_Montage.jpg
C192,images/C192.jpg,唐津市,CC BY-SA 4.0,水だらけのプール,https://commons.wikimedia.org/wiki/File:Karatsu_Montage_2.jpg
C193,images/C193.jpg,有田町,CC BY-SA 4.0,そらみみ,https://commons.wikimedia.org/wiki/File:View_of_Arita_Station.jpg
C194,images/C194.jpg,嬉野市,CC BY-SA 4.0,Totti,https://commons.wikimedia.org/wiki/File:Ureshino_onsen.jpg
C195,images/C195.jpg,長崎市,CC BY-SA 3.0,Masoud Akbari,https://commons.wikimedia.org/wiki/File:Oura_Church_view_-_panoramio_(cropped).jpg
C196,images/C196.jpg,佐世保市,CC BY-SA 4.0,水だらけのプール,https://commons.wikimedia.org/wiki/File:Sasebo_Montage.jpg
C197,images/C197.jpg,雲仙市,CC BY-SA 3.0,不明,https://commons.wikimedia.org/wiki/File:Fugendake_02_Pyroplastic_flow_area.JPG
C198,images/C198.jpg,対馬市,CC BY-SA 4.0,Ackeyyama,https://commons.wikimedia.org/wiki/File:Tsushima_Wildlife_Conservation_Center.jpg
C199,images/C199.jpg,五島市,CC BY-SA 3.0,不明,https://commons.wikimedia.org/wiki/File:Osezaki_lighthouse.jpg
C200,images/C200.jpg,熊本市,CC BY-SA 4.0,水だらけのプール,https://commons.wikimedia.org/wiki/File:Kumamoto_Montage.jpg
C201,images/C201.jpg,阿蘇市,CC BY-SA 3.0,Miya.m,https://commons.wikimedia.org/wiki/File:Mt.Aso_and_caldera01.jpg
C202,images/C202.jpg,天草市,CC BY-SA 2.0,Norio NAKAYAMA,https://commons.wikimedia.org/wiki/File:Sakitsu_Church_20120916-01.jpg
C203,images/C203.jpg,人吉市,CC BY-SA 4.0,そらみみ,https://commons.wikimedia.org/wiki/File:Romon_Gate_of_Aoi_Aso_Shrine.jpg
C204,images/C204.jpg,山鹿市,CC BY-SA 4.0,ノブりんご,https://commons.wikimedia.org/wiki/File:%E5%8D%83%E4%BA%BA%E7%87%88%E7%B1%A0%E8%88%9E.jpg
C205,images/C205.jpg,大分市,CC BY-SA 3.0,663highland Papyrus Heartoftheworld 大分帰省中 Composition by Kyoww,https://commons.wikimedia.org/wiki/File:Oita_montage.jpg
C206,images/C206.jpg,別府市,CC BY-SA 4.0,水だらけのプール,https://commons.wikimedia.org/wiki/File:Beppu_Montage_2.jpg
C207,images/C207.jpg,由布市,CC BY-SA 3.0,takasunrise0921,https://commons.wikimedia.org/wiki/File:Yuhudake.jpg
C208,images/C208.jpg,日田市,CC BY-SA 3.0,Mukai,https://commons.wikimedia.org/wiki/File:Gionn_Festival_Hita_Ooita.jpg
C209,images/C209.jpg,中津市,CC BY-SA 3.0,STA3816,https://commons.wikimedia.org/wiki/File:Former_Residence_of_Fukuzawa_Yukichi.jpg
C210,images/C210.jpg,宮崎市,CC BY-SA 4.0,水だらけのプール,https://commons.wikimedia.org/wiki/File:Miyazaki_Montage.jpg
C211,images/C211.jpg,高千穂町,CC BY 3.0,Ippukucho,https://commons.wikimedia.org/wiki/File:TakachihokyoWithManaiFalls.JPG
C212,images/C212.jpg,日南市,CC BY 3.0,JKT-c,https://commons.wikimedia.org/wiki/File:Udo-jingu_Shrine.jpg
C213,images/C213.jpg,えびの市,CC BY 2.5,663highland,https://commons.wikimedia.org/wiki/File:Ebino_Plateau03n4592.jpg
C214,images/C214.jpg,都城市,CC BY-SA 3.0,ja:User:Sanjo,https://commons.wikimedia.org/wiki/File:Miyakonojo_Simazu_Residence_01.JPG
C215,images/C215.jpg,鹿児島市,CC BY-SA 4.0,水だらけのプール,https://commons.wikimedia.org/wiki/File:Kagoshima_Montage.jpg
C216,images/C216.jpg,指宿市,CC BY-SA 4.0,ふゆきぃぃぃ,https://commons.wikimedia.org/wiki/File:%E8%A5%BF%E5%A4%A7%E5%B1%B1%E9%A7%85_%E9%96%8B%E8%81%9E%E5%B2%B3.jpg
C217,images/C217.jpg,屋久島町,CC BY 4.0,Σ64,https://commons.wikimedia.org/wiki/File:Shiratani_Unsui_Gorge_18.jpg
C218,images/C218.jpg,奄美市,CC BY-SA 4.0,Ubuhouse,https://commons.wikimedia.org/wiki/File:Oohamakaihinkouen.jpg
C219,images/C219.png,霧島市,CC BY-SA 3.0,STA3816 Ray go 663highland Composition by Sakoppi,https://commons.wikimedia.org/wiki/File:Kirishima_montage.png
C220,images/C220.jpg,枕崎市,CC BY 2.1 jp,日:Jnn,https://commons.wikimedia.org/wiki/File:Tategami-Rock6983.JPG
C221,images/C221.jpg,那覇市,CC BY-SA 3.0,663highland nnh Composition by Kyoww,https://commons.wikimedia.org/wiki/File:Naha_montage.jpg
C222,images/C222.jpg,石垣市,CC BY-SA 3.0,mti,https://commons.wikimedia.org/wiki/File:Ishigaki_montage.JPG
C223,images/C223.jpg,宮古島市,CC BY-SA 4.0,Paipateroma,https://commons.wikimedia.org/wiki/File:Miyako_maipama_1.jpg
C224,images/C224.jpg,うるま市,CC BY-SA 3.0,"File:Nakabaru Historic Site 2.jpg by Hideyuki KAMON File:Bulls Ishikawa, Okinawa 2007.jpg by Lance Cpl. Tyler J. Hlavac, United States Marine Corps File:Katsuren Castle ruins.jpg by kanegen File:Kaichu-Doro.jpg by On-chan File:20100526金武湾.JPG by Sonata This montage image is created by Kugel.",https://commons.wikimedia.org/wiki/File:Uruma_Montage.jpg
C225,images/C225.jpg,南風原町,Public domain,えぬ,https://commons.wikimedia.org/wiki/File:Okinawa_Prefectural_Archives.jpg
C226,images/C226.jpg,恩納村,CC BY-SA 3.0,FoxyStranger Kawasaki,https://commons.wikimedia.org/wiki/File:Cape_Manza_-_panoramio.jpg
C227,images/C227.jpg,竹富町,CC BY 2.0,maru0522,https://commons.wikimedia.org/wiki/File:Taketomi_island_-_West_jetty.jpg
P01,images/P01.jpg,北海道,CC BY 2.0,satoshi sawada,https://commons.wikimedia.org/wiki/File:Tokachi_plain_01.jpg
P02,images/P02.jpg,青森県,CC0,Wmpearl,https://commons.wikimedia.org/wiki/File:Float_at_Nebuta_Museum_Waarasse_I.JPG
P03,images/P03.jpg,岩手県,CC BY-SA 4.0,663highland,https://commons.wikimedia.org/wiki/File:230728_Chusonji_Hiraizumi_Iwate_pref_Japan01s3.jpg
P04,images/P04.jpg,宮城県,CC BY 4.0,Makoto_Lab,https://commons.wikimedia.org/wiki/File:Miyagi-Landscape_of_cherry_blossoms_and_Matsushima_Bay-xl.jpg
P05,images/P05.jpg,秋田県,CC BY-SA 3.0,STB-1,https://commons.wikimedia.org/wiki/File:Hiru_kanto_1.jpg
P06,images/P06.jpg,山形県,CC BY-SA 2.0,Jun K,https://commons.wikimedia.org/wiki/File:Gassan_(5693125340).jpg
P07,images/P07.jpg,福島県,CC BY-SA 3.0,日本語版ウィキペディアの京浜にけさん,https://ja.wikipedia.org/wiki/%E3%83%95%E3%82%A1%E3%82%A4%E3%83%AB:Miharu_Miharu-Takizakura_Front_1.JPG
P08,images/P08.jpg,茨城県,CC BY-SA 3.0,Polimerek,https://commons.wikimedia.org/wiki/File:Mount_Tsukuba_2.jpg
P09,images/P09.jpg,栃木県,CC BY-SA 4.0,Koichi Sato,https://commons.wikimedia.org/wiki/File:Nikko_toshogu_shrine.jpg
P10,images/P10.jpg,群馬県,CC BY-SA 4.0,photo: Qurren (トーク) Taken with Canon PowerShot G9 X,https://commons.wikimedia.org/wiki/File:Mount_Haruna_view_from_Hokkitsu_Onsen_Tachibana_no_sato_Shiroyama_(cropped).jpg
P11,images/P11.jpg,埼玉県,CC BY-SA 3.0,User:PRiMENON,https://commons.wikimedia.org/wiki/File:Japanese_Saitama_Shintoshin_west_building.jpg
P12,images/P12.jpg,千葉県,CC BY-SA 3.0,Hoku-sou-san,https://commons.wikimedia.org/wiki/File:Naritasan-Shinshoji-Temple-2008.jpg
P13,images/P13.jpg,東京都,CC BY-SA 4.0,Kestrel,https://commons.wikimedia.org/wiki/File:Tokyo_Station_Marunouchi_Building_P5228787.jpg
P14,images/P14.jpg,神奈川県,CC BY-SA 4.0,Japanbird,https://commons.wikimedia.org/wiki/File:%E6%A8%AA%E6%B5%9C%E3%81%BF%E3%81%AA%E3%81%A8%E3%81%BF%E3%82%89%E3%81%84%E5%9C%B0%E5%8C%BA.jpg
P15,images/P15.jpg,新潟県,CC BY 4.0,Yasuyuki_Kawano,https://commons.wikimedia.org/wiki/File:Find47_Niigata-Kiyotsu_Gorge_Tunnel-m.jpg
P16,images/P16.jpg,富山県,CC BY-SA 4.0,タチヤマカムイ,https://commons.wikimedia.org/wiki/File:Toyamaken-top.JPG
P17,images/P17.jpg,石川県,CC BY-SA 3.0,Japanexperterna.se,https://commons.wikimedia.org/wiki/File:Stone_lantern_Kenrokuen.jpg
P18,images/P18.jpg,福井県,CC BY 2.5,663highland,https://commons.wikimedia.org/wiki/File:Japan_Tojinbo02n4592.jpg
P19,images/P19.jpg,山梨県,CC BY 3.0,Midori,https://commons.wikimedia.org/wiki/File:Lake_Kawaguchiko_Sakura_Mount_Fuji_3.JPG
P20,images/P20.jpg,長野県,CC0,Alpsdake,https://commons.wikimedia.org/wiki/File:Mount_Shirouma_from_Mount_Korenge_2000-7-31.jpg
P21,images/P21.jpg,岐阜県,CC BY-SA 3.0,Jordy Meow,https://commons.wikimedia.org/wiki/File:Shirakawago.jpg
P22,images/P22.jpg,静岡県,CC BY-SA 4.0,MaedaAkihiko,https://commons.wikimedia.org/wiki/File:Mt.Fuji-Osezaki.jpg
P23,images/P23.jpg,愛知県,CC BY-SA 4.0,Bariston,https://commons.wikimedia.org/wiki/File:Tenshuhonmaru.jpg
P24,images/P24.jpg,三重県,CC BY-SA 4.0,Kanchi1979,https://commons.wikimedia.org/wiki/File:JP-Mie-Ise-Grand-Shrine-Main-Gate.jpg
P25,images/P25.jpg,滋賀県,CC BY 2.5,663highland,https://commons.wikimedia.org/wiki/File:Chikubusumajinja01s3200.jpg
P26,images/P26.jpg,京都府,CC0,Sorasak boontohhgraphy,"https://commons.wikimedia.org/wiki/File:Kyoto,_Japan_(Unsplash_UIN-pFfJ7c).jpg"
P27,images/P27.jpg,大阪府,CC BY 2.5,663highland,https://commons.wikimedia.org/wiki/File:Osaka_Castle_03bs3200.jpg
P28,images/P28.jpg,兵庫県,CC BY-SA 4.0,Nikos Kitsakis,https://commons.wikimedia.org/wiki/File:Himeji_castle_in_may_2015.jpg
P29,images/P29.jpg,奈良県,CC BY-SA 3.0,Wiiii,https://commons.wikimedia.org/wiki/File:T%C5%8Ddai-ji_Kon-d%C5%8D.jpg
P30,images/P30.jpg,和歌山県,CC BY-SA 4.0,Suikotei,https://commons.wikimedia.org/wiki/File:Nachi_Falls_201908-2.jpg
P31,images/P31.jpg,鳥取県,CC BY-SA 3.0,Hashi photo,https://commons.wikimedia.org/wiki/File:Tottori-Sakyu_Tottori_Japan.JPG
P32,images/P32.jpg,島根県,CC BY-SA 4.0,MaedaAkihiko,https://commons.wikimedia.org/wiki/File:Izumo-Taisha_Haiden.jpg
P33,images/P33.jpg,岡山県,CC BY 3.0,Fjkelfeimvvn,https://commons.wikimedia.org/wiki/File:Okayama_Korakuen_Garden01.jpg
P34,images/P34.jpg,広島県,CC BY 3.0,File:Torii and Itsukushima Shrine.jpg by User:Bernard Gagnon File:Hiroshima Peace Memorial 2008 02.JPG by User:Taisyo File:Senkojiyama ropeway01n3200.jpg by User:663highland File:Sensuizima.jpg by User:As6022014 File:Osorakan ski resort.jpg by User:As6673 File:Kamotsuru Sake Brewing.jpg by User:Rfyuya File:ロマン・ビーチ県民の浜.jpg by User:Ubuhouse File:Carp VS Baffaloes 2009 (in MAZDA Zoom-Zoom Stadium).JPG by User:HKT3012 File:Big Arch Stadium Panorama.jpg by User:Vickerman625,https://commons.wikimedia.org/wiki/File:Montages_of_Hiroshima_prefecture.jpg
P35,images/P35.jpg,山口県,CC BY-SA 3.0,日本語版ウィキペディアの池田賢一郎さん,https://commons.wikimedia.org/wiki/File:%E7%A7%8B%E5%90%89%E5%8F%B0%E9%A2%A8%E6%99%AF.jpg
P36,images/P36.jpg,徳島県,CC BY-SA 3.0,katorisi,"https://commons.wikimedia.org/wiki/File:Onaruto-bridge_and_Naruto_Channel,Naruto-city,Japan.JPG"
P37,images/P37.jpg,香川県,CC BY 2.0,sekido,"https://commons.wikimedia.org/wiki/File:Kama-age_sanuki_udon_by_sekido_in_Takamatsu,_Kagawa.jpg"
P38,images/P38.jpg,愛媛県,CC BY 2.0,Arnaud Malon,https://commons.wikimedia.org/wiki/File:D%C5%8Dgo_Onsen.jpg
P39,images/P39.jpg,高知県,CC BY-SA 3.0,京浜にけ,https://ja.wikipedia.org/wiki/%E3%83%95%E3%82%A1%E3%82%A4%E3%83%AB:Shimanto_River_And_Iwama_Bridge_1.JPG
P40,images/P40.jpg,福岡県,CC BY-SA 4.0,Jakub Hałun,https://commons.wikimedia.org/wiki/File:20100719_Dazaifu_Tenmangu_Shrine_3328.jpg
P41,images/P41.jpg,佐賀県,CC0,Saigen Jiro,https://commons.wikimedia.org/wiki/File:Yoshinogari-iseki_zenkei.JPG
P42,images/P42.jpg,長崎県,Public domain,Fg2,https://commons.wikimedia.org/wiki/File:Nagasaki-Glover-Garden-5415.jpg
P43,images/P43.jpg,熊本県,CC BY-SA 3.0,Miya.m,https://commons.wikimedia.org/wiki/File:Mt.Aso_and_caldera01.jpg
P44,images/P44.jpg,大分県,CC BY 2.5,663highland,https://commons.wikimedia.org/wiki/File:Beppu_Umi-jigoku04n4272.jpg
P45,images/P45.jpg,宮崎県,CC BY 3.0,Ippukucho,https://commons.wikimedia.org/wiki/File:NichinanKaigan.JPG
P46,images/P46.jpg,鹿児島県,CC BY-SA 4.0,Hiroaki Kikuchi,https://commons.wikimedia.org/wiki/File:Isoteien-sakurajima2.jpg
P47,images/P47.jpg,沖縄県,CC BY 2.5,663highland,https://commons.wikimedia.org/wiki/File:Naha_Shuri_Castle16s5s3200.jpg
S01,images/S01.jpg,富士山,CC0,Gifu-sizu,https://commons.wikimedia.org/wiki/File:Mt.Fuji_from_Mierula.jpg
S02,images/S02.jpg,鹿苑寺,CC BY-SA 4.0,Kakidai,https://commons.wikimedia.org/wiki/File:Kinkaku-ji_2015.JPG
S03,images/S03.jpg,清水寺,CC BY-SA 4.0,Martin Falbisoner,"https://commons.wikimedia.org/wiki/File:Kiyomizu-dera,_Kyoto,_November_2016_-02.jpg"
S04,images/S04.jpg,伏見稲荷大社,CC0,Saigen Jiro,"https://commons.wikimedia.org/wiki/File:Fushimiinari-taisha,_gehaiden-1.jpg"
S05,images/S05.jpg,東大寺,CC0,Mont Blank rich,https://commons.wikimedia.org/wiki/File:%E6%9D%B1%E5%A4%A7%E5%AF%BA_%E5%A4%A7%E4%BB%8F%E6%AE%BF%EF%BC%882024%E5%B9%B4%EF%BC%89.jpg
S06,images/S06.jpg,厳島神社,CC BY-SA 2.0,redlegsfan21,https://commons.wikimedia.org/wiki/File:Itsukushima_Shrine_Torii_Gate_(13890465459).jpg
S07,images/S07.jpg,姫路城,CC BY-SA 4.0,Nikos Kitsakis,https://commons.wikimedia.org/wiki/File:Himeji_castle_in_may_2015.jpg
S08,images/S08.jpg,大坂城,CC BY 4.0,KishujiRapid,https://commons.wikimedia.org/wiki/File:Osaka_Castle_and_Osaka_Business_Park_20260610.jpg
S09,images/S09.jpg,道頓堀,CC BY-SA 3.0,Type specimen,https://commons.wikimedia.org/wiki/File:Osaka_Dotonbori_Ebisu_Bridge.jpg
S10,images/S10.jpg,東京タワー,CC0,Mont Blank rich,https://commons.wikimedia.org/wiki/File:%E6%97%A5%E6%9C%AC%E9%9B%BB%E6%B3%A2%E5%A1%94%EF%BC%88%E6%9D%B1%E4%BA%AC%E3%82%BF%E3%83%AF%E3%83%BC%EF%BC%89.jpg
S11,images/S11.jpg,東京スカイツリー,CC BY-SA 3.0,Kakidai,https://commons.wikimedia.org/wiki/File:Tokyo_Skytree_2014_%E2%85%A2.jpg
S12,images/S12.jpg,浅草寺,CC BY-SA 4.0,Asturio Cantabrio,https://commons.wikimedia.org/wiki/File:Asakusa_Senso-ji_2021-12_ac_(2).jpg
S13,images/S13.jpg,渋谷スクランブル交差点,CC BY-SA 4.0,Kakidai,https://commons.wikimedia.org/wiki/File:2018_Shibuya_Crossing.jpg
S14,images/S14.jpg,伊勢神宮,CC0,Ocdp,https://commons.wikimedia.org/wiki/File:Naiku_001.jpg
S15,images/S15.jpg,出雲大社,CC0,Saigen Jiro,https://commons.wikimedia.org/wiki/File:Haiden_of_Izumo-taisha-1.JPG
S16,images/S16.jpg,日光東照宮,CC BY-SA 4.0,Jpatokal,https://commons.wikimedia.org/wiki/File:Nikko_Toshogu_Yomeimon_Gate_2024.jpg
S17,images/S17.jpg,白川郷,CC BY-SA 4.0,Alpsdake,https://commons.wikimedia.org/wiki/File:Shirakawa-go_(2017-07-22).jpg
S18,images/S18.jpg,兼六園,CC BY 2.5,Oilstreet,https://commons.wikimedia.org/wiki/File:Kenrokuen10-r.jpg
S19,images/S19.jpg,通天閣,CC0,Sakai Yayoi,https://commons.wikimedia.org/wiki/File:Tsutenkaku_108m.jpg
S20,images/S20.jpg,札幌市時計台,CC0,Balon Greyjoy,https://commons.wikimedia.org/wiki/File:20200119_Sapporo_Clock_Tower.jpg
S21,images/S21.jpg,首里城,CC BY-SA 3.0,"CEphoto, Uwe Aranas",https://commons.wikimedia.org/wiki/File:Naha_Okinawa_Japan_Shuri-Castle-01.jpg
S22,images/S22.png,桜島,CC BY-SA 3.0,Lincun,https://commons.wikimedia.org/wiki/File:Japan_Map_Lincun.svg
S23,images/S23.jpg,富岡製糸場,Public domain,Hasec,https://commons.wikimedia.org/wiki/File:Tomioka_Silk_Mill_East_Cocoon_Warehouse05.jpg
S24,images/S24.png,端島 (長崎県),CC BY-SA 3.0,Hisagi (氷鷺),https://commons.wikimedia.org/wiki/File:Nagasaki_Hashima_01.png
S25,images/S25.jpg,鳥取砂丘,CC BY-SA 3.0,Hashi photo,https://commons.wikimedia.org/wiki/File:Tottori-Sakyu_Tottori_Japan.JPG
S26,images/S26.jpg,琵琶湖,CC BY-SA 3.0,Global Land Cover Facility (GLCF),https://commons.wikimedia.org/wiki/File:Lake_biwa.jpg
S27,images/S27.jpg,名古屋城,CC BY-SA 4.0,Bariston,https://commons.wikimedia.org/wiki/File:Nagoya_Castle_7.jpg
C228,https://upload.wikimedia.org/wikipedia/commons/thumb/8/8f/Muroran_Montage.jpg/500px-Muroran_Montage.jpg,室蘭市,(Wikipedia代表画像),Wikimedia Commons,https://ja.wikipedia.org/wiki/%E5%AE%A4%E8%98%AD%E5%B8%82
C229,https://upload.wikimedia.org/wikipedia/commons/thumb/3/37/Kushiro_Montage.jpg/500px-Kushiro_Montage.jpg,釧路市,(Wikipedia代表画像),Wikimedia Commons,https://ja.wikipedia.org/wiki/%E9%87%A7%E8%B7%AF%E5%B8%82
C230,https://upload.wikimedia.org/wikipedia/commons/thumb/6/6f/Obihiro_Montage.jpg/500px-Obihiro_Montage.jpg,帯広市,(Wikipedia代表画像),Wikimedia Commons,https://ja.wikipedia.org/wiki/%E5%B8%AF%E5%BA%83%E5%B8%82
C231,https://upload.wikimedia.org/wikipedia/commons/thumb/2/2d/Kitami_Montage_2.jpg/500px-Kitami_Montage_2.jpg,北見市,(Wikipedia代表画像),Wikimedia Commons,https://ja.wikipedia.org/wiki/%E5%8C%97%E8%A6%8B%E5%B8%82
C232,https://upload.wikimedia.org/wikipedia/commons/thumb/f/f0/Iwamizawa_Montage.jpg/500px-Iwamizawa_Montage.jpg,岩見沢市,(Wikipedia代表画像),Wikimedia Commons,https://ja.wikipedia.org/wiki/%E5%B2%A9%E8%A6%8B%E6%B2%A2%E5%B8%82
C233,https://upload.wikimedia.org/wikipedia/commons/thumb/9/9c/Abashiri_Montage.jpg/500px-Abashiri_Montage.jpg,網走市,(Wikipedia代表画像),Wikimedia Commons,https://ja.wikipedia.org/wiki/%E7%B6%B2%E8%B5%B0%E5%B8%82
C234,https://upload.wikimedia.org/wikipedia/commons/thumb/6/62/%E9%BB%84%E9%87%91%E5%B2%AC%E6%B5%B7%E6%B5%9C%E5%85%AC%E5%9C%92%EF%BC%88Gold_Cape_Seaside_Park%EF%BC%89_-_panoramio_%281%29.jpg/500px-%E9%BB%84%E9%87%91%E5%B2%AC%E6%B5%B7%E6%B5%9C%E5%85%AC%E5%9C%92%EF%BC%88Gold_Cape_Seaside_Park%EF%BC%89_-_panoramio_%281%29.jpg,留萌市,(Wikipedia代表画像),Wikimedia Commons,https://ja.wikipedia.org/wiki/%E7%95%99%E8%90%8C%E5%B8%82
C235,https://upload.wikimedia.org/wikipedia/commons/thumb/d/db/Tomakomai_Montage.jpg/500px-Tomakomai_Montage.jpg,苫小牧市,(Wikipedia代表画像),Wikimedia Commons,https://ja.wikipedia.org/wiki/%E8%8B%AB%E5%B0%8F%E7%89%A7%E5%B8%82
C236,https://upload.wikimedia.org/wikipedia/commons/thumb/3/3a/Wakkanai_montage.jpg/500px-Wakkanai_montage.jpg,稚内市,(Wikipedia代表画像),Wikimedia Commons,https://ja.wikipedia.org/wiki/%E7%A8%9A%E5%86%85%E5%B8%82
C237,https://upload.wikimedia.org/wikipedia/commons/thumb/8/83/Ja-hokkaido-artepiazzabibai-3.jpg/500px-Ja-hokkaido-artepiazzabibai-3.jpg,美唄市,(Wikipedia代表画像),Wikimedia Commons,https://ja.wikipedia.org/wiki/%E7%BE%8E%E5%94%84%E5%B8%82
C238,https://upload.wikimedia.org/wikipedia/commons/thumb/7/71/CanadianWorld_GreenGables.jpg/500px-CanadianWorld_GreenGables.jpg,芦別市,(Wikipedia代表画像),Wikimedia Commons,https://ja.wikipedia.org/wiki/%E8%8A%A6%E5%88%A5%E5%B8%82
C239,https://upload.wikimedia.org/wikipedia/commons/thumb/a/a6/Kyu-hida-factory.JPG/500px-Kyu-hida-factory.JPG,江別市,(Wikipedia代表画像),Wikimedia Commons,https://ja.wikipedia.org/wiki/%E6%B1%9F%E5%88%A5%E5%B8%82
C240,https://upload.wikimedia.org/wikipedia/commons/thumb/c/cc/Sumitomo_Akabira_Coal_Mine_20060502.jpg/500px-Sumitomo_Akabira_Coal_Mine_20060502.jpg,赤平市,(Wikipedia代表画像),Wikimedia Commons,https://ja.wikipedia.org/wiki/%E8%B5%A4%E5%B9%B3%E5%B8%82
C241,https://upload.wikimedia.org/wikipedia/commons/7/79/Monbetsu_montage.JPG,紋別市,(Wikipedia代表画像),Wikimedia Commons,https://ja.wikipedia.org/wiki/%E7%B4%8B%E5%88%A5%E5%B8%82
C242,https://upload.wikimedia.org/wikipedia/commons/thumb/f/f0/Sheep_and_cloud_hill_2023-05-20%284%29_as.jpg/500px-Sheep_and_cloud_hill_2023-05-20%284%29_as.jpg,士別市,(Wikipedia代表画像),Wikimedia Commons,https://ja.wikipedia.org/wiki/%E5%A3%AB%E5%88%A5%E5%B8%82
C243,https://upload.wikimedia.org/wikipedia/commons/thumb/d/db/%E3%83%94%E3%83%A4%E3%82%B7%E3%83%AA%E3%82%B9%E3%82%AD%E3%83%BC%E5%A0%B42.jpg/500px-%E3%83%94%E3%83%A4%E3%82%B7%E3%83%AA%E3%82%B9%E3%82%AD%E3%83%BC%E5%A0%B42.jpg,名寄市,(Wikipedia代表画像),Wikimedia Commons,https://ja.wikipedia.org/wiki/%E5%90%8D%E5%AF%84%E5%B8%82
C244,https://upload.wikimedia.org/wikipedia/commons/thumb/0/0b/Mikasa_02.JPG/500px-Mikasa_02.JPG,三笠市,(Wikipedia代表画像),Wikimedia Commons,https://ja.wikipedia.org/wiki/%E4%B8%89%E7%AC%A0%E5%B8%82
C245,https://upload.wikimedia.org/wikipedia/commons/thumb/f/f6/CapeNosappu.jpg/500px-CapeNosappu.jpg,根室市,(Wikipedia代表画像),Wikimedia Commons,https://ja.wikipedia.org/wiki/%E6%A0%B9%E5%AE%A4%E5%B8%82
C246,https://upload.wikimedia.org/wikipedia/commons/thumb/6/66/Chitose_Montage.jpg/500px-Chitose_Montage.jpg,千歳市,(Wikipedia代表画像),Wikimedia Commons,https://ja.wikipedia.org/wiki/%E5%8D%83%E6%AD%B3%E5%B8%82
C247,https://upload.wikimedia.org/wikipedia/commons/thumb/1/11/Takigawa_grider_take_off.jpg/500px-Takigawa_grider_take_off.jpg,滝川市,(Wikipedia代表画像),Wikimedia Commons,https://ja.wikipedia.org/wiki/%E6%BB%9D%E5%B7%9D%E5%B8%82
C248,https://upload.wikimedia.org/wikipedia/commons/thumb/f/f8/%E3%82%BD%E3%83%A1%E3%82%B9%E3%82%B5%E3%83%89%E3%83%AB%EF%BC%88SOM%C3%89S_SADDLE_Co%2CLtd.%EF%BC%89_-_panoramio.jpg/500px-%E3%82%BD%E3%83%A1%E3%82%B9%E3%82%B5%E3%83%89%E3%83%AB%EF%BC%88SOM%C3%89S_SADDLE_Co%2CLtd.%EF%BC%89_-_panoramio.jpg,砂川市,(Wikipedia代表画像),Wikimedia Commons,https://ja.wikipedia.org/wiki/%E7%A0%82%E5%B7%9D%E5%B8%82
C249,https://upload.wikimedia.org/wikipedia/commons/thumb/d/de/Kanashibeturomanza_001.JPG/500px-Kanashibeturomanza_001.JPG,歌志内市,(Wikipedia代表画像),Wikimedia Commons,https://ja.wikipedia.org/wiki/%E6%AD%8C%E5%BF%97%E5%86%85%E5%B8%82
C250,https://upload.wikimedia.org/wikipedia/commons/thumb/a/a9/Kunimi_pass.JPG/500px-Kunimi_pass.JPG,深川市,(Wikipedia代表画像),Wikimedia Commons,https://ja.wikipedia.org/wiki/%E6%B7%B1%E5%B7%9D%E5%B8%82
C251,https://upload.wikimedia.org/wikipedia/commons/thumb/e/eb/Ecorin-mura2.jpg/500px-Ecorin-mura2.jpg,恵庭市,(Wikipedia代表画像),Wikimedia Commons,https://ja.wikipedia.org/wiki/%E6%81%B5%E5%BA%AD%E5%B8%82
C252,https://upload.wikimedia.org/wikipedia/commons/thumb/c/c8/Kitakogane.jpg/500px-Kitakogane.jpg,伊達市 (北海道),(Wikipedia代表画像),Wikimedia Commons,https://ja.wikipedia.org/wiki/%E4%BC%8A%E9%81%94%E5%B8%82%20(%E5%8C%97%E6%B5%B7%E9%81%93)
C253,https://upload.wikimedia.org/wikipedia/commons/thumb/f/f4/%E3%82%A8%E3%82%B9%E3%82%B3%E3%83%B3%E3%83%95%E3%82%A3%E3%83%BC%E3%83%AB%E3%83%89%E5%8C%97%E6%B5%B7%E9%81%93%E3%82%92%E3%80%81%E7%89%B9%E5%BE%B4%E7%9A%84%E3%81%AA%E3%82%AC%E3%83%A9%E3%82%B9%E5%BC%B5%E3%82%8A%E3%81%AE%E9%83%A8%E5%88%86%E3%82%92%E6%92%AE%E5%BD%B1%E3%81%97%E3%81%9F%E7%94%BB%E5%83%8F.jpg/500px-%E3%82%A8%E3%82%B9%E3%82%B3%E3%83%B3%E3%83%95%E3%82%A3%E3%83%BC%E3%83%AB%E3%83%89%E5%8C%97%E6%B5%B7%E9%81%93%E3%82%92%E3%80%81%E7%89%B9%E5%BE%B4%E7%9A%84%E3%81%AA%E3%82%AC%E3%83%A9%E3%82%B9%E5%BC%B5%E3%82%8A%E3%81%AE%E9%83%A8%E5%88%86%E3%82%92%E6%92%AE%E5%BD%B1%E3%81%97%E3%81%9F%E7%94%BB%E5%83%8F.jpg,北広島市,(Wikipedia代表画像),Wikimedia Commons,https://ja.wikipedia.org/wiki/%E5%8C%97%E5%BA%83%E5%B3%B6%E5%B8%82
C254,https://upload.wikimedia.org/wikipedia/commons/thumb/0/0a/Ishikari_Lighthouse.jpg/500px-Ishikari_Lighthouse.jpg,石狩市,(Wikipedia代表画像),Wikimedia Commons,https://ja.wikipedia.org/wiki/%E7%9F%B3%E7%8B%A9%E5%B8%82
C255,https://upload.wikimedia.org/wikipedia/commons/thumb/9/98/Cherry_blossoms_and_the_Gate_of_Entrance_of_Tobetsu_Trappist_Monastery.JPG/500px-Cherry_blossoms_and_the_Gate_of_Entrance_of_Tobetsu_Trappist_Monastery.JPG,北斗市,(Wikipedia代表画像),Wikimedia Commons,https://ja.wikipedia.org/wiki/%E5%8C%97%E6%96%97%E5%B8%82
C256,https://upload.wikimedia.org/wikipedia/commons/thumb/7/78/%E5%AD%A6%E7%BF%92%E3%82%BB%E3%83%B3%E3%82%BF%E3%83%BC%EF%BC%88%E7%A5%9E%E5%B1%85%E5%B0%BB%E5%9C%B0%E5%8C%BA%EF%BC%89.jpg/500px-%E5%AD%A6%E7%BF%92%E3%82%BB%E3%83%B3%E3%82%BF%E3%83%BC%EF%BC%88%E7%A5%9E%E5%B1%85%E5%B0%BB%E5%9C%B0%E5%8C%BA%EF%BC%89.jpg,当別町,(Wikipedia代表画像),Wikimedia Commons,https://ja.wikipedia.org/wiki/%E5%BD%93%E5%88%A5%E7%94%BA
C257,https://upload.wikimedia.org/wikipedia/commons/thumb/7/74/Tappu_Ohashi.jpg/500px-Tappu_Ohashi.jpg,新篠津村,(Wikipedia代表画像),Wikimedia Commons,https://ja.wikipedia.org/wiki/%E6%96%B0%E7%AF%A0%E6%B4%A5%E6%9D%91
C258,https://upload.wikimedia.org/wikipedia/commons/thumb/b/bb/%E6%9D%BE%E5%89%8D%E5%9F%8E.JPG/500px-%E6%9D%BE%E5%89%8D%E5%9F%8E.JPG,松前町 (北海道),(Wikipedia代表画像),Wikimedia Commons,https://ja.wikipedia.org/wiki/%E6%9D%BE%E5%89%8D%E7%94%BA%20(%E5%8C%97%E6%B5%B7%E9%81%93)
C259,https://upload.wikimedia.org/wikipedia/commons/thumb/f/fd/Yokozuna_Ciyonoyama-Chiyonofuji_kinenkan.jpg/500px-Yokozuna_Ciyonoyama-Chiyonofuji_kinenkan.jpg,福島町,(Wikipedia代表画像),Wikimedia Commons,https://ja.wikipedia.org/wiki/%E7%A6%8F%E5%B3%B6%E7%94%BA
C260,https://upload.wikimedia.org/wikipedia/commons/thumb/b/bc/Shiriuchi_spa2_Hokkaido%2CJAPAN.jpg/500px-Shiriuchi_spa2_Hokkaido%2CJAPAN.jpg,知内町,(Wikipedia代表画像),Wikimedia Commons,https://ja.wikipedia.org/wiki/%E7%9F%A5%E5%86%85%E7%94%BA
C261,https://upload.wikimedia.org/wikipedia/commons/thumb/b/be/180115mifogifes01.jpg/500px-180115mifogifes01.jpg,木古内町,(Wikipedia代表画像),Wikimedia Commons,https://ja.wikipedia.org/wiki/%E6%9C%A8%E5%8F%A4%E5%86%85%E7%94%BA
C262,https://upload.wikimedia.org/wikipedia/commons/thumb/3/37/%C5%8Cnuma-K%C5%8Den03.jpg/500px-%C5%8Cnuma-K%C5%8Den03.jpg,七飯町,(Wikipedia代表画像),Wikimedia Commons,https://ja.wikipedia.org/wiki/%E4%B8%83%E9%A3%AF%E7%94%BA
C263,https://upload.wikimedia.org/wikipedia/commons/thumb/5/58/Sikabe_kanketusen_2005.jpg/500px-Sikabe_kanketusen_2005.jpg,鹿部町,(Wikipedia代表画像),Wikimedia Commons,https://ja.wikipedia.org/wiki/%E9%B9%BF%E9%83%A8%E7%94%BA
C264,https://upload.wikimedia.org/wikipedia/commons/thumb/1/1d/Mori_station-20110827-For_Komagatake.jpg/500px-Mori_station-20110827-For_Komagatake.jpg,森町 (北海道),(Wikipedia代表画像),Wikimedia Commons,https://ja.wikipedia.org/wiki/%E6%A3%AE%E7%94%BA%20(%E5%8C%97%E6%B5%B7%E9%81%93)
C265,https://upload.wikimedia.org/wikipedia/commons/thumb/9/93/Yakumo_PA_Yakumo-cho_view_2014.JPG/500px-Yakumo_PA_Yakumo-cho_view_2014.JPG,八雲町,(Wikipedia代表画像),Wikimedia Commons,https://ja.wikipedia.org/wiki/%E5%85%AB%E9%9B%B2%E7%94%BA
C266,https://upload.wikimedia.org/wikipedia/commons/thumb/c/c5/%E5%A7%A5%E7%A5%9E%E5%A4%A7%E7%A5%9E%E5%AE%AE%E5%89%8D%E3%81%AB%E9%9B%86%E5%90%88%E3%81%99%E3%82%8B%E5%B1%B1%E8%BB%8A2.jpg/500px-%E5%A7%A5%E7%A5%9E%E5%A4%A7%E7%A5%9E%E5%AE%AE%E5%89%8D%E3%81%AB%E9%9B%86%E5%90%88%E3%81%99%E3%82%8B%E5%B1%B1%E8%BB%8A2.jpg,江差町,(Wikipedia代表画像),Wikimedia Commons,https://ja.wikipedia.org/wiki/%E6%B1%9F%E5%B7%AE%E7%94%BA
C267,https://upload.wikimedia.org/wikipedia/commons/thumb/3/39/Kaminokuni_Katuyamadate.jpg/500px-Kaminokuni_Katuyamadate.jpg,上ノ国町,(Wikipedia代表画像),Wikimedia Commons,https://ja.wikipedia.org/wiki/%E4%B8%8A%E3%83%8E%E5%9B%BD%E7%94%BA
C268,https://upload.wikimedia.org/wikipedia/commons/thumb/2/24/%E9%A4%A8%E5%9F%8E%E8%B7%A1%E3%81%AE%E6%A1%9C.jpg/500px-%E9%A4%A8%E5%9F%8E%E8%B7%A1%E3%81%AE%E6%A1%9C.jpg,厚沢部町,(Wikipedia代表画像),Wikimedia Commons,https://ja.wikipedia.org/wiki/%E5%8E%9A%E6%B2%A2%E9%83%A8%E7%94%BA
C269,https://upload.wikimedia.org/wikipedia/commons/thumb/2/2d/Marinepool_Gennadai_Seaside_Park_190715.jpg/500px-Marinepool_Gennadai_Seaside_Park_190715.jpg,乙部町,(Wikipedia代表画像),Wikimedia Commons,https://ja.wikipedia.org/wiki/%E4%B9%99%E9%83%A8%E7%94%BA
C270,https://upload.wikimedia.org/wikipedia/commons/thumb/0/06/Nabetsuru_iwa_2011.JPG/500px-Nabetsuru_iwa_2011.JPG,奥尻町,(Wikipedia代表画像),Wikimedia Commons,https://ja.wikipedia.org/wiki/%E5%A5%A5%E5%B0%BB%E7%94%BA
C271,https://upload.wikimedia.org/wikipedia/commons/thumb/9/9e/Kur-Plaza_Pirika_2008.jpg/500px-Kur-Plaza_Pirika_2008.jpg,今金町,(Wikipedia代表画像),Wikimedia Commons,https://ja.wikipedia.org/wiki/%E4%BB%8A%E9%87%91%E7%94%BA
C272,https://upload.wikimedia.org/wikipedia/commons/thumb/3/38/Oyakoguma-iwa_2011.JPG/500px-Oyakoguma-iwa_2011.JPG,せたな町,(Wikipedia代表画像),Wikimedia Commons,https://ja.wikipedia.org/wiki/%E3%81%9B%E3%81%9F%E3%81%AA%E7%94%BA
C273,https://upload.wikimedia.org/wikipedia/commons/thumb/a/a9/Garoh-Fall.jpg/500px-Garoh-Fall.jpg,島牧村,(Wikipedia代表画像),Wikimedia Commons,https://ja.wikipedia.org/wiki/%E5%B3%B6%E7%89%A7%E6%9D%91
C274,https://upload.wikimedia.org/wikipedia/commons/thumb/3/37/Cape_BenKei.JPG/500px-Cape_BenKei.JPG,寿都町,(Wikipedia代表画像),Wikimedia Commons,https://ja.wikipedia.org/wiki/%E5%AF%BF%E9%83%BD%E7%94%BA
C275,https://upload.wikimedia.org/wikipedia/commons/thumb/6/69/%E9%81%93%E3%81%AE%E9%A7%85_%E3%81%8F%E3%82%8D%E3%81%BE%E3%81%A4%E3%81%AA%E3%81%84.JPG/500px-%E9%81%93%E3%81%AE%E9%A7%85_%E3%81%8F%E3%82%8D%E3%81%BE%E3%81%A4%E3%81%AA%E3%81%84.JPG,黒松内町,(Wikipedia代表画像),Wikimedia Commons,https://ja.wikipedia.org/wiki/%E9%BB%92%E6%9D%BE%E5%86%85%E7%94%BA
C276,https://upload.wikimedia.org/wikipedia/commons/thumb/9/96/Shell_fish_museum_of_Rankoshi.JPG/500px-Shell_fish_museum_of_Rankoshi.JPG,蘭越町,(Wikipedia代表画像),Wikimedia Commons,https://ja.wikipedia.org/wiki/%E8%98%AD%E8%B6%8A%E7%94%BA
C277,https://upload.wikimedia.org/wikipedia/commons/thumb/6/6b/Niseko-Annupuri.JPG/500px-Niseko-Annupuri.JPG,ニセコ町,(Wikipedia代表画像),Wikimedia Commons,https://ja.wikipedia.org/wiki/%E3%83%8B%E3%82%BB%E3%82%B3%E7%94%BA
C278,https://upload.wikimedia.org/wikipedia/commons/thumb/8/81/Makkari_YH_2011.JPG/500px-Makkari_YH_2011.JPG,真狩村,(Wikipedia代表画像),Wikimedia Commons,https://ja.wikipedia.org/wiki/%E7%9C%9F%E7%8B%A9%E6%9D%91
C279,https://upload.wikimedia.org/wikipedia/commons/thumb/2/2c/Rusutsu_WestMt%28200703%29.jpg/500px-Rusutsu_WestMt%28200703%29.jpg,留寿都村,(Wikipedia代表画像),Wikimedia Commons,https://ja.wikipedia.org/wiki/%E7%95%99%E5%AF%BF%E9%83%BD%E6%9D%91
C280,https://upload.wikimedia.org/wikipedia/commons/thumb/4/45/Mt_YOTEI_1.JPG/500px-Mt_YOTEI_1.JPG,喜茂別町,(Wikipedia代表画像),Wikimedia Commons,https://ja.wikipedia.org/wiki/%E5%96%9C%E8%8C%82%E5%88%A5%E7%94%BA
C281,https://upload.wikimedia.org/wikipedia/commons/thumb/d/d6/Japan-Hokkaido%2C_Kyogoku%2C_Fukidashi_Park_2014_%2815348719855%29.jpg/500px-Japan-Hokkaido%2C_Kyogoku%2C_Fukidashi_Park_2014_%2815348719855%29.jpg,京極町,(Wikipedia代表画像),Wikimedia Commons,https://ja.wikipedia.org/wiki/%E4%BA%AC%E6%A5%B5%E7%94%BA
C282,https://upload.wikimedia.org/wikipedia/commons/thumb/2/28/Mt_CHISE_4.JPG/500px-Mt_CHISE_4.JPG,共和町,(Wikipedia代表画像),Wikimedia Commons,https://ja.wikipedia.org/wiki/%E5%85%B1%E5%92%8C%E7%94%BA
C283,https://upload.wikimedia.org/wikipedia/commons/thumb/3/3e/Katanagake_Rock.JPG/500px-Katanagake_Rock.JPG,岩内町,(Wikipedia代表画像),Wikimedia Commons,https://ja.wikipedia.org/wiki/%E5%B2%A9%E5%86%85%E7%94%BA
C284,https://upload.wikimedia.org/wikipedia/commons/thumb/9/94/Benten_Island_in_Tomari_01.jpg/500px-Benten_Island_in_Tomari_01.jpg,泊村,(Wikipedia代表画像),Wikimedia Commons,https://ja.wikipedia.org/wiki/%E6%B3%8A%E6%9D%91
C285,https://upload.wikimedia.org/wikipedia/commons/thumb/7/7b/Roadside_Station_Osukoi_Kamoenai.jpg/500px-Roadside_Station_Osukoi_Kamoenai.jpg,神恵内村,(Wikipedia代表画像),Wikimedia Commons,https://ja.wikipedia.org/wiki/%E7%A5%9E%E6%81%B5%E5%86%85%E6%9D%91
C286,https://upload.wikimedia.org/wikipedia/commons/thumb/2/2f/130823_Cape_Shakotan_Shakotan_Hokkaido_Japan01s3.jpg/500px-130823_Cape_Shakotan_Shakotan_Hokkaido_Japan01s3.jpg,積丹町,(Wikipedia代表画像),Wikimedia Commons,https://ja.wikipedia.org/wiki/%E7%A9%8D%E4%B8%B9%E7%94%BA
C287,https://upload.wikimedia.org/wikipedia/commons/thumb/6/6b/Fishing_Port%2C_Furubira%2C_Aug._2018.jpg/500px-Fishing_Port%2C_Furubira%2C_Aug._2018.jpg,古平町,(Wikipedia代表画像),Wikimedia Commons,https://ja.wikipedia.org/wiki/%E5%8F%A4%E5%B9%B3%E7%94%BA
C288,https://upload.wikimedia.org/wikipedia/commons/thumb/b/bb/%E4%BB%81%E6%9C%A8%E7%94%BA%E5%96%B6%E3%82%B9%E3%82%AD%E3%83%BC%E5%A0%B4.JPG/500px-%E4%BB%81%E6%9C%A8%E7%94%BA%E5%96%B6%E3%82%B9%E3%82%AD%E3%83%BC%E5%A0%B4.JPG,仁木町,(Wikipedia代表画像),Wikimedia Commons,https://ja.wikipedia.org/wiki/%E4%BB%81%E6%9C%A8%E7%94%BA
C289,https://upload.wikimedia.org/wikipedia/commons/thumb/a/ae/130823Nikka_Wisky_Yoichi_Distillery_Hokkaido_Japan01s3.jpg/500px-130823Nikka_Wisky_Yoichi_Distillery_Hokkaido_Japan01s3.jpg,余市町,(Wikipedia代表画像),Wikimedia Commons,https://ja.wikipedia.org/wiki/%E4%BD%99%E5%B8%82%E7%94%BA
C290,https://upload.wikimedia.org/wikipedia/commons/thumb/1/1e/%E3%82%AD%E3%83%AD%E3%83%AD%E3%83%AA%E3%82%BE%E3%83%BC%E3%83%88.jpg/500px-%E3%82%AD%E3%83%AD%E3%83%AD%E3%83%AA%E3%82%BE%E3%83%BC%E3%83%88.jpg,赤井川村,(Wikipedia代表画像),Wikimedia Commons,https://ja.wikipedia.org/wiki/%E8%B5%A4%E4%BA%95%E5%B7%9D%E6%9D%91
C291,https://upload.wikimedia.org/wikipedia/commons/thumb/9/96/Nanporo_Onsen.jpg/500px-Nanporo_Onsen.jpg,南幌町,(Wikipedia代表画像),Wikimedia Commons,https://ja.wikipedia.org/wiki/%E5%8D%97%E5%B9%8C%E7%94%BA
C292,https://upload.wikimedia.org/wikipedia/commons/thumb/c/ce/House_Yarubi_Naie.jpg/500px-House_Yarubi_Naie.jpg,奈井江町,(Wikipedia代表画像),Wikimedia Commons,https://ja.wikipedia.org/wiki/%E5%A5%88%E4%BA%95%E6%B1%9F%E7%94%BA
C293,https://upload.wikimedia.org/wikipedia/commons/thumb/d/da/Kamisunagawa_Station_20060502.jpg/500px-Kamisunagawa_Station_20060502.jpg,上砂川町,(Wikipedia代表画像),Wikimedia Commons,https://ja.wikipedia.org/wiki/%E4%B8%8A%E7%A0%82%E5%B7%9D%E7%94%BA
C294,https://upload.wikimedia.org/wikipedia/commons/thumb/9/95/%E3%82%86%E3%81%AB%E3%82%AC%E3%83%BC%E3%83%87%E3%83%B3%EF%BC%88Yuni_Garden%EF%BC%89.jpg/500px-%E3%82%86%E3%81%AB%E3%82%AC%E3%83%BC%E3%83%87%E3%83%B3%EF%BC%88Yuni_Garden%EF%BC%89.jpg,由仁町,(Wikipedia代表画像),Wikimedia Commons,https://ja.wikipedia.org/wiki/%E7%94%B1%E4%BB%81%E7%94%BA
C295,https://upload.wikimedia.org/wikipedia/commons/thumb/a/af/%E3%83%8F%E3%82%A4%E3%82%B8%E7%89%A7%E5%A0%B4_%E5%86%99%E7%9C%9F.jpg/500px-%E3%83%8F%E3%82%A4%E3%82%B8%E7%89%A7%E5%A0%B4_%E5%86%99%E7%9C%9F.jpg,長沼町,(Wikipedia代表画像),Wikimedia Commons,https://ja.wikipedia.org/wiki/%E9%95%B7%E6%B2%BC%E7%94%BA
C296,https://upload.wikimedia.org/wikipedia/commons/thumb/e/eb/Park_of_Kuriyama%EF%BC%8F%E6%A0%97%E5%B1%B1%E5%85%AC%E5%9C%92%E3%83%BB%E7%B4%85%E8%91%89_-_panoramio.jpg/500px-Park_of_Kuriyama%EF%BC%8F%E6%A0%97%E5%B1%B1%E5%85%AC%E5%9C%92%E3%83%BB%E7%B4%85%E8%91%89_-_panoramio.jpg,栗山町,(Wikipedia代表画像),Wikimedia Commons,https://ja.wikipedia.org/wiki/%E6%A0%97%E5%B1%B1%E7%94%BA
C297,https://upload.wikimedia.org/wikipedia/commons/thumb/5/5f/Tsukigata_Kabato_museum.jpg/500px-Tsukigata_Kabato_museum.jpg,月形町,(Wikipedia代表画像),Wikimedia Commons,https://ja.wikipedia.org/wiki/%E6%9C%88%E5%BD%A2%E7%94%BA
C298,https://upload.wikimedia.org/wikipedia/commons/thumb/e/e0/Urausu_Shrine.jpg/500px-Urausu_Shrine.jpg,浦臼町,(Wikipedia代表画像),Wikimedia Commons,https://ja.wikipedia.org/wiki/%E6%B5%A6%E8%87%BC%E7%94%BA
C299,https://upload.wikimedia.org/wikipedia/commons/thumb/c/c7/Mt._Pin_ne.JPG/500px-Mt._Pin_ne.JPG,新十津川町,(Wikipedia代表画像),Wikimedia Commons,https://ja.wikipedia.org/wiki/%E6%96%B0%E5%8D%81%E6%B4%A5%E5%B7%9D%E7%94%BA
C300,https://upload.wikimedia.org/wikipedia/commons/thumb/e/e3/Water_Park_Urara.jpg/500px-Water_Park_Urara.jpg,妹背牛町,(Wikipedia代表画像),Wikimedia Commons,https://ja.wikipedia.org/wiki/%E5%A6%B9%E8%83%8C%E7%89%9B%E7%94%BA
C301,https://upload.wikimedia.org/wikipedia/commons/thumb/9/9a/Tower_of_CHIppubetsu_city.JPG/500px-Tower_of_CHIppubetsu_city.JPG,秩父別町,(Wikipedia代表画像),Wikimedia Commons,https://ja.wikipedia.org/wiki/%E7%A7%A9%E7%88%B6%E5%88%A5%E7%94%BA
C302,https://upload.wikimedia.org/wikipedia/commons/thumb/5/52/%E9%9B%A8%E7%AB%9C%E6%B2%BCP7020083.JPG/500px-%E9%9B%A8%E7%AB%9C%E6%B2%BCP7020083.JPG,雨竜町,(Wikipedia代表画像),Wikimedia Commons,https://ja.wikipedia.org/wiki/%E9%9B%A8%E7%AB%9C%E7%94%BA
C303,https://upload.wikimedia.org/wikipedia/commons/thumb/4/4d/Hokuryu_town_Sunflower_field.JPG/500px-Hokuryu_town_Sunflower_field.JPG,北竜町,(Wikipedia代表画像),Wikimedia Commons,https://ja.wikipedia.org/wiki/%E5%8C%97%E7%AB%9C%E7%94%BA
C304,https://upload.wikimedia.org/wikipedia/commons/thumb/4/43/Numata_andon_festival.JPG/500px-Numata_andon_festival.JPG,沼田町,(Wikipedia代表画像),Wikimedia Commons,https://ja.wikipedia.org/wiki/%E6%B2%BC%E7%94%B0%E7%94%BA
C305,https://upload.wikimedia.org/wikipedia/commons/thumb/9/9b/Mt._Arashiyama_%28Hokkaido%29.jpg/500px-Mt._Arashiyama_%28Hokkaido%29.jpg,鷹栖町,(Wikipedia代表画像),Wikimedia Commons,https://ja.wikipedia.org/wiki/%E9%B7%B9%E6%A0%96%E7%94%BA
C306,https://upload.wikimedia.org/wikipedia/commons/thumb/f/f1/140724_Asahikawa_Airport_Hokkaido_Japan02s3.jpg/500px-140724_Asahikawa_Airport_Hokkaido_Japan02s3.jpg,東神楽町,(Wikipedia代表画像),Wikimedia Commons,https://ja.wikipedia.org/wiki/%E6%9D%B1%E7%A5%9E%E6%A5%BD%E7%94%BA
C307,https://upload.wikimedia.org/wikipedia/commons/thumb/0/00/Toma_Limestone_Cave_1.jpg/500px-Toma_Limestone_Cave_1.jpg,当麻町,(Wikipedia代表画像),Wikimedia Commons,https://ja.wikipedia.org/wiki/%E5%BD%93%E9%BA%BB%E7%94%BA
C308,https://upload.wikimedia.org/wikipedia/commons/thumb/e/e5/%E3%81%B4%E3%81%A3%E3%81%B7%E3%82%B9%E3%82%AD%E3%83%BC%E5%A0%B4.JPG/500px-%E3%81%B4%E3%81%A3%E3%81%B7%E3%82%B9%E3%82%AD%E3%83%BC%E5%A0%B4.JPG,比布町,(Wikipedia代表画像),Wikimedia Commons,https://ja.wikipedia.org/wiki/%E6%AF%94%E5%B8%83%E7%94%BA
C309,https://upload.wikimedia.org/wikipedia/commons/thumb/1/19/Asahikawa-sounkyo-bikepath-aibetsu-sluice.JPG/500px-Asahikawa-sounkyo-bikepath-aibetsu-sluice.JPG,愛別町,(Wikipedia代表画像),Wikimedia Commons,https://ja.wikipedia.org/wiki/%E6%84%9B%E5%88%A5%E7%94%BA
C310,https://upload.wikimedia.org/wikipedia/commons/thumb/a/a4/Sounkyo_Promenade.JPG/500px-Sounkyo_Promenade.JPG,上川町,(Wikipedia代表画像),Wikimedia Commons,https://ja.wikipedia.org/wiki/%E4%B8%8A%E5%B7%9D%E7%94%BA
C311,https://upload.wikimedia.org/wikipedia/commons/thumb/e/e6/Asahidake_spa_Higashikawa_Hokkaido_Japan.jpg/500px-Asahidake_spa_Higashikawa_Hokkaido_Japan.jpg,東川町,(Wikipedia代表画像),Wikimedia Commons,https://ja.wikipedia.org/wiki/%E6%9D%B1%E5%B7%9D%E7%94%BA
C312,https://upload.wikimedia.org/wikipedia/commons/thumb/3/39/%E5%9B%9B%E5%AD%A3%E5%BD%A9%E3%81%AE%E4%B8%98-01.JPG/500px-%E5%9B%9B%E5%AD%A3%E5%BD%A9%E3%81%AE%E4%B8%98-01.JPG,美瑛町,(Wikipedia代表画像),Wikimedia Commons,https://ja.wikipedia.org/wiki/%E7%BE%8E%E7%91%9B%E7%94%BA
C313,https://upload.wikimedia.org/wikipedia/commons/thumb/c/c7/Hinode-park_Kamifurano_view.jpg/500px-Hinode-park_Kamifurano_view.jpg,上富良野町,(Wikipedia代表画像),Wikimedia Commons,https://ja.wikipedia.org/wiki/%E4%B8%8A%E5%AF%8C%E8%89%AF%E9%87%8E%E7%94%BA
C314,https://upload.wikimedia.org/wikipedia/commons/thumb/4/47/Farm-Tomita.Irodori-no-Hatake01.JPG/500px-Farm-Tomita.Irodori-no-Hatake01.JPG,中富良野町,(Wikipedia代表画像),Wikimedia Commons,https://ja.wikipedia.org/wiki/%E4%B8%AD%E5%AF%8C%E8%89%AF%E9%87%8E%E7%94%BA
C315,https://upload.wikimedia.org/wikipedia/commons/thumb/c/c4/Lake_kanayama.JPG/500px-Lake_kanayama.JPG,南富良野町,(Wikipedia代表画像),Wikimedia Commons,https://ja.wikipedia.org/wiki/%E5%8D%97%E5%AF%8C%E8%89%AF%E9%87%8E%E7%94%BA
C316,https://upload.wikimedia.org/wikipedia/commons/thumb/4/45/%E6%98%9F%E9%87%8E%E3%83%AA%E3%82%BE%E3%83%BC%E3%83%88_%E3%83%88%E3%83%9E%E3%83%A0_%E3%82%B6%E3%83%BB%E3%82%BF%E3%83%AF%E3%83%BC_-_flickr_14793673407_4d61722e33_o.jpg/500px-%E6%98%9F%E9%87%8E%E3%83%AA%E3%82%BE%E3%83%BC%E3%83%88_%E3%83%88%E3%83%9E%E3%83%A0_%E3%82%B6%E3%83%BB%E3%82%BF%E3%83%AF%E3%83%BC_-_flickr_14793673407_4d61722e33_o.jpg,占冠村,(Wikipedia代表画像),Wikimedia Commons,https://ja.wikipedia.org/wiki/%E5%8D%A0%E5%86%A0%E6%9D%91
C317,https://upload.wikimedia.org/wikipedia/commons/thumb/6/65/Shiokari_Mountain_Pass_Memorial_Hall.jpg/500px-Shiokari_Mountain_Pass_Memorial_Hall.jpg,和寒町,(Wikipedia代表画像),Wikimedia Commons,https://ja.wikipedia.org/wiki/%E5%92%8C%E5%AF%92%E7%94%BA
C318,https://upload.wikimedia.org/wikipedia/commons/thumb/4/44/%E5%89%A3%E6%B7%B5%E7%94%BA%E7%B5%B5%E6%9C%AC%E3%81%AE%E9%A4%A8_calil.jpg/500px-%E5%89%A3%E6%B7%B5%E7%94%BA%E7%B5%B5%E6%9C%AC%E3%81%AE%E9%A4%A8_calil.jpg,剣淵町,(Wikipedia代表画像),Wikimedia Commons,https://ja.wikipedia.org/wiki/%E5%89%A3%E6%B7%B5%E7%94%BA
C319,https://upload.wikimedia.org/wikipedia/commons/thumb/0/0f/Gomi_spa_2011.JPG/500px-Gomi_spa_2011.JPG,下川町,(Wikipedia代表画像),Wikimedia Commons,https://ja.wikipedia.org/wiki/%E4%B8%8B%E5%B7%9D%E7%94%BA
C320,https://upload.wikimedia.org/wikipedia/commons/thumb/3/3d/Matsuyama_shitugen_02.JPG/500px-Matsuyama_shitugen_02.JPG,美深町,(Wikipedia代表画像),Wikimedia Commons,https://ja.wikipedia.org/wiki/%E7%BE%8E%E6%B7%B1%E7%94%BA
C321,https://upload.wikimedia.org/wikipedia/commons/thumb/6/6b/Ponbira_spa_2011.JPG/500px-Ponbira_spa_2011.JPG,中川町,(Wikipedia代表画像),Wikimedia Commons,https://ja.wikipedia.org/wiki/%E4%B8%AD%E5%B7%9D%E7%94%BA
C322,https://upload.wikimedia.org/wikipedia/commons/thumb/c/c9/%EF%BC%8D%EF%BC%94%EF%BC%91.%EF%BC%92%E2%84%83%EF%BC%88The_coldest_place_in_Japan_-_panoramio.jpg/500px-%EF%BC%8D%EF%BC%94%EF%BC%91.%EF%BC%92%E2%84%83%EF%BC%88The_coldest_place_in_Japan_-_panoramio.jpg,幌加内町,(Wikipedia代表画像),Wikimedia Commons,https://ja.wikipedia.org/wiki/%E5%B9%8C%E5%8A%A0%E5%86%85%E7%94%BA
C323,https://upload.wikimedia.org/wikipedia/commons/thumb/1/18/Mashike_Itsukushima_shrine.JPG/500px-Mashike_Itsukushima_shrine.JPG,増毛町,(Wikipedia代表画像),Wikimedia Commons,https://ja.wikipedia.org/wiki/%E5%A2%97%E6%AF%9B%E7%94%BA
C324,https://upload.wikimedia.org/wikipedia/commons/thumb/1/1e/%E9%87%8D%E8%A6%81%E6%96%87%E5%8C%96%E8%B2%A1%E3%80%8C%E6%97%A7%E8%8A%B1%E7%94%B0%E5%AE%B6%E7%95%AA%E5%B1%8B%E3%80%8D6240015.jpg/500px-%E9%87%8D%E8%A6%81%E6%96%87%E5%8C%96%E8%B2%A1%E3%80%8C%E6%97%A7%E8%8A%B1%E7%94%B0%E5%AE%B6%E7%95%AA%E5%B1%8B%E3%80%8D6240015.jpg,小平町,(Wikipedia代表画像),Wikimedia Commons,https://ja.wikipedia.org/wiki/%E5%B0%8F%E5%B9%B3%E7%94%BA
C325,https://upload.wikimedia.org/wikipedia/commons/thumb/3/39/%E4%B8%8A%E5%B9%B3%E3%82%B0%E3%83%AA%E3%83%BC%E3%83%B3%E3%83%92%E3%83%AB%E3%83%95%E3%82%A1%E3%83%BC%E3%83%A0_-_panoramio.jpg/500px-%E4%B8%8A%E5%B9%B3%E3%82%B0%E3%83%AA%E3%83%BC%E3%83%B3%E3%83%92%E3%83%AB%E3%83%95%E3%82%A1%E3%83%BC%E3%83%A0_-_panoramio.jpg,苫前町,(Wikipedia代表画像),Wikimedia Commons,https://ja.wikipedia.org/wiki/%E8%8B%AB%E5%89%8D%E7%94%BA
C326,https://upload.wikimedia.org/wikipedia/commons/thumb/2/28/Haboro_Sunset_Beach.jpg/500px-Haboro_Sunset_Beach.jpg,羽幌町,(Wikipedia代表画像),Wikimedia Commons,https://ja.wikipedia.org/wiki/%E7%BE%BD%E5%B9%8C%E7%94%BA
C327,https://upload.wikimedia.org/wikipedia/commons/thumb/7/75/Shosanbetsu_observatory.jpg/500px-Shosanbetsu_observatory.jpg,初山別村,(Wikipedia代表画像),Wikimedia Commons,https://ja.wikipedia.org/wiki/%E5%88%9D%E5%B1%B1%E5%88%A5%E6%9D%91
C328,https://upload.wikimedia.org/wikipedia/commons/thumb/8/88/Asahi_spa_gaikan_2011.JPG/500px-Asahi_spa_gaikan_2011.JPG,遠別町,(Wikipedia代表画像),Wikimedia Commons,https://ja.wikipedia.org/wiki/%E9%81%A0%E5%88%A5%E7%94%BA
C329,https://upload.wikimedia.org/wikipedia/commons/thumb/7/70/Kawaguchi_Ruins_of_Teshio_Town.jpg/500px-Kawaguchi_Ruins_of_Teshio_Town.jpg,天塩町,(Wikipedia代表画像),Wikimedia Commons,https://ja.wikipedia.org/wiki/%E5%A4%A9%E5%A1%A9%E7%94%BA
C330,https://upload.wikimedia.org/wikipedia/commons/thumb/6/6a/Kamuito_numa.jpg/500px-Kamuito_numa.jpg,猿払村,(Wikipedia代表画像),Wikimedia Commons,https://ja.wikipedia.org/wiki/%E7%8C%BF%E6%89%95%E6%9D%91
C331,https://upload.wikimedia.org/wikipedia/commons/thumb/f/f7/Lake_Kuccharo.jpg/500px-Lake_Kuccharo.jpg,浜頓別町,(Wikipedia代表画像),Wikimedia Commons,https://ja.wikipedia.org/wiki/%E6%B5%9C%E9%A0%93%E5%88%A5%E7%94%BA
C332,https://upload.wikimedia.org/wikipedia/commons/thumb/2/2d/Nakatonbetsu-Shounyudo_Cave.JPG/500px-Nakatonbetsu-Shounyudo_Cave.JPG,中頓別町,(Wikipedia代表画像),Wikimedia Commons,https://ja.wikipedia.org/wiki/%E4%B8%AD%E9%A0%93%E5%88%A5%E7%94%BA
C333,https://upload.wikimedia.org/wikipedia/commons/thumb/9/9f/%E5%8C%97%E8%A6%8B%E7%A5%9E%E5%A8%81%E5%B2%AC_%E7%A5%9E%E5%A8%81%E5%B2%AC%E5%85%AC%E5%9C%92_%E3%82%88%E3%82%8AP6260503.jpg/500px-%E5%8C%97%E8%A6%8B%E7%A5%9E%E5%A8%81%E5%B2%AC_%E7%A5%9E%E5%A8%81%E5%B2%AC%E5%85%AC%E5%9C%92_%E3%82%88%E3%82%8AP6260503.jpg,枝幸町,(Wikipedia代表画像),Wikimedia Commons,https://ja.wikipedia.org/wiki/%E6%9E%9D%E5%B9%B8%E7%94%BA
C334,https://upload.wikimedia.org/wikipedia/commons/thumb/c/c0/%E8%B1%8A%E5%AF%8C%E6%B8%A9%E6%B3%89.jpg/500px-%E8%B1%8A%E5%AF%8C%E6%B8%A9%E6%B3%89.jpg,豊富町,(Wikipedia代表画像),Wikimedia Commons,https://ja.wikipedia.org/wiki/%E8%B1%8A%E5%AF%8C%E7%94%BA
C335,https://upload.wikimedia.org/wikipedia/commons/thumb/4/41/Sukoton.JPG/500px-Sukoton.JPG,礼文町,(Wikipedia代表画像),Wikimedia Commons,https://ja.wikipedia.org/wiki/%E7%A4%BC%E6%96%87%E7%94%BA
C336,https://upload.wikimedia.org/wikipedia/commons/thumb/1/13/Lava_rocks%2C_Senhoshi_Misaki_Park%2C_Rishiri_Island%2C_Japan.jpg/500px-Lava_rocks%2C_Senhoshi_Misaki_Park%2C_Rishiri_Island%2C_Japan.jpg,利尻町,(Wikipedia代表画像),Wikimedia Commons,https://ja.wikipedia.org/wiki/%E5%88%A9%E5%B0%BB%E7%94%BA
C337,https://upload.wikimedia.org/wikipedia/commons/thumb/6/6f/Mt_Rishiri%282004%29.jpg/500px-Mt_Rishiri%282004%29.jpg,利尻富士町,(Wikipedia代表画像),Wikimedia Commons,https://ja.wikipedia.org/wiki/%E5%88%A9%E5%B0%BB%E5%AF%8C%E5%A3%AB%E7%94%BA
C338,https://upload.wikimedia.org/wikipedia/commons/thumb/d/d2/Horonobe_visitor_center_01.jpg/500px-Horonobe_visitor_center_01.jpg,幌延町,(Wikipedia代表画像),Wikimedia Commons,https://ja.wikipedia.org/wiki/%E5%B9%8C%E5%BB%B6%E7%94%BA
C339,https://upload.wikimedia.org/wikipedia/commons/thumb/f/ff/Bihoro_Pass.JPG/500px-Bihoro_Pass.JPG,美幌町,(Wikipedia代表画像),Wikimedia Commons,https://ja.wikipedia.org/wiki/%E7%BE%8E%E5%B9%8C%E7%94%BA
C340,https://upload.wikimedia.org/wikipedia/commons/thumb/7/70/Tsubetsu_T%C5%8Dge01.JPG/500px-Tsubetsu_T%C5%8Dge01.JPG,津別町,(Wikipedia代表画像),Wikimedia Commons,https://ja.wikipedia.org/wiki/%E6%B4%A5%E5%88%A5%E7%94%BA
C341,https://upload.wikimedia.org/wikipedia/commons/thumb/8/8a/140829_Ichiko_of_Shiretoko_Goko_Lakes_Hokkaido_Japan02s5.jpg/500px-140829_Ichiko_of_Shiretoko_Goko_Lakes_Hokkaido_Japan02s5.jpg,斜里町,(Wikipedia代表画像),Wikimedia Commons,https://ja.wikipedia.org/wiki/%E6%96%9C%E9%87%8C%E7%94%BA
C342,https://upload.wikimedia.org/wikipedia/commons/thumb/3/3b/Mt_Shari.JPG/500px-Mt_Shari.JPG,清里町,(Wikipedia代表画像),Wikimedia Commons,https://ja.wikipedia.org/wiki/%E6%B8%85%E9%87%8C%E7%94%BA
C343,https://upload.wikimedia.org/wikipedia/commons/thumb/2/20/Koshimizu_flower_garden.jpg/500px-Koshimizu_flower_garden.jpg,小清水町,(Wikipedia代表画像),Wikimedia Commons,https://ja.wikipedia.org/wiki/%E5%B0%8F%E6%B8%85%E6%B0%B4%E7%94%BA
C344,https://upload.wikimedia.org/wikipedia/commons/thumb/a/a1/Kunneppu-Onsen01.JPG/500px-Kunneppu-Onsen01.JPG,訓子府町,(Wikipedia代表画像),Wikimedia Commons,https://ja.wikipedia.org/wiki/%E8%A8%93%E5%AD%90%E5%BA%9C%E7%94%BA
C345,https://upload.wikimedia.org/wikipedia/commons/thumb/8/84/%E3%81%8A%E3%81%91%E3%81%A8%E6%B9%96%EF%BC%88Lake_oketo%EF%BC%89_-_panoramio.jpg/500px-%E3%81%8A%E3%81%91%E3%81%A8%E6%B9%96%EF%BC%88Lake_oketo%EF%BC%89_-_panoramio.jpg,置戸町,(Wikipedia代表画像),Wikimedia Commons,https://ja.wikipedia.org/wiki/%E7%BD%AE%E6%88%B8%E7%94%BA
C346,https://upload.wikimedia.org/wikipedia/commons/thumb/9/96/Lake_Saroma_East_View.jpg/500px-Lake_Saroma_East_View.jpg,佐呂間町,(Wikipedia代表画像),Wikimedia Commons,https://ja.wikipedia.org/wiki/%E4%BD%90%E5%91%82%E9%96%93%E7%94%BA
C347,https://upload.wikimedia.org/wikipedia/commons/thumb/6/62/Ganbo-iwa%2C_Engaru_town%2C_Hokkaido.jpg/500px-Ganbo-iwa%2C_Engaru_town%2C_Hokkaido.jpg,遠軽町,(Wikipedia代表画像),Wikimedia Commons,https://ja.wikipedia.org/wiki/%E9%81%A0%E8%BB%BD%E7%94%BA
C348,https://upload.wikimedia.org/wikipedia/commons/thumb/4/43/Kamiyubetsu-Tulip-Park03.JPG/500px-Kamiyubetsu-Tulip-Park03.JPG,湧別町,(Wikipedia代表画像),Wikimedia Commons,https://ja.wikipedia.org/wiki/%E6%B9%A7%E5%88%A5%E7%94%BA
C349,https://upload.wikimedia.org/wikipedia/commons/thumb/2/22/Gregarious_moss_phlox_in_Takinoue_Park%2C_Takinoue%2C_Hokkaido.JPG/500px-Gregarious_moss_phlox_in_Takinoue_Park%2C_Takinoue%2C_Hokkaido.JPG,滝上町,(Wikipedia代表画像),Wikimedia Commons,https://ja.wikipedia.org/wiki/%E6%BB%9D%E4%B8%8A%E7%94%BA
C350,https://upload.wikimedia.org/wikipedia/commons/thumb/3/35/OkoppeStation.JPG/500px-OkoppeStation.JPG,興部町,(Wikipedia代表画像),Wikimedia Commons,https://ja.wikipedia.org/wiki/%E8%88%88%E9%83%A8%E7%94%BA
C351,https://upload.wikimedia.org/wikipedia/commons/thumb/4/43/Gyoja_no_taki%28Ascetic_Falls%29.jpg/500px-Gyoja_no_taki%28Ascetic_Falls%29.jpg,西興部村,(Wikipedia代表画像),Wikimedia Commons,https://ja.wikipedia.org/wiki/%E8%A5%BF%E8%88%88%E9%83%A8%E6%9D%91
C352,https://upload.wikimedia.org/wikipedia/commons/thumb/5/51/%E6%97%A5%E3%81%AE%E5%87%BA%E5%B2%AC.jpg/500px-%E6%97%A5%E3%81%AE%E5%87%BA%E5%B2%AC.jpg,雄武町,(Wikipedia代表画像),Wikimedia Commons,https://ja.wikipedia.org/wiki/%E9%9B%84%E6%AD%A6%E7%94%BA
C353,https://upload.wikimedia.org/wikipedia/commons/thumb/4/48/Boeing_737-800_%28JAL_Express%29_04.jpg/500px-Boeing_737-800_%28JAL_Express%29_04.jpg,大空町,(Wikipedia代表画像),Wikimedia Commons,https://ja.wikipedia.org/wiki/%E5%A4%A7%E7%A9%BA%E7%94%BA
C354,https://upload.wikimedia.org/wikipedia/commons/thumb/a/a9/130922_Toyoura_Hokkaido_Japan01bss3.jpg/500px-130922_Toyoura_Hokkaido_Japan01bss3.jpg,豊浦町,(Wikipedia代表画像),Wikimedia Commons,https://ja.wikipedia.org/wiki/%E8%B1%8A%E6%B5%A6%E7%94%BA
C355,https://upload.wikimedia.org/wikipedia/commons/thumb/9/9c/Sobetsu_town_hall.JPG/500px-Sobetsu_town_hall.JPG,壮瞥町,(Wikipedia代表画像),Wikimedia Commons,https://ja.wikipedia.org/wiki/%E5%A3%AE%E7%9E%A5%E7%94%BA
C356,https://upload.wikimedia.org/wikipedia/commons/thumb/3/36/%E3%82%A6%E3%83%9D%E3%83%9D%E3%82%A4.jpg/500px-%E3%82%A6%E3%83%9D%E3%83%9D%E3%82%A4.jpg,白老町,(Wikipedia代表画像),Wikimedia Commons,https://ja.wikipedia.org/wiki/%E7%99%BD%E8%80%81%E7%94%BA
C357,https://upload.wikimedia.org/wikipedia/commons/thumb/2/23/Aduma_Dam_1.JPG/500px-Aduma_Dam_1.JPG,厚真町,(Wikipedia代表画像),Wikimedia Commons,https://ja.wikipedia.org/wiki/%E5%8E%9A%E7%9C%9F%E7%94%BA
C358,https://upload.wikimedia.org/wikipedia/commons/thumb/5/54/130922_Toyako_Onsen_Toyako_Hokkaido_Japan01s3.jpg/500px-130922_Toyako_Onsen_Toyako_Hokkaido_Japan01s3.jpg,洞爺湖町,(Wikipedia代表画像),Wikimedia Commons,https://ja.wikipedia.org/wiki/%E6%B4%9E%E7%88%BA%E6%B9%96%E7%94%BA
C359,https://upload.wikimedia.org/wikipedia/commons/thumb/b/b4/Tsurunoyu_spa_2011.JPG/500px-Tsurunoyu_spa_2011.JPG,安平町,(Wikipedia代表画像),Wikimedia Commons,https://ja.wikipedia.org/wiki/%E5%AE%89%E5%B9%B3%E7%94%BA
C360,https://upload.wikimedia.org/wikipedia/commons/thumb/1/1b/Former_Nakamura%27s_house.jpg/500px-Former_Nakamura%27s_house.jpg,むかわ町,(Wikipedia代表画像),Wikimedia Commons,https://ja.wikipedia.org/wiki/%E3%82%80%E3%81%8B%E3%82%8F%E7%94%BA
C361,https://upload.wikimedia.org/wikipedia/commons/thumb/1/17/Michinoeki_Jukairoad_Hidaka.jpg/500px-Michinoeki_Jukairoad_Hidaka.jpg,日高町 (北海道),(Wikipedia代表画像),Wikimedia Commons,https://ja.wikipedia.org/wiki/%E6%97%A5%E9%AB%98%E7%94%BA%20(%E5%8C%97%E6%B5%B7%E9%81%93)
C362,https://upload.wikimedia.org/wikipedia/commons/thumb/a/a7/Nibutani_Ainu_Culture_Museum.JPG/500px-Nibutani_Ainu_Culture_Museum.JPG,平取町,(Wikipedia代表画像),Wikimedia Commons,https://ja.wikipedia.org/wiki/%E5%B9%B3%E5%8F%96%E7%94%BA
C363,https://upload.wikimedia.org/wikipedia/commons/thumb/5/51/Niikappu_record_kan.jpg/500px-Niikappu_record_kan.jpg,新冠町,(Wikipedia代表画像),Wikimedia Commons,https://ja.wikipedia.org/wiki/%E6%96%B0%E5%86%A0%E7%94%BA
C364,https://upload.wikimedia.org/wikipedia/commons/thumb/4/46/Urakawa-aeru-hobokujyo01.JPG/500px-Urakawa-aeru-hobokujyo01.JPG,浦河町,(Wikipedia代表画像),Wikimedia Commons,https://ja.wikipedia.org/wiki/%E6%B5%A6%E6%B2%B3%E7%94%BA
C365,https://upload.wikimedia.org/wikipedia/commons/thumb/3/3c/Samani_Town_and_Mount_Apoi.jpg/500px-Samani_Town_and_Mount_Apoi.jpg,様似町,(Wikipedia代表画像),Wikimedia Commons,https://ja.wikipedia.org/wiki/%E6%A7%98%E4%BC%BC%E7%94%BA
C366,https://upload.wikimedia.org/wikipedia/commons/thumb/e/ef/Erimo_misaki_02.JPG/500px-Erimo_misaki_02.JPG,えりも町,(Wikipedia代表画像),Wikimedia Commons,https://ja.wikipedia.org/wiki/%E3%81%88%E3%82%8A%E3%82%82%E7%94%BA
C367,https://upload.wikimedia.org/wikipedia/commons/thumb/1/1b/%E4%BA%8C%E5%8D%81%E9%96%93%E9%81%93%E8%B7%AF%E6%AB%BB%E4%B8%A6%E6%9C%A8.jpg/500px-%E4%BA%8C%E5%8D%81%E9%96%93%E9%81%93%E8%B7%AF%E6%AB%BB%E4%B8%A6%E6%9C%A8.jpg,新ひだか町,(Wikipedia代表画像),Wikimedia Commons,https://ja.wikipedia.org/wiki/%E6%96%B0%E3%81%B2%E3%81%A0%E3%81%8B%E7%94%BA
C368,https://upload.wikimedia.org/wikipedia/commons/thumb/2/28/131012_Tokachigawa_Onsen_Otofuke_Hokkaido_Japan01s3.jpg/500px-131012_Tokachigawa_Onsen_Otofuke_Hokkaido_Japan01s3.jpg,音更町,(Wikipedia代表画像),Wikimedia Commons,https://ja.wikipedia.org/wiki/%E9%9F%B3%E6%9B%B4%E7%94%BA
C369,https://upload.wikimedia.org/wikipedia/commons/thumb/2/2b/%E6%9D%B1%E3%83%8C%E3%83%97%E3%82%AB%E3%82%A6%E3%82%B7%E3%83%8C%E3%83%97%E3%83%AA.jpg/500px-%E6%9D%B1%E3%83%8C%E3%83%97%E3%82%AB%E3%82%A6%E3%82%B7%E3%83%8C%E3%83%97%E3%83%AA.jpg,士幌町,(Wikipedia代表画像),Wikimedia Commons,https://ja.wikipedia.org/wiki/%E5%A3%AB%E5%B9%8C%E7%94%BA
C370,https://upload.wikimedia.org/wikipedia/commons/thumb/4/46/Hokkaido_Balloon_festa_2008.jpg/500px-Hokkaido_Balloon_festa_2008.jpg,上士幌町,(Wikipedia代表画像),Wikimedia Commons,https://ja.wikipedia.org/wiki/%E4%B8%8A%E5%A3%AB%E5%B9%8C%E7%94%BA
C371,https://upload.wikimedia.org/wikipedia/commons/thumb/0/0d/Lake_Shikaribetsu_%28200807%29.jpg/500px-Lake_Shikaribetsu_%28200807%29.jpg,鹿追町,(Wikipedia代表画像),Wikimedia Commons,https://ja.wikipedia.org/wiki/%E9%B9%BF%E8%BF%BD%E7%94%BA
C372,https://upload.wikimedia.org/wikipedia/commons/thumb/2/27/SAHORO_Ski_Area.jpg/500px-SAHORO_Ski_Area.jpg,新得町,(Wikipedia代表画像),Wikimedia Commons,https://ja.wikipedia.org/wiki/%E6%96%B0%E5%BE%97%E7%94%BA
C373,https://upload.wikimedia.org/wikipedia/commons/thumb/f/f3/Tokachi_Millennium_Forest.jpg/500px-Tokachi_Millennium_Forest.jpg,清水町 (北海道),(Wikipedia代表画像),Wikimedia Commons,https://ja.wikipedia.org/wiki/%E6%B8%85%E6%B0%B4%E7%94%BA%20(%E5%8C%97%E6%B5%B7%E9%81%93)
C374,https://upload.wikimedia.org/wikipedia/commons/thumb/5/55/%E8%8A%BD%E5%AE%A4%E5%85%AC%E5%9C%92%E3%83%BB%E8%8F%96%E8%92%B2%EF%BC%88Iris_garden%EF%BC%89.jpg/500px-%E8%8A%BD%E5%AE%A4%E5%85%AC%E5%9C%92%E3%83%BB%E8%8F%96%E8%92%B2%EF%BC%88Iris_garden%EF%BC%89.jpg,芽室町,(Wikipedia代表画像),Wikimedia Commons,https://ja.wikipedia.org/wiki/%E8%8A%BD%E5%AE%A4%E7%94%BA
C375,https://upload.wikimedia.org/wikipedia/commons/thumb/d/dd/131013_Rokka-no-Mori_Nakasatsunai_Hokkaido_Japan01bs5.jpg/500px-131013_Rokka-no-Mori_Nakasatsunai_Hokkaido_Japan01bs5.jpg,中札内村,(Wikipedia代表画像),Wikimedia Commons,https://ja.wikipedia.org/wiki/%E4%B8%AD%E6%9C%AD%E5%86%85%E6%9D%91
C376,https://upload.wikimedia.org/wikipedia/commons/thumb/f/f7/%E3%81%99%E3%82%82%E3%82%82%E3%81%AE%E9%87%8C.jpg/500px-%E3%81%99%E3%82%82%E3%82%82%E3%81%AE%E9%87%8C.jpg,更別村,(Wikipedia代表画像),Wikimedia Commons,https://ja.wikipedia.org/wiki/%E6%9B%B4%E5%88%A5%E6%9D%91
C377,https://upload.wikimedia.org/wikipedia/commons/thumb/5/5b/Taiki_Aerospace_Research_Field.jpg/500px-Taiki_Aerospace_Research_Field.jpg,大樹町,(Wikipedia代表画像),Wikimedia Commons,https://ja.wikipedia.org/wiki/%E5%A4%A7%E6%A8%B9%E7%94%BA
C378,https://upload.wikimedia.org/wikipedia/commons/thumb/5/5f/%E9%BB%84%E9%87%91%E9%81%93%E8%B7%AF_-_panoramio_%281%29.jpg/500px-%E9%BB%84%E9%87%91%E9%81%93%E8%B7%AF_-_panoramio_%281%29.jpg,広尾町,(Wikipedia代表画像),Wikimedia Commons,https://ja.wikipedia.org/wiki/%E5%BA%83%E5%B0%BE%E7%94%BA
C379,https://upload.wikimedia.org/wikipedia/commons/thumb/2/22/Tokahi.jpg/500px-Tokahi.jpg,幕別町,(Wikipedia代表画像),Wikimedia Commons,https://ja.wikipedia.org/wiki/%E5%B9%95%E5%88%A5%E7%94%BA
C380,https://upload.wikimedia.org/wikipedia/commons/thumb/0/02/Wine_castle_of_Ikeda-Town.jpg/500px-Wine_castle_of_Ikeda-Town.jpg,池田町 (北海道),(Wikipedia代表画像),Wikimedia Commons,https://ja.wikipedia.org/wiki/%E6%B1%A0%E7%94%B0%E7%94%BA%20(%E5%8C%97%E6%B5%B7%E9%81%93)
C381,https://upload.wikimedia.org/wikipedia/commons/thumb/3/30/The_famous_Japanese_Elm%2C_Toyokoro_Town%2C_Hokkaido.jpg/500px-The_famous_Japanese_Elm%2C_Toyokoro_Town%2C_Hokkaido.jpg,豊頃町,(Wikipedia代表画像),Wikimedia Commons,https://ja.wikipedia.org/wiki/%E8%B1%8A%E9%A0%83%E7%94%BA
C382,https://upload.wikimedia.org/wikipedia/commons/thumb/e/e1/%E3%81%A4%E3%81%A4%E3%81%98%E3%81%AE%E6%9C%AC%E5%88%A5%E5%85%AC%E5%9C%92%EF%BC%88Honbetsu_Park%EF%BC%89.jpg/500px-%E3%81%A4%E3%81%A4%E3%81%98%E3%81%AE%E6%9C%AC%E5%88%A5%E5%85%AC%E5%9C%92%EF%BC%88Honbetsu_Park%EF%BC%89.jpg,本別町,(Wikipedia代表画像),Wikimedia Commons,https://ja.wikipedia.org/wiki/%E6%9C%AC%E5%88%A5%E7%94%BA
C383,https://upload.wikimedia.org/wikipedia/commons/thumb/0/01/Onnneto.jpg/500px-Onnneto.jpg,足寄町,(Wikipedia代表画像),Wikimedia Commons,https://ja.wikipedia.org/wiki/%E8%B6%B3%E5%AF%84%E7%94%BA
C384,https://upload.wikimedia.org/wikipedia/commons/thumb/3/3b/Ginga-No-Mori_Astronomical_Observatory.JPG/500px-Ginga-No-Mori_Astronomical_Observatory.JPG,陸別町,(Wikipedia代表画像),Wikimedia Commons,https://ja.wikipedia.org/wiki/%E9%99%B8%E5%88%A5%E7%94%BA
C385,https://upload.wikimedia.org/wikipedia/commons/thumb/1/18/Rushin_spa_2011.JPG/500px-Rushin_spa_2011.JPG,浦幌町,(Wikipedia代表画像),Wikimedia Commons,https://ja.wikipedia.org/wiki/%E6%B5%A6%E5%B9%8C%E7%94%BA
C386,https://upload.wikimedia.org/wikipedia/commons/thumb/1/12/Kushirositsugen_Hosooka_Tenboudai01.jpg/500px-Kushirositsugen_Hosooka_Tenboudai01.jpg,釧路町,(Wikipedia代表画像),Wikimedia Commons,https://ja.wikipedia.org/wiki/%E9%87%A7%E8%B7%AF%E7%94%BA
C387,https://upload.wikimedia.org/wikipedia/commons/thumb/7/7c/Aikappu.jpg/500px-Aikappu.jpg,厚岸町,(Wikipedia代表画像),Wikimedia Commons,https://ja.wikipedia.org/wiki/%E5%8E%9A%E5%B2%B8%E7%94%BA
C388,https://upload.wikimedia.org/wikipedia/commons/thumb/a/ac/%E9%9C%A7%E5%A4%9A%E5%B8%83%E6%B9%BF%E5%8E%9F_-_panoramio.jpg/500px-%E9%9C%A7%E5%A4%9A%E5%B8%83%E6%B9%BF%E5%8E%9F_-_panoramio.jpg,浜中町,(Wikipedia代表画像),Wikimedia Commons,https://ja.wikipedia.org/wiki/%E6%B5%9C%E4%B8%AD%E7%94%BA
C389,https://upload.wikimedia.org/wikipedia/commons/thumb/f/f4/Tawadaira_2011.JPG/500px-Tawadaira_2011.JPG,標茶町,(Wikipedia代表画像),Wikimedia Commons,https://ja.wikipedia.org/wiki/%E6%A8%99%E8%8C%B6%E7%94%BA
C390,https://upload.wikimedia.org/wikipedia/commons/thumb/0/05/Hokkaido%2C_Japan%2C_Lake_Mash%C5%AB%2C_2008.jpg/500px-Hokkaido%2C_Japan%2C_Lake_Mash%C5%AB%2C_2008.jpg,弟子屈町,(Wikipedia代表画像),Wikimedia Commons,https://ja.wikipedia.org/wiki/%E5%BC%9F%E5%AD%90%E5%B1%88%E7%94%BA
C391,https://upload.wikimedia.org/wikipedia/commons/thumb/b/be/%E9%B6%B4%E5%B1%85%E6%9D%91%E3%81%AE%E4%B8%B9%E9%A0%82%E9%B6%B4%EF%BC%88Tanchyo_in_Tsurui%EF%BC%89_-_panoramio.jpg/500px-%E9%B6%B4%E5%B1%85%E6%9D%91%E3%81%AE%E4%B8%B9%E9%A0%82%E9%B6%B4%EF%BC%88Tanchyo_in_Tsurui%EF%BC%89_-_panoramio.jpg,鶴居村,(Wikipedia代表画像),Wikimedia Commons,https://ja.wikipedia.org/wiki/%E9%B6%B4%E5%B1%85%E6%9D%91
C392,https://upload.wikimedia.org/wikipedia/commons/thumb/b/b4/%E6%81%8B%E3%82%92%E5%95%8F%E3%81%86%EF%BC%88Koitoi_Beach%29_-_panoramio.jpg/500px-%E6%81%8B%E3%82%92%E5%95%8F%E3%81%86%EF%BC%88Koitoi_Beach%29_-_panoramio.jpg,白糠町,(Wikipedia代表画像),Wikimedia Commons,https://ja.wikipedia.org/wiki/%E7%99%BD%E7%B3%A0%E7%94%BA
C393,https://upload.wikimedia.org/wikipedia/commons/thumb/3/30/Todowara.jpg/500px-Todowara.jpg,別海町,(Wikipedia代表画像),Wikimedia Commons,https://ja.wikipedia.org/wiki/%E5%88%A5%E6%B5%B7%E7%94%BA
C394,https://upload.wikimedia.org/wikipedia/commons/thumb/2/28/Kaiyoudai_2009.JPG/500px-Kaiyoudai_2009.JPG,中標津町,(Wikipedia代表画像),Wikimedia Commons,https://ja.wikipedia.org/wiki/%E4%B8%AD%E6%A8%99%E6%B4%A5%E7%94%BA
C395,https://upload.wikimedia.org/wikipedia/commons/thumb/b/b4/Shibetsu_Salmon_Museum.JPG/500px-Shibetsu_Salmon_Museum.JPG,標津町,(Wikipedia代表画像),Wikimedia Commons,https://ja.wikipedia.org/wiki/%E6%A8%99%E6%B4%A5%E7%94%BA
C396,https://upload.wikimedia.org/wikipedia/commons/thumb/a/ad/LakeRausu_3rdMarsh_and_MtRausu.jpg/500px-LakeRausu_3rdMarsh_and_MtRausu.jpg,羅臼町,(Wikipedia代表画像),Wikimedia Commons,https://ja.wikipedia.org/wiki/%E7%BE%85%E8%87%BC%E7%94%BA
C397,https://upload.wikimedia.org/wikipedia/commons/thumb/7/76/Motomachi_Komise_Hatsukoma-kan.jpg/500px-Motomachi_Komise_Hatsukoma-kan.jpg,黒石市,(Wikipedia代表画像),Wikimedia Commons,https://ja.wikipedia.org/wiki/%E9%BB%92%E7%9F%B3%E5%B8%82
C398,https://upload.wikimedia.org/wikipedia/commons/thumb/8/82/Tachineputa%EF%BD%9E2007_%22Mebukiurasaburu%22.JPG/500px-Tachineputa%EF%BD%9E2007_%22Mebukiurasaburu%22.JPG,五所川原市,(Wikipedia代表画像),Wikimedia Commons,https://ja.wikipedia.org/wiki/%E4%BA%94%E6%89%80%E5%B7%9D%E5%8E%9F%E5%B8%82
C399,https://upload.wikimedia.org/wikipedia/commons/thumb/c/c0/Lake_Towada_from_Ohanabe_2008.jpg/500px-Lake_Towada_from_Ohanabe_2008.jpg,十和田市,(Wikipedia代表画像),Wikimedia Commons,https://ja.wikipedia.org/wiki/%E5%8D%81%E5%92%8C%E7%94%B0%E5%B8%82
C400,https://upload.wikimedia.org/wikipedia/commons/thumb/f/fa/US_Navy_010702-N-8726C-001_P-3C.jpg/500px-US_Navy_010702-N-8726C-001_P-3C.jpg,三沢市,(Wikipedia代表画像),Wikimedia Commons,https://ja.wikipedia.org/wiki/%E4%B8%89%E6%B2%A2%E5%B8%82
C401,https://upload.wikimedia.org/wikipedia/commons/thumb/9/9f/Kamegaoka2.jpg/500px-Kamegaoka2.jpg,つがる市,(Wikipedia代表画像),Wikimedia Commons,https://ja.wikipedia.org/wiki/%E3%81%A4%E3%81%8C%E3%82%8B%E5%B8%82
C402,https://upload.wikimedia.org/wikipedia/commons/thumb/0/02/Seibien_Hirakawa_Aomori_pref_Japan02s3.jpg/500px-Seibien_Hirakawa_Aomori_pref_Japan02s3.jpg,平川市,(Wikipedia代表画像),Wikimedia Commons,https://ja.wikipedia.org/wiki/%E5%B9%B3%E5%B7%9D%E5%B8%82
C403,https://upload.wikimedia.org/wikipedia/commons/thumb/a/ae/Oshima_Island_from_Natsudomari_Peninsula.jpg/500px-Oshima_Island_from_Natsudomari_Peninsula.jpg,平内町,(Wikipedia代表画像),Wikimedia Commons,https://ja.wikipedia.org/wiki/%E5%B9%B3%E5%86%85%E7%94%BA
C404,https://upload.wikimedia.org/wikipedia/commons/thumb/f/fc/Takanosaki_imabetsu_Aomori_Japan.jpg/500px-Takanosaki_imabetsu_Aomori_Japan.jpg,今別町,(Wikipedia代表画像),Wikimedia Commons,https://ja.wikipedia.org/wiki/%E4%BB%8A%E5%88%A5%E7%94%BA
C405,https://upload.wikimedia.org/wikipedia/commons/thumb/9/99/JR_Yomogita_sta_001.jpg/500px-JR_Yomogita_sta_001.jpg,蓬田村,(Wikipedia代表画像),Wikimedia Commons,https://ja.wikipedia.org/wiki/%E8%93%AC%E7%94%B0%E6%9D%91
C406,https://upload.wikimedia.org/wikipedia/commons/thumb/2/26/Tappisaki.JPG/500px-Tappisaki.JPG,外ヶ浜町,(Wikipedia代表画像),Wikimedia Commons,https://ja.wikipedia.org/wiki/%E5%A4%96%E3%83%B6%E6%B5%9C%E7%94%BA
C407,https://upload.wikimedia.org/wikipedia/commons/thumb/0/03/Dried_Cuttlefish_Curtain_-_panoramio.jpg/500px-Dried_Cuttlefish_Curtain_-_panoramio.jpg,鰺ヶ沢町,(Wikipedia代表画像),Wikimedia Commons,https://ja.wikipedia.org/wiki/%E9%B0%BA%E3%83%B6%E6%B2%A2%E7%94%BA
C408,https://upload.wikimedia.org/wikipedia/commons/thumb/0/08/Senjyojiki1.JPG/500px-Senjyojiki1.JPG,深浦町,(Wikipedia代表画像),Wikimedia Commons,https://ja.wikipedia.org/wiki/%E6%B7%B1%E6%B5%A6%E7%94%BA
C409,https://upload.wikimedia.org/wikipedia/commons/thumb/1/13/MG_1642-3s.jpg/500px-MG_1642-3s.jpg,西目屋村,(Wikipedia代表画像),Wikimedia Commons,https://ja.wikipedia.org/wiki/%E8%A5%BF%E7%9B%AE%E5%B1%8B%E6%9D%91
C410,https://upload.wikimedia.org/wikipedia/commons/thumb/3/37/%E7%99%BD%E9%B3%A5%E3%81%B5%E3%82%8C%E3%81%82%E3%81%84%E5%BA%83%E5%A0%B4.jpg/500px-%E7%99%BD%E9%B3%A5%E3%81%B5%E3%82%8C%E3%81%82%E3%81%84%E5%BA%83%E5%A0%B4.jpg,藤崎町,(Wikipedia代表画像),Wikimedia Commons,https://ja.wikipedia.org/wiki/%E8%97%A4%E5%B4%8E%E7%94%BA
C411,https://upload.wikimedia.org/wikipedia/commons/thumb/d/d4/Owani_Onsen_Owani_Aomori_pref_Japan01s3.jpg/500px-Owani_Onsen_Owani_Aomori_pref_Japan01s3.jpg,大鰐町,(Wikipedia代表画像),Wikimedia Commons,https://ja.wikipedia.org/wiki/%E5%A4%A7%E9%B0%90%E7%94%BA
C412,https://upload.wikimedia.org/wikipedia/commons/thumb/e/e6/Inakadate.jpg/500px-Inakadate.jpg,田舎館村,(Wikipedia代表画像),Wikimedia Commons,https://ja.wikipedia.org/wiki/%E7%94%B0%E8%88%8E%E9%A4%A8%E6%9D%91
C413,https://upload.wikimedia.org/wikipedia/commons/thumb/c/c1/Kaido-jinja%2C_Itayanagi_20190908a.jpg/500px-Kaido-jinja%2C_Itayanagi_20190908a.jpg,板柳町,(Wikipedia代表画像),Wikimedia Commons,https://ja.wikipedia.org/wiki/%E6%9D%BF%E6%9F%B3%E7%94%BA
C414,https://upload.wikimedia.org/wikipedia/commons/thumb/2/24/Tsuruno-maihashi_in_April_2023.jpg/500px-Tsuruno-maihashi_in_April_2023.jpg,鶴田町,(Wikipedia代表画像),Wikimedia Commons,https://ja.wikipedia.org/wiki/%E9%B6%B4%E7%94%B0%E7%94%BA
C415,https://upload.wikimedia.org/wikipedia/commons/thumb/5/5b/Orikoshinai_Beach_202607.jpg/500px-Orikoshinai_Beach_202607.jpg,中泊町,(Wikipedia代表画像),Wikimedia Commons,https://ja.wikipedia.org/wiki/%E4%B8%AD%E6%B3%8A%E7%94%BA
C416,https://upload.wikimedia.org/wikipedia/commons/thumb/6/6f/Joyato_Park_in_Noheji_Town.jpg/500px-Joyato_Park_in_Noheji_Town.jpg,野辺地町,(Wikipedia代表画像),Wikimedia Commons,https://ja.wikipedia.org/wiki/%E9%87%8E%E8%BE%BA%E5%9C%B0%E7%94%BA
C417,https://upload.wikimedia.org/wikipedia/commons/thumb/a/ad/%E4%B8%83%E6%88%B8%E7%A5%9E%E6%98%8E%E5%AE%AE.JPG/500px-%E4%B8%83%E6%88%B8%E7%A5%9E%E6%98%8E%E5%AE%AE.JPG,七戸町,(Wikipedia代表画像),Wikimedia Commons,https://ja.wikipedia.org/wiki/%E4%B8%83%E6%88%B8%E7%94%BA
C418,https://upload.wikimedia.org/wikipedia/commons/thumb/c/cd/%E8%88%8A%E6%BE%80%E6%BE%A4%E9%82%B8_Old_Shibusawa_Mansion_-_panoramio.jpg/500px-%E8%88%8A%E6%BE%80%E6%BE%A4%E9%82%B8_Old_Shibusawa_Mansion_-_panoramio.jpg,六戸町,(Wikipedia代表画像),Wikimedia Commons,https://ja.wikipedia.org/wiki/%E5%85%AD%E6%88%B8%E7%94%BA
C419,https://upload.wikimedia.org/wikipedia/commons/thumb/f/f9/Yokohama_wind_farm.jpg/500px-Yokohama_wind_farm.jpg,横浜町,(Wikipedia代表画像),Wikimedia Commons,https://ja.wikipedia.org/wiki/%E6%A8%AA%E6%B5%9C%E7%94%BA
C420,https://upload.wikimedia.org/wikipedia/commons/5/5d/%E3%81%A4%E3%81%BC%E3%81%AE%E3%81%84%E3%81%97%E3%81%B6%E3%81%BF.JPG,東北町,(Wikipedia代表画像),Wikimedia Commons,https://ja.wikipedia.org/wiki/%E6%9D%B1%E5%8C%97%E7%94%BA
C421,https://upload.wikimedia.org/wikipedia/commons/thumb/1/1a/Rokkasho_1.JPG/500px-Rokkasho_1.JPG,六ヶ所村,(Wikipedia代表画像),Wikimedia Commons,https://ja.wikipedia.org/wiki/%E5%85%AD%E3%83%B6%E6%89%80%E6%9D%91
C422,https://upload.wikimedia.org/wikipedia/commons/thumb/8/86/The_statue_of_liberty_in_Icho_Park_Oirase.jpg/500px-The_statue_of_liberty_in_Icho_Park_Oirase.jpg,おいらせ町,(Wikipedia代表画像),Wikimedia Commons,https://ja.wikipedia.org/wiki/%E3%81%8A%E3%81%84%E3%82%89%E3%81%9B%E7%94%BA
C423,https://upload.wikimedia.org/wikipedia/commons/thumb/e/ee/%E3%81%BE%E3%81%90%E3%82%8D%E4%B8%80%E6%9C%AC%E9%87%A3%E3%81%AE%E7%94%BA%E3%81%8A%E3%81%8A%E3%81%BE.jpg/500px-%E3%81%BE%E3%81%90%E3%82%8D%E4%B8%80%E6%9C%AC%E9%87%A3%E3%81%AE%E7%94%BA%E3%81%8A%E3%81%8A%E3%81%BE.jpg,大間町,(Wikipedia代表画像),Wikimedia Commons,https://ja.wikipedia.org/wiki/%E5%A4%A7%E9%96%93%E7%94%BA
C424,https://upload.wikimedia.org/wikipedia/commons/thumb/a/ac/Cape_Shiriya_and_Kandachime_horses.jpg/500px-Cape_Shiriya_and_Kandachime_horses.jpg,東通村,(Wikipedia代表画像),Wikimedia Commons,https://ja.wikipedia.org/wiki/%E6%9D%B1%E9%80%9A%E6%9D%91
C425,https://upload.wikimedia.org/wikipedia/commons/thumb/f/ff/Shimofuro_Onsen_town_1.JPG/500px-Shimofuro_Onsen_town_1.JPG,風間浦村,(Wikipedia代表画像),Wikimedia Commons,https://ja.wikipedia.org/wiki/%E9%A2%A8%E9%96%93%E6%B5%A6%E6%9D%91
C426,https://upload.wikimedia.org/wikipedia/commons/thumb/5/5f/Hotokegaura_aomori_prefecture_2006-10-08.jpg/500px-Hotokegaura_aomori_prefecture_2006-10-08.jpg,佐井村,(Wikipedia代表画像),Wikimedia Commons,https://ja.wikipedia.org/wiki/%E4%BD%90%E4%BA%95%E6%9D%91
C427,https://upload.wikimedia.org/wikipedia/commons/thumb/e/e1/%E4%B8%89%E6%88%B8%E5%9F%8E%E6%B8%A9%E6%95%85%E9%A4%A8.JPG/500px-%E4%B8%89%E6%88%B8%E5%9F%8E%E6%B8%A9%E6%95%85%E9%A4%A8.JPG,三戸町,(Wikipedia代表画像),Wikimedia Commons,https://ja.wikipedia.org/wiki/%E4%B8%89%E6%88%B8%E7%94%BA
C428,https://upload.wikimedia.org/wikipedia/commons/thumb/9/95/Gonohe_Fire_Team.jpg/500px-Gonohe_Fire_Team.jpg,五戸町,(Wikipedia代表画像),Wikimedia Commons,https://ja.wikipedia.org/wiki/%E4%BA%94%E6%88%B8%E7%94%BA
C429,https://upload.wikimedia.org/wikipedia/commons/thumb/5/5e/Takko_Garlic_Center_1.jpg/500px-Takko_Garlic_Center_1.jpg,田子町,(Wikipedia代表画像),Wikimedia Commons,https://ja.wikipedia.org/wiki/%E7%94%B0%E5%AD%90%E7%94%BA
C430,https://upload.wikimedia.org/wikipedia/commons/thumb/a/ac/Shojujidate_ruins.jpg/500px-Shojujidate_ruins.jpg,南部町 (青森県),(Wikipedia代表画像),Wikimedia Commons,https://ja.wikipedia.org/wiki/%E5%8D%97%E9%83%A8%E7%94%BA%20(%E9%9D%92%E6%A3%AE%E7%9C%8C)
C431,https://upload.wikimedia.org/wikipedia/commons/thumb/9/9a/Hashikami_Kaigan_Kobunato_Parkland_1.jpg/500px-Hashikami_Kaigan_Kobunato_Parkland_1.jpg,階上町,(Wikipedia代表画像),Wikimedia Commons,https://ja.wikipedia.org/wiki/%E9%9A%8E%E4%B8%8A%E7%94%BA
C432,https://upload.wikimedia.org/wikipedia/commons/thumb/7/7c/Wooden_Cross_of_KIRISUTO_NO_HAKA_in_Shingo_Village_Aomori_Prefecture_01.jpg/500px-Wooden_Cross_of_KIRISUTO_NO_HAKA_in_Shingo_Village_Aomori_Prefecture_01.jpg,新郷村,(Wikipedia代表画像),Wikimedia Commons,https://ja.wikipedia.org/wiki/%E6%96%B0%E9%83%B7%E6%9D%91
C433,https://upload.wikimedia.org/wikipedia/commons/thumb/3/38/Goisi10.jpg/500px-Goisi10.jpg,大船渡市,(Wikipedia代表画像),Wikimedia Commons,https://ja.wikipedia.org/wiki/%E5%A4%A7%E8%88%B9%E6%B8%A1%E5%B8%82
C434,https://upload.wikimedia.org/wikipedia/commons/thumb/5/50/%E8%8A%B1%E5%B7%BB%E6%B8%A9%E6%B3%89_%E3%83%90%E3%83%A9%E5%9C%92%E3%81%A8%E3%83%9B%E3%83%86%E3%83%AB3%E9%A4%A8.jpg/500px-%E8%8A%B1%E5%B7%BB%E6%B8%A9%E6%B3%89_%E3%83%90%E3%83%A9%E5%9C%92%E3%81%A8%E3%83%9B%E3%83%86%E3%83%AB3%E9%A4%A8.jpg,花巻市,(Wikipedia代表画像),Wikimedia Commons,https://ja.wikipedia.org/wiki/%E8%8A%B1%E5%B7%BB%E5%B8%82
C435,https://upload.wikimedia.org/wikipedia/commons/thumb/a/ac/Oni_Kenbai_1%2C_Kitakami%2C_Iwate.jpg/500px-Oni_Kenbai_1%2C_Kitakami%2C_Iwate.jpg,北上市,(Wikipedia代表画像),Wikimedia Commons,https://ja.wikipedia.org/wiki/%E5%8C%97%E4%B8%8A%E5%B8%82
C436,https://upload.wikimedia.org/wikipedia/commons/thumb/b/bc/Tsuriganedo.jpg/500px-Tsuriganedo.jpg,久慈市,(Wikipedia代表画像),Wikimedia Commons,https://ja.wikipedia.org/wiki/%E4%B9%85%E6%85%88%E5%B8%82
C437,https://upload.wikimedia.org/wikipedia/commons/thumb/a/ad/230727_Genbikei_Ichinoseki_Iwate_pref_Japan03s3.jpg/500px-230727_Genbikei_Ichinoseki_Iwate_pref_Japan03s3.jpg,一関市,(Wikipedia代表画像),Wikimedia Commons,https://ja.wikipedia.org/wiki/%E4%B8%80%E9%96%A2%E5%B8%82
C438,https://upload.wikimedia.org/wikipedia/commons/thumb/a/a2/Miracle_Pine_Tree.jpg/500px-Miracle_Pine_Tree.jpg,陸前高田市,(Wikipedia代表画像),Wikimedia Commons,https://ja.wikipedia.org/wiki/%E9%99%B8%E5%89%8D%E9%AB%98%E7%94%B0%E5%B8%82
C439,https://upload.wikimedia.org/wikipedia/commons/thumb/a/a6/Hashino-sanbankouroato.jpg/500px-Hashino-sanbankouroato.jpg,釜石市,(Wikipedia代表画像),Wikimedia Commons,https://ja.wikipedia.org/wiki/%E9%87%9C%E7%9F%B3%E5%B8%82
C440,https://upload.wikimedia.org/wikipedia/commons/thumb/3/3c/Daihougai%2CNinohe%2CIwate.jpg/500px-Daihougai%2CNinohe%2CIwate.jpg,二戸市,(Wikipedia代表画像),Wikimedia Commons,https://ja.wikipedia.org/wiki/%E4%BA%8C%E6%88%B8%E5%B8%82
C441,https://upload.wikimedia.org/wikipedia/commons/thumb/1/1e/%E5%85%AB%E5%B9%A1%E5%B9%B3.jpg/500px-%E5%85%AB%E5%B9%A1%E5%B9%B3.jpg,八幡平市,(Wikipedia代表画像),Wikimedia Commons,https://ja.wikipedia.org/wiki/%E5%85%AB%E5%B9%A1%E5%B9%B3%E5%B8%82
C442,https://upload.wikimedia.org/wikipedia/commons/thumb/e/e0/Esashi-fujiharanosato.jpg/500px-Esashi-fujiharanosato.jpg,奥州市,(Wikipedia代表画像),Wikimedia Commons,https://ja.wikipedia.org/wiki/%E5%A5%A5%E5%B7%9E%E5%B8%82
C443,https://upload.wikimedia.org/wikipedia/commons/thumb/7/77/%E7%89%A7%E9%87%8E%E3%81%A8%E5%B2%A9%E6%89%8B%E5%B1%B1_Mt._Iwate_from_the_Ranch_-_panoramio.jpg/500px-%E7%89%A7%E9%87%8E%E3%81%A8%E5%B2%A9%E6%89%8B%E5%B1%B1_Mt._Iwate_from_the_Ranch_-_panoramio.jpg,滝沢市,(Wikipedia代表画像),Wikimedia Commons,https://ja.wikipedia.org/wiki/%E6%BB%9D%E6%B2%A2%E5%B8%82
C444,https://upload.wikimedia.org/wikipedia/commons/thumb/5/59/Cherry_tree_and_Mount_Iwate_in_spring_2026.jpg/500px-Cherry_tree_and_Mount_Iwate_in_spring_2026.jpg,雫石町,(Wikipedia代表画像),Wikimedia Commons,https://ja.wikipedia.org/wiki/%E9%9B%AB%E7%9F%B3%E7%94%BA
C445,https://upload.wikimedia.org/wikipedia/commons/thumb/e/e6/Shinnmati-2017.jpg/500px-Shinnmati-2017.jpg,葛巻町,(Wikipedia代表画像),Wikimedia Commons,https://ja.wikipedia.org/wiki/%E8%91%9B%E5%B7%BB%E7%94%BA
C446,https://upload.wikimedia.org/wikipedia/commons/thumb/c/cd/Michinoeki_Ishigami_no_Oka.JPG/500px-Michinoeki_Ishigami_no_Oka.JPG,岩手町,(Wikipedia代表画像),Wikimedia Commons,https://ja.wikipedia.org/wiki/%E5%B2%A9%E6%89%8B%E7%94%BA
C447,https://upload.wikimedia.org/wikipedia/commons/thumb/2/2f/Kousuijijou001.jpg/500px-Kousuijijou001.jpg,紫波町,(Wikipedia代表画像),Wikimedia Commons,https://ja.wikipedia.org/wiki/%E7%B4%AB%E6%B3%A2%E7%94%BA
C448,https://upload.wikimedia.org/wikipedia/commons/thumb/f/f5/%E5%B9%A3%E6%8E%9B%E3%81%AE%E6%BB%9D_IMG_9385.jpg/500px-%E5%B9%A3%E6%8E%9B%E3%81%AE%E6%BB%9D_IMG_9385.jpg,矢巾町,(Wikipedia代表画像),Wikimedia Commons,https://ja.wikipedia.org/wiki/%E7%9F%A2%E5%B7%BE%E7%94%BA
C449,https://upload.wikimedia.org/wikipedia/commons/thumb/a/a0/Train_of_Kitakami_Line_photographed_in_Nishiwaga_Town.jpg/500px-Train_of_Kitakami_Line_photographed_in_Nishiwaga_Town.jpg,西和賀町,(Wikipedia代表画像),Wikimedia Commons,https://ja.wikipedia.org/wiki/%E8%A5%BF%E5%92%8C%E8%B3%80%E7%94%BA
C450,https://upload.wikimedia.org/wikipedia/commons/thumb/d/da/Shiraito_machinami_kouryukan_in_Kanegasaki.jpg/500px-Shiraito_machinami_kouryukan_in_Kanegasaki.jpg,金ケ崎町,(Wikipedia代表画像),Wikimedia Commons,https://ja.wikipedia.org/wiki/%E9%87%91%E3%82%B1%E5%B4%8E%E7%94%BA
C451,https://upload.wikimedia.org/wikipedia/commons/thumb/0/0d/Rokando_Limestone_Cave%2C_Amanoiwato_Falls%2C_in_2010-03-06.jpg/500px-Rokando_Limestone_Cave%2C_Amanoiwato_Falls%2C_in_2010-03-06.jpg,住田町,(Wikipedia代表画像),Wikimedia Commons,https://ja.wikipedia.org/wiki/%E4%BD%8F%E7%94%B0%E7%94%BA
C452,https://upload.wikimedia.org/wikipedia/commons/thumb/c/c4/Hourai_Islnd_in_Otsuchi.jpg/500px-Hourai_Islnd_in_Otsuchi.jpg,大槌町,(Wikipedia代表画像),Wikimedia Commons,https://ja.wikipedia.org/wiki/%E5%A4%A7%E6%A7%8C%E7%94%BA
C453,https://upload.wikimedia.org/wikipedia/commons/thumb/f/f3/Museum_of_whale_and_sea.jpg/500px-Museum_of_whale_and_sea.jpg,山田町,(Wikipedia代表画像),Wikimedia Commons,https://ja.wikipedia.org/wiki/%E5%B1%B1%E7%94%B0%E7%94%BA
C454,https://upload.wikimedia.org/wikipedia/commons/thumb/a/a3/Ryusendo2.jpg/500px-Ryusendo2.jpg,岩泉町,(Wikipedia代表画像),Wikimedia Commons,https://ja.wikipedia.org/wiki/%E5%B2%A9%E6%B3%89%E7%94%BA
C455,https://upload.wikimedia.org/wikipedia/commons/thumb/c/c4/Kitayamasaki.jpg/500px-Kitayamasaki.jpg,田野畑村,(Wikipedia代表画像),Wikimedia Commons,https://ja.wikipedia.org/wiki/%E7%94%B0%E9%87%8E%E7%95%91%E6%9D%91
C456,https://upload.wikimedia.org/wikipedia/commons/thumb/1/14/KurosakiToudai2010.jpg/500px-KurosakiToudai2010.jpg,普代村,(Wikipedia代表画像),Wikimedia Commons,https://ja.wikipedia.org/wiki/%E6%99%AE%E4%BB%A3%E6%9D%91
C457,https://upload.wikimedia.org/wikipedia/commons/thumb/c/cb/090513%E8%BB%BD%E7%B1%B3%E3%83%95%E3%82%A9%E3%83%AA%E3%82%B9%E3%83%88%E3%83%91%E3%83%BC%E3%82%AF.jpg/500px-090513%E8%BB%BD%E7%B1%B3%E3%83%95%E3%82%A9%E3%83%AA%E3%82%B9%E3%83%88%E3%83%91%E3%83%BC%E3%82%AF.jpg,軽米町,(Wikipedia代表画像),Wikimedia Commons,https://ja.wikipedia.org/wiki/%E8%BB%BD%E7%B1%B3%E7%94%BA
C458,https://upload.wikimedia.org/wikipedia/commons/thumb/c/c5/Hotate_Observatory.jpg/500px-Hotate_Observatory.jpg,野田村,(Wikipedia代表画像),Wikimedia Commons,https://ja.wikipedia.org/wiki/%E9%87%8E%E7%94%B0%E6%9D%91
C459,https://upload.wikimedia.org/wikipedia/commons/thumb/8/89/Kunohe-oritume.jpg/500px-Kunohe-oritume.jpg,九戸村,(Wikipedia代表画像),Wikimedia Commons,https://ja.wikipedia.org/wiki/%E4%B9%9D%E6%88%B8%E6%9D%91
C460,https://upload.wikimedia.org/wikipedia/commons/thumb/5/5e/Taneichi_Seaside_Park_1.jpg/500px-Taneichi_Seaside_Park_1.jpg,洋野町,(Wikipedia代表画像),Wikimedia Commons,https://ja.wikipedia.org/wiki/%E6%B4%8B%E9%87%8E%E7%94%BA
C461,https://upload.wikimedia.org/wikipedia/commons/thumb/4/41/%E5%BE%A1%E6%89%80%E9%87%8E%E9%81%BA%E8%B7%A1%E7%AB%AA%E7%A9%B4%E5%BC%8F%E4%BD%8F%E5%B1%85.JPG/500px-%E5%BE%A1%E6%89%80%E9%87%8E%E9%81%BA%E8%B7%A1%E7%AB%AA%E7%A9%B4%E5%BC%8F%E4%BD%8F%E5%B1%85.JPG,一戸町,(Wikipedia代表画像),Wikimedia Commons,https://ja.wikipedia.org/wiki/%E4%B8%80%E6%88%B8%E7%94%BA
C462,https://upload.wikimedia.org/wikipedia/commons/thumb/a/a6/211030_Shiogama-jinja_Shiogama_Miyagi_pref_Japan02s3.jpg/500px-211030_Shiogama-jinja_Shiogama_Miyagi_pref_Japan02s3.jpg,塩竈市,(Wikipedia代表画像),Wikimedia Commons,https://ja.wikipedia.org/wiki/%E5%A1%A9%E7%AB%88%E5%B8%82
C463,https://upload.wikimedia.org/wikipedia/commons/thumb/1/13/Shiroishijo_Castle_%26_statue_of_%C5%8Czutsu_Man%27emon.JPG/500px-Shiroishijo_Castle_%26_statue_of_%C5%8Czutsu_Man%27emon.JPG,白石市,(Wikipedia代表画像),Wikimedia Commons,https://ja.wikipedia.org/wiki/%E7%99%BD%E7%9F%B3%E5%B8%82
C464,https://upload.wikimedia.org/wikipedia/commons/thumb/3/35/211028_Sendai_Airport_Sendai_Miyagi_prefecture_Japan01bs.jpg/500px-211028_Sendai_Airport_Sendai_Miyagi_prefecture_Japan01bs.jpg,名取市,(Wikipedia代表画像),Wikimedia Commons,https://ja.wikipedia.org/wiki/%E5%90%8D%E5%8F%96%E5%B8%82
C465,https://upload.wikimedia.org/wikipedia/commons/thumb/5/5c/%E3%83%AD%E3%82%B1%E3%83%83%E3%83%88_-_panoramio.jpg/500px-%E3%83%AD%E3%82%B1%E3%83%83%E3%83%88_-_panoramio.jpg,角田市,(Wikipedia代表画像),Wikimedia Commons,https://ja.wikipedia.org/wiki/%E8%A7%92%E7%94%B0%E5%B8%82
C466,https://upload.wikimedia.org/wikipedia/commons/thumb/3/39/Tagajo-ato_kouden.JPG/500px-Tagajo-ato_kouden.JPG,多賀城市,(Wikipedia代表画像),Wikimedia Commons,https://ja.wikipedia.org/wiki/%E5%A4%9A%E8%B3%80%E5%9F%8E%E5%B8%82
C467,https://upload.wikimedia.org/wikipedia/commons/thumb/b/b7/Hatsum%C5%8Dde_in_Takekoma-jinja_1.jpg/500px-Hatsum%C5%8Dde_in_Takekoma-jinja_1.jpg,岩沼市,(Wikipedia代表画像),Wikimedia Commons,https://ja.wikipedia.org/wiki/%E5%B2%A9%E6%B2%BC%E5%B8%82
C468,https://upload.wikimedia.org/wikipedia/commons/thumb/f/fe/Tome_Montage.jpg/500px-Tome_Montage.jpg,登米市,(Wikipedia代表画像),Wikimedia Commons,https://ja.wikipedia.org/wiki/%E7%99%BB%E7%B1%B3%E5%B8%82
C469,https://upload.wikimedia.org/wikipedia/commons/thumb/7/71/Sekaiyati-genseikaen.jpg/500px-Sekaiyati-genseikaen.jpg,栗原市,(Wikipedia代表画像),Wikimedia Commons,https://ja.wikipedia.org/wiki/%E6%A0%97%E5%8E%9F%E5%B8%82
C470,https://upload.wikimedia.org/wikipedia/commons/thumb/8/80/Mt._Ootakamori_01.jpg/500px-Mt._Ootakamori_01.jpg,東松島市,(Wikipedia代表画像),Wikimedia Commons,https://ja.wikipedia.org/wiki/%E6%9D%B1%E6%9D%BE%E5%B3%B6%E5%B8%82
C471,https://upload.wikimedia.org/wikipedia/commons/thumb/6/60/Osaki_Montage2.jpg/500px-Osaki_Montage2.jpg,大崎市,(Wikipedia代表画像),Wikimedia Commons,https://ja.wikipedia.org/wiki/%E5%A4%A7%E5%B4%8E%E5%B8%82
C472,https://upload.wikimedia.org/wikipedia/commons/thumb/5/5e/Okame-shinrin-park.JPG/500px-Okame-shinrin-park.JPG,富谷市,(Wikipedia代表画像),Wikimedia Commons,https://ja.wikipedia.org/wiki/%E5%AF%8C%E8%B0%B7%E5%B8%82
C473,https://upload.wikimedia.org/wikipedia/commons/thumb/d/d9/Zao_L.Okama.JPG/500px-Zao_L.Okama.JPG,蔵王町,(Wikipedia代表画像),Wikimedia Commons,https://ja.wikipedia.org/wiki/%E8%94%B5%E7%8E%8B%E7%94%BA
C474,https://upload.wikimedia.org/wikipedia/commons/thumb/d/dd/%E6%BB%91%E6%B4%A5%E5%A4%A7%E6%BB%9D_%283777342485%29.jpg/500px-%E6%BB%91%E6%B4%A5%E5%A4%A7%E6%BB%9D_%283777342485%29.jpg,七ヶ宿町,(Wikipedia代表画像),Wikimedia Commons,https://ja.wikipedia.org/wiki/%E4%B8%83%E3%83%B6%E5%AE%BF%E7%94%BA
C475,https://upload.wikimedia.org/wikipedia/commons/thumb/f/f3/Mount_Za%C5%8D_and_Sakura_01.jpg/500px-Mount_Za%C5%8D_and_Sakura_01.jpg,大河原町,(Wikipedia代表画像),Wikimedia Commons,https://ja.wikipedia.org/wiki/%E5%A4%A7%E6%B2%B3%E5%8E%9F%E7%94%BA
C476,https://upload.wikimedia.org/wikipedia/commons/thumb/b/bf/Kuranomatunami.jpg/500px-Kuranomatunami.jpg,村田町,(Wikipedia代表画像),Wikimedia Commons,https://ja.wikipedia.org/wiki/%E6%9D%91%E7%94%B0%E7%94%BA
C477,https://upload.wikimedia.org/wikipedia/commons/thumb/c/cd/%E4%B8%80%E7%9B%AE%E5%8D%83%E6%9C%AC%E6%A1%9C%E3%81%A8%E8%88%B9%E5%B2%A1%E5%9F%8E%E5%9D%80_Cherry_Blossoms_and_Funaoka_Castle_Ruin_-_panoramio.jpg/500px-%E4%B8%80%E7%9B%AE%E5%8D%83%E6%9C%AC%E6%A1%9C%E3%81%A8%E8%88%B9%E5%B2%A1%E5%9F%8E%E5%9D%80_Cherry_Blossoms_and_Funaoka_Castle_Ruin_-_panoramio.jpg,柴田町,(Wikipedia代表画像),Wikimedia Commons,https://ja.wikipedia.org/wiki/%E6%9F%B4%E7%94%B0%E7%94%BA
C478,https://upload.wikimedia.org/wikipedia/commons/thumb/3/37/Irodori-no-hiroba_of_Michinoku_Lakewood_National_Government_Park_20181007b.jpg/500px-Irodori-no-hiroba_of_Michinoku_Lakewood_National_Government_Park_20181007b.jpg,川崎町 (宮城県),(Wikipedia代表画像),Wikimedia Commons,https://ja.wikipedia.org/wiki/%E5%B7%9D%E5%B4%8E%E7%94%BA%20(%E5%AE%AE%E5%9F%8E%E7%9C%8C)
C479,https://upload.wikimedia.org/wikipedia/commons/thumb/0/01/Sairi_Residence.jpg/500px-Sairi_Residence.jpg,丸森町,(Wikipedia代表画像),Wikimedia Commons,https://ja.wikipedia.org/wiki/%E4%B8%B8%E6%A3%AE%E7%94%BA
C480,https://upload.wikimedia.org/wikipedia/commons/thumb/6/69/Watari-Yurikan1.jpg/500px-Watari-Yurikan1.jpg,亘理町,(Wikipedia代表画像),Wikimedia Commons,https://ja.wikipedia.org/wiki/%E4%BA%98%E7%90%86%E7%94%BA
C481,https://upload.wikimedia.org/wikipedia/commons/thumb/d/d8/Yaegaki-jinja_-_Hondo.jpg/500px-Yaegaki-jinja_-_Hondo.jpg,山元町,(Wikipedia代表画像),Wikimedia Commons,https://ja.wikipedia.org/wiki/%E5%B1%B1%E5%85%83%E7%94%BA
C482,https://upload.wikimedia.org/wikipedia/commons/thumb/d/df/Takayama_Summer_Resort_for_non-Japanese_viewed_from_Azukihama_Beach.JPG/500px-Takayama_Summer_Resort_for_non-Japanese_viewed_from_Azukihama_Beach.JPG,七ヶ浜町,(Wikipedia代表画像),Wikimedia Commons,https://ja.wikipedia.org/wiki/%E4%B8%83%E3%83%B6%E6%B5%9C%E7%94%BA
C483,https://upload.wikimedia.org/wikipedia/commons/thumb/0/0e/Sekisui_Heim_Super_Arena%2C_sub-Arena_%26_Miyagi_Stadium_viewed_from_the_east.JPG/500px-Sekisui_Heim_Super_Arena%2C_sub-Arena_%26_Miyagi_Stadium_viewed_from_the_east.JPG,利府町,(Wikipedia代表画像),Wikimedia Commons,https://ja.wikipedia.org/wiki/%E5%88%A9%E5%BA%9C%E7%94%BA
C484,https://upload.wikimedia.org/wikipedia/commons/thumb/f/f0/Tennouji.JPG/500px-Tennouji.JPG,大和町,(Wikipedia代表画像),Wikimedia Commons,https://ja.wikipedia.org/wiki/%E5%A4%A7%E5%92%8C%E7%94%BA
C485,https://upload.wikimedia.org/wikipedia/commons/thumb/d/d9/Hasekura_tsunenaga_memo.JPG/500px-Hasekura_tsunenaga_memo.JPG,大郷町,(Wikipedia代表画像),Wikimedia Commons,https://ja.wikipedia.org/wiki/%E5%A4%A7%E9%83%B7%E7%94%BA
C486,https://upload.wikimedia.org/wikipedia/commons/thumb/f/fa/Manyokurieitopaaku.JPG/500px-Manyokurieitopaaku.JPG,大衡村,(Wikipedia代表画像),Wikimedia Commons,https://ja.wikipedia.org/wiki/%E5%A4%A7%E8%A1%A1%E6%9D%91
C487,https://upload.wikimedia.org/wikipedia/commons/thumb/f/f0/2nd_Torii_gate_of_Idate-jinja_shrine.JPG/500px-2nd_Torii_gate_of_Idate-jinja_shrine.JPG,色麻町,(Wikipedia代表画像),Wikimedia Commons,https://ja.wikipedia.org/wiki/%E8%89%B2%E9%BA%BB%E7%94%BA
C488,https://upload.wikimedia.org/wikipedia/commons/thumb/8/84/%E5%88%9D%E5%A4%8F%E3%81%AE%E8%96%AC%E8%8E%B1%E5%B1%B1_-_panoramio.jpg/500px-%E5%88%9D%E5%A4%8F%E3%81%AE%E8%96%AC%E8%8E%B1%E5%B1%B1_-_panoramio.jpg,加美町,(Wikipedia代表画像),Wikimedia Commons,https://ja.wikipedia.org/wiki/%E5%8A%A0%E7%BE%8E%E7%94%BA
C489,https://upload.wikimedia.org/wikipedia/commons/thumb/5/53/WakuyaCastle.JPG/500px-WakuyaCastle.JPG,涌谷町,(Wikipedia代表画像),Wikimedia Commons,https://ja.wikipedia.org/wiki/%E6%B6%8C%E8%B0%B7%E7%94%BA
C490,https://upload.wikimedia.org/wikipedia/commons/thumb/d/d4/Haiden_of_Kogota_Yamanokamisha_shrine_4.JPG/500px-Haiden_of_Kogota_Yamanokamisha_shrine_4.JPG,美里町 (宮城県),(Wikipedia代表画像),Wikimedia Commons,https://ja.wikipedia.org/wiki/%E7%BE%8E%E9%87%8C%E7%94%BA%20(%E5%AE%AE%E5%9F%8E%E7%9C%8C)
C491,https://upload.wikimedia.org/wikipedia/commons/thumb/c/ce/Seapal-Pier_Onagawa.jpg/500px-Seapal-Pier_Onagawa.jpg,女川町,(Wikipedia代表画像),Wikimedia Commons,https://ja.wikipedia.org/wiki/%E5%A5%B3%E5%B7%9D%E7%94%BA
C492,https://upload.wikimedia.org/wikipedia/commons/thumb/3/34/Daiyuji_sanmon1%2C_Minamisanriku.jpg/500px-Daiyuji_sanmon1%2C_Minamisanriku.jpg,南三陸町,(Wikipedia代表画像),Wikimedia Commons,https://ja.wikipedia.org/wiki/%E5%8D%97%E4%B8%89%E9%99%B8%E7%94%BA
C493,https://upload.wikimedia.org/wikipedia/commons/thumb/6/6b/Noshiro_montage.jpg/500px-Noshiro_montage.jpg,能代市,(Wikipedia代表画像),Wikimedia Commons,https://ja.wikipedia.org/wiki/%E8%83%BD%E4%BB%A3%E5%B8%82
C494,https://upload.wikimedia.org/wikipedia/commons/thumb/8/8a/Kamakura_at_Yokote_Castle_202402.jpg/500px-Kamakura_at_Yokote_Castle_202402.jpg,横手市,(Wikipedia代表画像),Wikimedia Commons,https://ja.wikipedia.org/wiki/%E6%A8%AA%E6%89%8B%E5%B8%82
C495,https://upload.wikimedia.org/wikipedia/commons/thumb/e/e4/Odate_Jukai_Dome1.JPG/500px-Odate_Jukai_Dome1.JPG,大館市,(Wikipedia代表画像),Wikimedia Commons,https://ja.wikipedia.org/wiki/%E5%A4%A7%E9%A4%A8%E5%B8%82
C496,https://upload.wikimedia.org/wikipedia/commons/thumb/3/38/Akita-Osarizawa_Mine-xl.jpg/500px-Akita-Osarizawa_Mine-xl.jpg,鹿角市,(Wikipedia代表画像),Wikimedia Commons,https://ja.wikipedia.org/wiki/%E9%B9%BF%E8%A7%92%E5%B8%82
C497,https://upload.wikimedia.org/wikipedia/commons/thumb/1/16/Hottainotaki_20070716.jpg/500px-Hottainotaki_20070716.jpg,由利本荘市,(Wikipedia代表画像),Wikimedia Commons,https://ja.wikipedia.org/wiki/%E7%94%B1%E5%88%A9%E6%9C%AC%E8%8D%98%E5%B8%82
C498,https://upload.wikimedia.org/wikipedia/commons/thumb/0/01/Touko_yasaka_zinzya.jpg/500px-Touko_yasaka_zinzya.jpg,潟上市,(Wikipedia代表画像),Wikimedia Commons,https://ja.wikipedia.org/wiki/%E6%BD%9F%E4%B8%8A%E5%B8%82
C499,https://upload.wikimedia.org/wikipedia/commons/thumb/f/f4/%E5%A4%A7%E4%BC%9A%E6%8F%90%E4%BE%9B%E8%8A%B1%E7%81%AB%EF%BC%882014%EF%BC%89.JPG/500px-%E5%A4%A7%E4%BC%9A%E6%8F%90%E4%BE%9B%E8%8A%B1%E7%81%AB%EF%BC%882014%EF%BC%89.JPG,大仙市,(Wikipedia代表画像),Wikimedia Commons,https://ja.wikipedia.org/wiki/%E5%A4%A7%E4%BB%99%E5%B8%82
C500,https://upload.wikimedia.org/wikipedia/commons/thumb/2/24/Snow_Monster_of_Mount_Moriyoshi_03.jpg/500px-Snow_Monster_of_Mount_Moriyoshi_03.jpg,北秋田市,(Wikipedia代表画像),Wikimedia Commons,https://ja.wikipedia.org/wiki/%E5%8C%97%E7%A7%8B%E7%94%B0%E5%B8%82
C501,https://upload.wikimedia.org/wikipedia/commons/thumb/7/7e/Sunset_scean_of_Kisakata.jpg/500px-Sunset_scean_of_Kisakata.jpg,にかほ市,(Wikipedia代表画像),Wikimedia Commons,https://ja.wikipedia.org/wiki/%E3%81%AB%E3%81%8B%E3%81%BB%E5%B8%82
C502,https://upload.wikimedia.org/wikipedia/commons/thumb/3/31/Kosaka_Mine_Office_20180916c.jpg/500px-Kosaka_Mine_Office_20180916c.jpg,小坂町,(Wikipedia代表画像),Wikimedia Commons,https://ja.wikipedia.org/wiki/%E5%B0%8F%E5%9D%82%E7%94%BA
C503,https://upload.wikimedia.org/wikipedia/commons/thumb/9/9c/%E5%85%AB%E6%9C%A8%E6%B2%A2%E9%9B%86%E8%90%BD%E3%83%9E%E3%82%BF%E3%82%AE%E5%9C%9F%E5%80%89%EF%BC%88%E3%82%AF%E3%83%A9%EF%BC%89_%E3%83%9E%E3%82%BF%E3%82%AE%E3%81%8C%E3%81%A4%E3%81%8F%E3%82%8A%E3%80%81%E3%83%9E%E3%82%BF%E3%82%AE%E7%8B%A9%E7%8C%9F%E7%94%A8%E5%85%B7%E3%82%92%E5%8F%8E%E8%94%B5%E3%81%97%E3%81%9F%E3%80%82.JPG/500px-%E5%85%AB%E6%9C%A8%E6%B2%A2%E9%9B%86%E8%90%BD%E3%83%9E%E3%82%BF%E3%82%AE%E5%9C%9F%E5%80%89%EF%BC%88%E3%82%AF%E3%83%A9%EF%BC%89_%E3%83%9E%E3%82%BF%E3%82%AE%E3%81%8C%E3%81%A4%E3%81%8F%E3%82%8A%E3%80%81%E3%83%9E%E3%82%BF%E3%82%AE%E7%8B%A9%E7%8C%9F%E7%94%A8%E5%85%B7%E3%82%92%E5%8F%8E%E8%94%B5%E3%81%97%E3%81%9F%E3%80%82.JPG,上小阿仁村,(Wikipedia代表画像),Wikimedia Commons,https://ja.wikipedia.org/wiki/%E4%B8%8A%E5%B0%8F%E9%98%BF%E4%BB%81%E6%9D%91
C504,https://upload.wikimedia.org/wikipedia/commons/thumb/3/3d/Garo_no_taki_Waterfall_%28%E5%B3%A8%E7%93%8F%E3%81%AE%E6%BB%9D%29_-_panoramio.jpg/500px-Garo_no_taki_Waterfall_%28%E5%B3%A8%E7%93%8F%E3%81%AE%E6%BB%9D%29_-_panoramio.jpg,藤里町,(Wikipedia代表画像),Wikimedia Commons,https://ja.wikipedia.org/wiki/%E8%97%A4%E9%87%8C%E7%94%BA
C505,https://upload.wikimedia.org/wikipedia/commons/thumb/d/de/Moritake_Onsen_Hotel.jpg/500px-Moritake_Onsen_Hotel.jpg,三種町,(Wikipedia代表画像),Wikimedia Commons,https://ja.wikipedia.org/wiki/%E4%B8%89%E7%A8%AE%E7%94%BA
C506,https://upload.wikimedia.org/wikipedia/commons/thumb/a/a1/Sirataki_Zinzya_Mikosi_Maturi.jpg/500px-Sirataki_Zinzya_Mikosi_Maturi.jpg,八峰町,(Wikipedia代表画像),Wikimedia Commons,https://ja.wikipedia.org/wiki/%E5%85%AB%E5%B3%B0%E7%94%BA
C507,https://upload.wikimedia.org/wikipedia/commons/thumb/3/32/Nekobari-iwa_20210614a.jpg/500px-Nekobari-iwa_20210614a.jpg,五城目町,(Wikipedia代表画像),Wikimedia Commons,https://ja.wikipedia.org/wiki/%E4%BA%94%E5%9F%8E%E7%9B%AE%E7%94%BA
C508,https://upload.wikimedia.org/wikipedia/commons/thumb/5/51/Hitoichi_Bon-odori_Festival_2017b.jpg/500px-Hitoichi_Bon-odori_Festival_2017b.jpg,八郎潟町,(Wikipedia代表画像),Wikimedia Commons,https://ja.wikipedia.org/wiki/%E5%85%AB%E9%83%8E%E6%BD%9F%E7%94%BA
C509,https://upload.wikimedia.org/wikipedia/commons/thumb/f/f1/Scenery_of_Nihon_Kokkaen_20210425.jpg/500px-Scenery_of_Nihon_Kokkaen_20210425.jpg,井川町,(Wikipedia代表画像),Wikimedia Commons,https://ja.wikipedia.org/wiki/%E4%BA%95%E5%B7%9D%E7%94%BA
C510,https://upload.wikimedia.org/wikipedia/commons/thumb/2/2a/40%C2%B0N_and_140%C2%B0E_Crossing_Point.jpg/500px-40%C2%B0N_and_140%C2%B0E_Crossing_Point.jpg,大潟村,(Wikipedia代表画像),Wikimedia Commons,https://ja.wikipedia.org/wiki/%E5%A4%A7%E6%BD%9F%E6%9D%91
C511,https://upload.wikimedia.org/wikipedia/commons/thumb/3/3e/Lavender_field_in_Misato_Town%2C_Akita_20180624e.jpg/500px-Lavender_field_in_Misato_Town%2C_Akita_20180624e.jpg,美郷町 (秋田県),(Wikipedia代表画像),Wikimedia Commons,https://ja.wikipedia.org/wiki/%E7%BE%8E%E9%83%B7%E7%94%BA%20(%E7%A7%8B%E7%94%B0%E7%9C%8C)
C512,https://upload.wikimedia.org/wikipedia/commons/thumb/6/63/Nishimonai_Bon_Odori.jpg/500px-Nishimonai_Bon_Odori.jpg,羽後町,(Wikipedia代表画像),Wikimedia Commons,https://ja.wikipedia.org/wiki/%E7%BE%BD%E5%BE%8C%E7%94%BA
C513,https://upload.wikimedia.org/wikipedia/commons/thumb/f/f5/Sugawa_spa_sunset.jpg/500px-Sugawa_spa_sunset.jpg,東成瀬村,(Wikipedia代表画像),Wikimedia Commons,https://ja.wikipedia.org/wiki/%E6%9D%B1%E6%88%90%E7%80%AC%E6%9D%91
C514,https://upload.wikimedia.org/wikipedia/commons/thumb/6/6c/Uesugi_Shrine_20250713a.jpg/500px-Uesugi_Shrine_20250713a.jpg,米沢市,(Wikipedia代表画像),Wikimedia Commons,https://ja.wikipedia.org/wiki/%E7%B1%B3%E6%B2%A2%E5%B8%82
C515,https://upload.wikimedia.org/wikipedia/commons/thumb/d/dd/Sankyo_Warehouse_in_Sakata%2C_Yamagata%2C_16_June_2013%2C_02.jpg/500px-Sankyo_Warehouse_in_Sakata%2C_Yamagata%2C_16_June_2013%2C_02.jpg,酒田市,(Wikipedia代表画像),Wikimedia Commons,https://ja.wikipedia.org/wiki/%E9%85%92%E7%94%B0%E5%B8%82
C516,https://upload.wikimedia.org/wikipedia/commons/thumb/3/3f/DSC_8717-1_%2820314684583%29.jpg/500px-DSC_8717-1_%2820314684583%29.jpg,新庄市,(Wikipedia代表画像),Wikimedia Commons,https://ja.wikipedia.org/wiki/%E6%96%B0%E5%BA%84%E5%B8%82
C517,https://upload.wikimedia.org/wikipedia/commons/thumb/e/eb/Kaminoyama_Castle_20230806b.jpg/500px-Kaminoyama_Castle_20230806b.jpg,上山市,(Wikipedia代表画像),Wikimedia Commons,https://ja.wikipedia.org/wiki/%E4%B8%8A%E5%B1%B1%E5%B8%82
C518,https://upload.wikimedia.org/wikipedia/commons/thumb/4/48/Higashizawa_Rose_Park_20250601c.jpg/500px-Higashizawa_Rose_Park_20250601c.jpg,村山市,(Wikipedia代表画像),Wikimedia Commons,https://ja.wikipedia.org/wiki/%E6%9D%91%E5%B1%B1%E5%B8%82
C519,https://upload.wikimedia.org/wikipedia/commons/thumb/e/e7/%E9%95%B7%E4%BA%95%E5%B8%82%E3%81%82%E3%82%84%E3%82%81%E5%85%AC%E5%9C%92.jpg/500px-%E9%95%B7%E4%BA%95%E5%B8%82%E3%81%82%E3%82%84%E3%82%81%E5%85%AC%E5%9C%92.jpg,長井市,(Wikipedia代表画像),Wikimedia Commons,https://ja.wikipedia.org/wiki/%E9%95%B7%E4%BA%95%E5%B8%82
C520,https://upload.wikimedia.org/wikipedia/commons/thumb/3/39/%E5%93%81%E7%A8%AE%E4%BD%90%E8%97%A4%E9%8C%A6.JPG/500px-%E5%93%81%E7%A8%AE%E4%BD%90%E8%97%A4%E9%8C%A6.JPG,東根市,(Wikipedia代表画像),Wikimedia Commons,https://ja.wikipedia.org/wiki/%E6%9D%B1%E6%A0%B9%E5%B8%82
C521,https://upload.wikimedia.org/wikipedia/commons/thumb/0/0b/Evening_twilight_in_Ginzan_Onsen_town_January_2022_A.jpg/500px-Evening_twilight_in_Ginzan_Onsen_town_January_2022_A.jpg,尾花沢市,(Wikipedia代表画像),Wikimedia Commons,https://ja.wikipedia.org/wiki/%E5%B0%BE%E8%8A%B1%E6%B2%A2%E5%B8%82
C522,https://upload.wikimedia.org/wikipedia/commons/thumb/8/82/Akayu_high_street_2005-07.JPG/500px-Akayu_high_street_2005-07.JPG,南陽市,(Wikipedia代表画像),Wikimedia Commons,https://ja.wikipedia.org/wiki/%E5%8D%97%E9%99%BD%E5%B8%82
C523,https://upload.wikimedia.org/wikipedia/commons/thumb/4/48/Ankokuji_temple_sanmon%2C_Yamanobe.jpg/500px-Ankokuji_temple_sanmon%2C_Yamanobe.jpg,山辺町,(Wikipedia代表画像),Wikimedia Commons,https://ja.wikipedia.org/wiki/%E5%B1%B1%E8%BE%BA%E7%94%BA
C524,https://upload.wikimedia.org/wikipedia/commons/thumb/2/24/Mogamigawa_Nakayama_Green_Park_seseragi-park%2C_Nakayama.jpg/500px-Mogamigawa_Nakayama_Green_Park_seseragi-park%2C_Nakayama.jpg,中山町,(Wikipedia代表画像),Wikimedia Commons,https://ja.wikipedia.org/wiki/%E4%B8%AD%E5%B1%B1%E7%94%BA
C525,https://upload.wikimedia.org/wikipedia/commons/thumb/b/b5/Kahoku_Town_Safflower_Museum_1.jpg/500px-Kahoku_Town_Safflower_Museum_1.jpg,河北町,(Wikipedia代表画像),Wikimedia Commons,https://ja.wikipedia.org/wiki/%E6%B2%B3%E5%8C%97%E7%94%BA
C526,https://upload.wikimedia.org/wikipedia/commons/thumb/8/8b/SagaeDamLake2.JPG/500px-SagaeDamLake2.JPG,西川町,(Wikipedia代表画像),Wikimedia Commons,https://ja.wikipedia.org/wiki/%E8%A5%BF%E5%B7%9D%E7%94%BA
C527,https://upload.wikimedia.org/wikipedia/commons/thumb/e/ea/Mt_Oasahi_2.JPG/500px-Mt_Oasahi_2.JPG,朝日町 (山形県),(Wikipedia代表画像),Wikimedia Commons,https://ja.wikipedia.org/wiki/%E6%9C%9D%E6%97%A5%E7%94%BA%20(%E5%B1%B1%E5%BD%A2%E7%9C%8C)
C528,https://upload.wikimedia.org/wikipedia/commons/thumb/1/12/%E9%87%8D%E8%A6%81%E6%96%87%E5%8C%96%E7%9A%84%E6%99%AF%E8%A6%B3%E3%83%BB%E5%B7%A6%E6%B2%A2%E7%94%BA%E5%A0%B46.jpg/500px-%E9%87%8D%E8%A6%81%E6%96%87%E5%8C%96%E7%9A%84%E6%99%AF%E8%A6%B3%E3%83%BB%E5%B7%A6%E6%B2%A2%E7%94%BA%E5%A0%B46.jpg,大江町,(Wikipedia代表画像),Wikimedia Commons,https://ja.wikipedia.org/wiki/%E5%A4%A7%E6%B1%9F%E7%94%BA
C529,https://upload.wikimedia.org/wikipedia/commons/thumb/3/3d/Oishida_Town_History_and_Folklore_Museum_1.jpg/500px-Oishida_Town_History_and_Folklore_Museum_1.jpg,大石田町,(Wikipedia代表画像),Wikimedia Commons,https://ja.wikipedia.org/wiki/%E5%A4%A7%E7%9F%B3%E7%94%B0%E7%94%BA
C530,https://upload.wikimedia.org/wikipedia/commons/thumb/d/d5/Maruko_no_kura_in_Kaneyama_Town_20181006a.jpg/500px-Maruko_no_kura_in_Kaneyama_Town_20181006a.jpg,金山町 (山形県),(Wikipedia代表画像),Wikimedia Commons,https://ja.wikipedia.org/wiki/%E9%87%91%E5%B1%B1%E7%94%BA%20(%E5%B1%B1%E5%BD%A2%E7%9C%8C)
C531,https://upload.wikimedia.org/wikipedia/commons/thumb/9/92/Semi-Onsen_street_in_Mogami%2C_Yamagata.JPG/500px-Semi-Onsen_street_in_Mogami%2C_Yamagata.JPG,最上町,(Wikipedia代表画像),Wikimedia Commons,https://ja.wikipedia.org/wiki/%E6%9C%80%E4%B8%8A%E7%94%BA
C532,https://upload.wikimedia.org/wikipedia/commons/thumb/9/96/Mogamioguni_river_from_Chojahara-bridge_%28Down%29.JPG/500px-Mogamioguni_river_from_Chojahara-bridge_%28Down%29.JPG,舟形町,(Wikipedia代表画像),Wikimedia Commons,https://ja.wikipedia.org/wiki/%E8%88%9F%E5%BD%A2%E7%94%BA
C533,https://upload.wikimedia.org/wikipedia/commons/thumb/1/17/%E7%94%BB%E5%83%8F-%E7%9C%9F%E5%AE%A4%E5%B7%9D%E7%A5%AD_%E7%9C%9F%E5%AE%A4%E5%B7%9D%E9%9F%B3%E9%A0%AD_2008.jpg/500px-%E7%94%BB%E5%83%8F-%E7%9C%9F%E5%AE%A4%E5%B7%9D%E7%A5%AD_%E7%9C%9F%E5%AE%A4%E5%B7%9D%E9%9F%B3%E9%A0%AD_2008.jpg,真室川町,(Wikipedia代表画像),Wikimedia Commons,https://ja.wikipedia.org/wiki/%E7%9C%9F%E5%AE%A4%E5%B7%9D%E7%94%BA
C534,https://upload.wikimedia.org/wikipedia/commons/thumb/3/36/Hijiori_Onsen_01.JPG/500px-Hijiori_Onsen_01.JPG,大蔵村,(Wikipedia代表画像),Wikimedia Commons,https://ja.wikipedia.org/wiki/%E5%A4%A7%E8%94%B5%E6%9D%91
C535,https://upload.wikimedia.org/wikipedia/commons/thumb/0/0f/Kosugi_no_Oosugi_1.jpg/500px-Kosugi_no_Oosugi_1.jpg,鮭川村,(Wikipedia代表画像),Wikimedia Commons,https://ja.wikipedia.org/wiki/%E9%AE%AD%E5%B7%9D%E6%9D%91
C536,https://upload.wikimedia.org/wikipedia/commons/thumb/8/8e/Tozawa_Mogami_Gorge_Of_Mogami_River_1.JPG/500px-Tozawa_Mogami_Gorge_Of_Mogami_River_1.JPG,戸沢村,(Wikipedia代表画像),Wikimedia Commons,https://ja.wikipedia.org/wiki/%E6%88%B8%E6%B2%A2%E6%9D%91
C537,https://upload.wikimedia.org/wikipedia/commons/thumb/c/c3/Akutsu_Hachiman_Jinja_sanjuu-no-tou_in_Takahata%2C_Yamagata.jpg/500px-Akutsu_Hachiman_Jinja_sanjuu-no-tou_in_Takahata%2C_Yamagata.jpg,高畠町,(Wikipedia代表画像),Wikimedia Commons,https://ja.wikipedia.org/wiki/%E9%AB%98%E7%95%A0%E7%94%BA
C538,https://upload.wikimedia.org/wikipedia/commons/thumb/8/8b/Kawanishi_DahliaGarden_inside.jpg/500px-Kawanishi_DahliaGarden_inside.jpg,川西町 (山形県),(Wikipedia代表画像),Wikimedia Commons,https://ja.wikipedia.org/wiki/%E5%B7%9D%E8%A5%BF%E7%94%BA%20(%E5%B1%B1%E5%BD%A2%E7%9C%8C)
C539,https://upload.wikimedia.org/wikipedia/commons/thumb/c/c2/Lake_Shiroimori-oguniko.JPG/500px-Lake_Shiroimori-oguniko.JPG,小国町 (山形県),(Wikipedia代表画像),Wikimedia Commons,https://ja.wikipedia.org/wiki/%E5%B0%8F%E5%9B%BD%E7%94%BA%20(%E5%B1%B1%E5%BD%A2%E7%9C%8C)
C540,https://upload.wikimedia.org/wikipedia/commons/thumb/6/68/Sirataka_Mogami_River_2009.jpg/500px-Sirataka_Mogami_River_2009.jpg,白鷹町,(Wikipedia代表画像),Wikimedia Commons,https://ja.wikipedia.org/wiki/%E7%99%BD%E9%B7%B9%E7%94%BA
C541,https://upload.wikimedia.org/wikipedia/commons/thumb/f/fd/%E9%A3%AF%E8%B1%8A%E7%94%BA%E4%B8%AD%E6%B4%A5%E5%B7%9D%E5%B1%95%E6%9C%9B%E5%8F%B0.jpg/500px-%E9%A3%AF%E8%B1%8A%E7%94%BA%E4%B8%AD%E6%B4%A5%E5%B7%9D%E5%B1%95%E6%9C%9B%E5%8F%B0.jpg,飯豊町,(Wikipedia代表画像),Wikimedia Commons,https://ja.wikipedia.org/wiki/%E9%A3%AF%E8%B1%8A%E7%94%BA
C542,https://upload.wikimedia.org/wikipedia/commons/thumb/0/0a/Syonai_Mikawa%2C_Roadside_Station%2C_Yamagata%2C_Japan.jpg/500px-Syonai_Mikawa%2C_Roadside_Station%2C_Yamagata%2C_Japan.jpg,三川町,(Wikipedia代表画像),Wikimedia Commons,https://ja.wikipedia.org/wiki/%E4%B8%89%E5%B7%9D%E7%94%BA
C543,https://upload.wikimedia.org/wikipedia/commons/thumb/3/3d/%E7%AB%8B%E5%B7%9D%E3%81%AE%E9%A2%A8%E8%BB%8A_01_%2827054547462%29.jpg/500px-%E7%AB%8B%E5%B7%9D%E3%81%AE%E9%A2%A8%E8%BB%8A_01_%2827054547462%29.jpg,庄内町,(Wikipedia代表画像),Wikimedia Commons,https://ja.wikipedia.org/wiki/%E5%BA%84%E5%86%85%E7%94%BA
C544,https://upload.wikimedia.org/wikipedia/commons/thumb/9/9d/Yuza_High_School_130429.jpg/500px-Yuza_High_School_130429.jpg,遊佐町,(Wikipedia代表画像),Wikimedia Commons,https://ja.wikipedia.org/wiki/%E9%81%8A%E4%BD%90%E7%94%BA
C545,https://upload.wikimedia.org/wikipedia/commons/thumb/a/ab/Shirakawa_Komine_Castle_20100625-01.jpg/500px-Shirakawa_Komine_Castle_20100625-01.jpg,白河市,(Wikipedia代表画像),Wikimedia Commons,https://ja.wikipedia.org/wiki/%E7%99%BD%E6%B2%B3%E5%B8%82
C546,https://upload.wikimedia.org/wikipedia/commons/thumb/6/67/Kuriyasawa%2C_Sukagawa%2C_Fukushima_Prefecture_962-0866%2C_Japan_-_panoramio.jpg/500px-Kuriyasawa%2C_Sukagawa%2C_Fukushima_Prefecture_962-0866%2C_Japan_-_panoramio.jpg,須賀川市,(Wikipedia代表画像),Wikimedia Commons,https://ja.wikipedia.org/wiki/%E9%A0%88%E8%B3%80%E5%B7%9D%E5%B8%82
C547,https://upload.wikimedia.org/wikipedia/commons/thumb/b/b5/Kitakata_ramen_by_macyu_in_Yamagata.jpg/500px-Kitakata_ramen_by_macyu_in_Yamagata.jpg,喜多方市,(Wikipedia代表画像),Wikimedia Commons,https://ja.wikipedia.org/wiki/%E5%96%9C%E5%A4%9A%E6%96%B9%E5%B8%82
C548,https://upload.wikimedia.org/wikipedia/commons/thumb/a/aa/Matsukawaura0001.JPG/500px-Matsukawaura0001.JPG,相馬市,(Wikipedia代表画像),Wikimedia Commons,https://ja.wikipedia.org/wiki/%E7%9B%B8%E9%A6%AC%E5%B8%82
C549,https://upload.wikimedia.org/wikipedia/commons/thumb/3/34/Nihonmatsu_Castle_Minowa_Gate_20100625-01.jpg/500px-Nihonmatsu_Castle_Minowa_Gate_20100625-01.jpg,二本松市,(Wikipedia代表画像),Wikimedia Commons,https://ja.wikipedia.org/wiki/%E4%BA%8C%E6%9C%AC%E6%9D%BE%E5%B8%82
C550,https://upload.wikimedia.org/wikipedia/commons/thumb/1/14/Flowstones_and_Mushroom_Rocks_inside_Abukuma-do_Cave.JPG/500px-Flowstones_and_Mushroom_Rocks_inside_Abukuma-do_Cave.JPG,田村市,(Wikipedia代表画像),Wikimedia Commons,https://ja.wikipedia.org/wiki/%E7%94%B0%E6%9D%91%E5%B8%82
C551,https://upload.wikimedia.org/wikipedia/commons/thumb/c/c7/The_Soma_Nomaoi_2005-6.jpg/500px-The_Soma_Nomaoi_2005-6.jpg,南相馬市,(Wikipedia代表画像),Wikimedia Commons,https://ja.wikipedia.org/wiki/%E5%8D%97%E7%9B%B8%E9%A6%AC%E5%B8%82
C552,https://upload.wikimedia.org/wikipedia/commons/thumb/0/0c/%E9%9C%8A%E5%B1%B1%E3%81%AE%E7%B4%85%E8%91%89.JPG/500px-%E9%9C%8A%E5%B1%B1%E3%81%AE%E7%B4%85%E8%91%89.JPG,伊達市 (福島県),(Wikipedia代表画像),Wikimedia Commons,https://ja.wikipedia.org/wiki/%E4%BC%8A%E9%81%94%E5%B8%82%20(%E7%A6%8F%E5%B3%B6%E7%9C%8C)
C553,https://upload.wikimedia.org/wikipedia/commons/thumb/1/1e/Mizuiro-park.jpg/500px-Mizuiro-park.jpg,本宮市,(Wikipedia代表画像),Wikimedia Commons,https://ja.wikipedia.org/wiki/%E6%9C%AC%E5%AE%AE%E5%B8%82
C554,https://upload.wikimedia.org/wikipedia/commons/thumb/a/a2/KyuDateGunyakusho2006-12.jpg/500px-KyuDateGunyakusho2006-12.jpg,桑折町,(Wikipedia代表画像),Wikimedia Commons,https://ja.wikipedia.org/wiki/%E6%A1%91%E6%8A%98%E7%94%BA
C555,https://upload.wikimedia.org/wikipedia/commons/thumb/e/e9/Atsukashiyama_ruins.jpg/500px-Atsukashiyama_ruins.jpg,国見町,(Wikipedia代表画像),Wikimedia Commons,https://ja.wikipedia.org/wiki/%E5%9B%BD%E8%A6%8B%E7%94%BA
C556,https://upload.wikimedia.org/wikipedia/commons/thumb/d/d7/Togenomori_watermill.jpg/500px-Togenomori_watermill.jpg,川俣町,(Wikipedia代表画像),Wikimedia Commons,https://ja.wikipedia.org/wiki/%E5%B7%9D%E4%BF%A3%E7%94%BA
C557,https://upload.wikimedia.org/wikipedia/commons/thumb/5/5b/Mount_Adatara.JPG/500px-Mount_Adatara.JPG,大玉村,(Wikipedia代表画像),Wikimedia Commons,https://ja.wikipedia.org/wiki/%E5%A4%A7%E7%8E%89%E6%9D%91
C558,https://upload.wikimedia.org/wikipedia/commons/thumb/d/d1/%E5%B2%A9%E7%80%AC%E7%89%A7%E5%A0%B4%E5%85%A5%E5%8F%A3.jpg/500px-%E5%B2%A9%E7%80%AC%E7%89%A7%E5%A0%B4%E5%85%A5%E5%8F%A3.jpg,鏡石町,(Wikipedia代表画像),Wikimedia Commons,https://ja.wikipedia.org/wiki/%E9%8F%A1%E7%9F%B3%E7%94%BA
C559,https://upload.wikimedia.org/wikipedia/commons/thumb/5/5a/Lake_Hatoriko.jpg/500px-Lake_Hatoriko.jpg,天栄村,(Wikipedia代表画像),Wikimedia Commons,https://ja.wikipedia.org/wiki/%E5%A4%A9%E6%A0%84%E6%9D%91
C560,https://upload.wikimedia.org/wikipedia/commons/thumb/9/92/Ja-fukushima-ohuchijuku-7.jpg/500px-Ja-fukushima-ohuchijuku-7.jpg,下郷町,(Wikipedia代表画像),Wikimedia Commons,https://ja.wikipedia.org/wiki/%E4%B8%8B%E9%83%B7%E7%94%BA
C561,https://upload.wikimedia.org/wikipedia/commons/7/72/Sanjo-taki.jpg,檜枝岐村,(Wikipedia代表画像),Wikimedia Commons,https://ja.wikipedia.org/wiki/%E6%AA%9C%E6%9E%9D%E5%B2%90%E6%9D%91
C562,https://upload.wikimedia.org/wikipedia/commons/thumb/6/66/Lake_Tagokura-2.JPG/500px-Lake_Tagokura-2.JPG,只見町,(Wikipedia代表画像),Wikimedia Commons,https://ja.wikipedia.org/wiki/%E5%8F%AA%E8%A6%8B%E7%94%BA
C563,https://upload.wikimedia.org/wikipedia/commons/thumb/b/b5/Aizu-tajima_Gionsai%2C_Nanahokai.JPG/500px-Aizu-tajima_Gionsai%2C_Nanahokai.JPG,南会津町,(Wikipedia代表画像),Wikimedia Commons,https://ja.wikipedia.org/wiki/%E5%8D%97%E4%BC%9A%E6%B4%A5%E7%94%BA
C564,https://upload.wikimedia.org/wikipedia/commons/thumb/f/fc/Bishamon_Pond_With_Mount_Bandai.JPG/500px-Bishamon_Pond_With_Mount_Bandai.JPG,北塩原村,(Wikipedia代表画像),Wikimedia Commons,https://ja.wikipedia.org/wiki/%E5%8C%97%E5%A1%A9%E5%8E%9F%E6%9D%91
C565,https://upload.wikimedia.org/wikipedia/commons/thumb/0/09/Nozawa%2C_Nishiaizu%2C_Yama_District%2C_Fukushima_Prefecture_969-4406%2C_Japan_-_panoramio_%282%29.jpg/500px-Nozawa%2C_Nishiaizu%2C_Yama_District%2C_Fukushima_Prefecture_969-4406%2C_Japan_-_panoramio_%282%29.jpg,西会津町,(Wikipedia代表画像),Wikimedia Commons,https://ja.wikipedia.org/wiki/%E8%A5%BF%E4%BC%9A%E6%B4%A5%E7%94%BA
C566,https://upload.wikimedia.org/wikipedia/commons/thumb/2/28/Alts_Bandai_02.jpg/500px-Alts_Bandai_02.jpg,磐梯町,(Wikipedia代表画像),Wikimedia Commons,https://ja.wikipedia.org/wiki/%E7%A3%90%E6%A2%AF%E7%94%BA
C567,https://upload.wikimedia.org/wikipedia/commons/thumb/5/54/Nagahama_Iwanashiroko.jpg/500px-Nagahama_Iwanashiroko.jpg,猪苗代町,(Wikipedia代表画像),Wikimedia Commons,https://ja.wikipedia.org/wiki/%E7%8C%AA%E8%8B%97%E4%BB%A3%E7%94%BA
C568,https://upload.wikimedia.org/wikipedia/commons/thumb/c/ce/%E6%81%B5%E9%9A%86%E5%AF%BA%E8%A6%B3%E9%9F%B3%E5%A0%82_%28Eryuji_Kannondo%29.jpg/500px-%E6%81%B5%E9%9A%86%E5%AF%BA%E8%A6%B3%E9%9F%B3%E5%A0%82_%28Eryuji_Kannondo%29.jpg,会津坂下町,(Wikipedia代表画像),Wikimedia Commons,https://ja.wikipedia.org/wiki/%E4%BC%9A%E6%B4%A5%E5%9D%82%E4%B8%8B%E7%94%BA
C569,https://upload.wikimedia.org/wikipedia/commons/thumb/e/e2/Shojoji_Yakushi_Hall.jpg/500px-Shojoji_Yakushi_Hall.jpg,湯川村,(Wikipedia代表画像),Wikimedia Commons,https://ja.wikipedia.org/wiki/%E6%B9%AF%E5%B7%9D%E6%9D%91
C570,https://upload.wikimedia.org/wikipedia/commons/thumb/4/45/%E5%9C%93%E8%94%B5%E5%AF%BA_-_panoramio_%282%29.jpg/500px-%E5%9C%93%E8%94%B5%E5%AF%BA_-_panoramio_%282%29.jpg,柳津町,(Wikipedia代表画像),Wikimedia Commons,https://ja.wikipedia.org/wiki/%E6%9F%B3%E6%B4%A5%E7%94%BA
C571,https://upload.wikimedia.org/wikipedia/commons/thumb/a/ae/DaiichiTadamigawaBridge.jpg/500px-DaiichiTadamigawaBridge.jpg,三島町,(Wikipedia代表画像),Wikimedia Commons,https://ja.wikipedia.org/wiki/%E4%B8%89%E5%B3%B6%E7%94%BA
C572,https://upload.wikimedia.org/wikipedia/commons/thumb/1/1d/Lake_Numazawa%2C_Kanayamatown%2C_Fukushima_Prefecture.jpg/500px-Lake_Numazawa%2C_Kanayamatown%2C_Fukushima_Prefecture.jpg,金山町 (福島県),(Wikipedia代表画像),Wikimedia Commons,https://ja.wikipedia.org/wiki/%E9%87%91%E5%B1%B1%E7%94%BA%20(%E7%A6%8F%E5%B3%B6%E7%9C%8C)
C573,https://upload.wikimedia.org/wikipedia/commons/thumb/b/b9/%E9%A7%92%E6%AD%A2%E6%B9%BF%E5%8E%9F.jpg/500px-%E9%A7%92%E6%AD%A2%E6%B9%BF%E5%8E%9F.jpg,昭和村 (福島県),(Wikipedia代表画像),Wikimedia Commons,https://ja.wikipedia.org/wiki/%E6%98%AD%E5%92%8C%E6%9D%91%20(%E7%A6%8F%E5%B3%B6%E7%9C%8C)
C574,https://upload.wikimedia.org/wikipedia/commons/thumb/3/36/Isasumi-jinja_roumon.JPG/500px-Isasumi-jinja_roumon.JPG,会津美里町,(Wikipedia代表画像),Wikimedia Commons,https://ja.wikipedia.org/wiki/%E4%BC%9A%E6%B4%A5%E7%BE%8E%E9%87%8C%E7%94%BA
C575,https://upload.wikimedia.org/wikipedia/commons/thumb/6/60/%E7%94%B2%E5%AD%90%E6%B8%A9%E6%B3%89.jpg/500px-%E7%94%B2%E5%AD%90%E6%B8%A9%E6%B3%89.jpg,西郷村,(Wikipedia代表画像),Wikimedia Commons,https://ja.wikipedia.org/wiki/%E8%A5%BF%E9%83%B7%E6%9D%91
C576,https://upload.wikimedia.org/wikipedia/commons/thumb/f/f4/Izumizaki_Yokoana.jpg/500px-Izumizaki_Yokoana.jpg,泉崎村,(Wikipedia代表画像),Wikimedia Commons,https://ja.wikipedia.org/wiki/%E6%B3%89%E5%B4%8E%E6%9D%91
C577,https://upload.wikimedia.org/wikipedia/commons/thumb/8/81/%E6%B1%97%E3%81%8B%E3%81%8D%E5%9C%B0%E8%94%B5.jpg/500px-%E6%B1%97%E3%81%8B%E3%81%8D%E5%9C%B0%E8%94%B5.jpg,中島村,(Wikipedia代表画像),Wikimedia Commons,https://ja.wikipedia.org/wiki/%E4%B8%AD%E5%B3%B6%E6%9D%91
C578,https://upload.wikimedia.org/wikipedia/commons/thumb/f/fb/%E5%A4%A7%E6%B1%A0%E5%85%AC%E5%9C%92.jpg/500px-%E5%A4%A7%E6%B1%A0%E5%85%AC%E5%9C%92.jpg,矢吹町,(Wikipedia代表画像),Wikimedia Commons,https://ja.wikipedia.org/wiki/%E7%9F%A2%E5%90%B9%E7%94%BA
C579,https://upload.wikimedia.org/wikipedia/commons/thumb/5/59/Tanakura_Castle_hori.JPG/500px-Tanakura_Castle_hori.JPG,棚倉町,(Wikipedia代表画像),Wikimedia Commons,https://ja.wikipedia.org/wiki/%E6%A3%9A%E5%80%89%E7%94%BA
C580,https://upload.wikimedia.org/wikipedia/commons/thumb/8/82/%E3%81%A4%E3%81%A4%E3%81%98%E3%81%AE%E7%9F%A2%E7%A5%AD%E5%B1%B1.jpg/500px-%E3%81%A4%E3%81%A4%E3%81%98%E3%81%AE%E7%9F%A2%E7%A5%AD%E5%B1%B1.jpg,矢祭町,(Wikipedia代表画像),Wikimedia Commons,https://ja.wikipedia.org/wiki/%E7%9F%A2%E7%A5%AD%E7%94%BA
C581,https://upload.wikimedia.org/wikipedia/commons/thumb/9/9a/Tsurushi-Hina_01.jpg/500px-Tsurushi-Hina_01.jpg,塙町,(Wikipedia代表画像),Wikimedia Commons,https://ja.wikipedia.org/wiki/%E5%A1%99%E7%94%BA
C582,https://upload.wikimedia.org/wikipedia/commons/thumb/1/1b/Gthumb.svg/500px-Gthumb.svg.png,鮫川村,(Wikipedia代表画像),Wikimedia Commons,https://ja.wikipedia.org/wiki/%E9%AE%AB%E5%B7%9D%E6%9D%91
C583,https://upload.wikimedia.org/wikipedia/commons/thumb/5/51/Bobataonsen%2C_motoyu_and_hachimanya.JPG/500px-Bobataonsen%2C_motoyu_and_hachimanya.JPG,石川町,(Wikipedia代表画像),Wikimedia Commons,https://ja.wikipedia.org/wiki/%E7%9F%B3%E5%B7%9D%E7%94%BA
C584,https://upload.wikimedia.org/wikipedia/commons/thumb/c/c4/Fukushimaairport.jpg/500px-Fukushimaairport.jpg,玉川村,(Wikipedia代表画像),Wikimedia Commons,https://ja.wikipedia.org/wiki/%E7%8E%89%E5%B7%9D%E6%9D%91
C585,https://upload.wikimedia.org/wikipedia/commons/thumb/4/45/%E3%82%B8%E3%83%A5%E3%83%94%E3%82%A2%E3%83%A9%E3%83%B3%E3%83%89%E3%81%B2%E3%82%89%E3%81%9F_%E3%81%82%E3%81%98%E3%81%95%E3%81%84%E5%9C%921.jpg/500px-%E3%82%B8%E3%83%A5%E3%83%94%E3%82%A2%E3%83%A9%E3%83%B3%E3%83%89%E3%81%B2%E3%82%89%E3%81%9F_%E3%81%82%E3%81%98%E3%81%95%E3%81%84%E5%9C%921.jpg,平田村,(Wikipedia代表画像),Wikimedia Commons,https://ja.wikipedia.org/wiki/%E5%B9%B3%E7%94%B0%E6%9D%91
C586,https://upload.wikimedia.org/wikipedia/commons/thumb/6/64/Yoshida_Tomizo_Memorial_Museum_ac_%281%29.jpg/500px-Yoshida_Tomizo_Memorial_Museum_ac_%281%29.jpg,浅川町,(Wikipedia代表画像),Wikimedia Commons,https://ja.wikipedia.org/wiki/%E6%B5%85%E5%B7%9D%E7%94%BA
C587,https://upload.wikimedia.org/wikipedia/commons/thumb/7/7e/Kosidai_of_Sakura.jpg/500px-Kosidai_of_Sakura.jpg,古殿町,(Wikipedia代表画像),Wikimedia Commons,https://ja.wikipedia.org/wiki/%E5%8F%A4%E6%AE%BF%E7%94%BA
C588,https://upload.wikimedia.org/wikipedia/commons/thumb/7/71/%E4%B8%89%E6%98%A5%E6%BB%9D%E6%A1%9C%EF%BC%88%E7%A6%8F%E5%B3%B6%E7%9C%8C%E4%B8%89%E6%98%A5%E7%94%BA%EF%BC%8920260412-IMG_6120.jpg/500px-%E4%B8%89%E6%98%A5%E6%BB%9D%E6%A1%9C%EF%BC%88%E7%A6%8F%E5%B3%B6%E7%9C%8C%E4%B8%89%E6%98%A5%E7%94%BA%EF%BC%8920260412-IMG_6120.jpg,三春町,(Wikipedia代表画像),Wikimedia Commons,https://ja.wikipedia.org/wiki/%E4%B8%89%E6%98%A5%E7%94%BA
C589,https://upload.wikimedia.org/wikipedia/commons/thumb/e/e0/Liccacastle.JPG/500px-Liccacastle.JPG,小野町,(Wikipedia代表画像),Wikimedia Commons,https://ja.wikipedia.org/wiki/%E5%B0%8F%E9%87%8E%E7%94%BA
C590,https://upload.wikimedia.org/wikipedia/commons/thumb/5/59/J_village_stadium.jpg/500px-J_village_stadium.jpg,広野町,(Wikipedia代表画像),Wikimedia Commons,https://ja.wikipedia.org/wiki/%E5%BA%83%E9%87%8E%E7%94%BA
C591,https://upload.wikimedia.org/wikipedia/commons/thumb/e/ee/Hotel_tenjin.jpg/500px-Hotel_tenjin.jpg,楢葉町,(Wikipedia代表画像),Wikimedia Commons,https://ja.wikipedia.org/wiki/%E6%A5%A2%E8%91%89%E7%94%BA
C592,https://upload.wikimedia.org/wikipedia/commons/thumb/d/d2/%28%E7%A6%8F%E5%B3%B6%E7%9C%8C%29_%E5%A4%9C%E3%83%8E%E6%A3%AE%E9%A7%85%E8%BF%91%E3%81%8F%E3%80%81%E5%A4%9C%E3%81%AE%E6%A3%AE%E5%85%AC%E5%9C%92%E3%80%82%E3%82%BD%E3%83%A1%E3%82%A4%E3%83%A8%E3%82%B7%E3%83%8E%E3%81%AE%E6%A1%9C%E4%B8%A6%E6%9C%A8%E3%81%8C2.5km%E3%82%82%E7%B6%9A%E3%81%8F%E3%80%82%E3%81%BE%E3%81%95%E3%81%AB%E6%A1%9C%E3%81%AE%E3%83%88%E3%83%B3%E3%83%8D%E3%83%AB%E3%81%A7%E3%81%99%E3%81%AD%E3%80%82%E8%A8%AA%E3%82%8C%E3%81%9F%E3%81%A8%E3%81%8D%E3%81%AB%E3%81%AF%E6%A1%9C%E3%81%AF%E6%BA%80%E9%96%8B%E3%80%82%E5%85%AC%E5%9C%92%E3%82%82%E8%8F%AF%E3%82%84%E3%81%8B%E3%81%AA%E3%83%A0%E3%83%BC%E3%83%89%E3%81%A7%E3%81%97%E3%81%9F%E3%80%82_-_panoramio.jpg/500px-thumbnail.jpg,富岡町,(Wikipedia代表画像),Wikimedia Commons,https://ja.wikipedia.org/wiki/%E5%AF%8C%E5%B2%A1%E7%94%BA
C593,https://upload.wikimedia.org/wikipedia/commons/thumb/c/c7/Mount_Otakine_%2814746380592%29.jpg/500px-Mount_Otakine_%2814746380592%29.jpg,川内村,(Wikipedia代表画像),Wikimedia Commons,https://ja.wikipedia.org/wiki/%E5%B7%9D%E5%86%85%E6%9D%91
C594,https://upload.wikimedia.org/wikipedia/commons/thumb/3/3d/Fukushima-1.JPG/500px-Fukushima-1.JPG,大熊町,(Wikipedia代表画像),Wikimedia Commons,https://ja.wikipedia.org/wiki/%E5%A4%A7%E7%86%8A%E7%94%BA
C595,https://upload.wikimedia.org/wikipedia/commons/thumb/6/6a/%E6%9D%B1%E6%97%A5%E6%9C%AC%E5%A4%A7%E9%9C%87%E7%81%BD%E3%83%BB%E5%8E%9F%E5%AD%90%E5%8A%9B%E7%81%BD%E5%AE%B3%E4%BC%9D%E6%89%BF%E9%A4%A8.jpg/500px-%E6%9D%B1%E6%97%A5%E6%9C%AC%E5%A4%A7%E9%9C%87%E7%81%BD%E3%83%BB%E5%8E%9F%E5%AD%90%E5%8A%9B%E7%81%BD%E5%AE%B3%E4%BC%9D%E6%89%BF%E9%A4%A8.jpg,双葉町,(Wikipedia代表画像),Wikimedia Commons,https://ja.wikipedia.org/wiki/%E5%8F%8C%E8%91%89%E7%94%BA
C596,https://upload.wikimedia.org/wikipedia/commons/thumb/4/4f/%E8%8B%95%E9%87%8E%E7%A5%9E%E7%A4%BE%E6%8B%9D%E6%AE%BF%E3%80%81Haiden_of_Kusano-jinja_shrine_-_Panoramio_41312095.jpg/500px-%E8%8B%95%E9%87%8E%E7%A5%9E%E7%A4%BE%E6%8B%9D%E6%AE%BF%E3%80%81Haiden_of_Kusano-jinja_shrine_-_Panoramio_41312095.jpg,浪江町,(Wikipedia代表画像),Wikimedia Commons,https://ja.wikipedia.org/wiki/%E6%B5%AA%E6%B1%9F%E7%94%BA
C597,https://upload.wikimedia.org/wikipedia/commons/thumb/9/93/Mount_Hiyama_%28Nihonmatsu_and_Katsurao%29_02.jpg/500px-Mount_Hiyama_%28Nihonmatsu_and_Katsurao%29_02.jpg,葛尾村,(Wikipedia代表画像),Wikimedia Commons,https://ja.wikipedia.org/wiki/%E8%91%9B%E5%B0%BE%E6%9D%91
C598,https://upload.wikimedia.org/wikipedia/commons/thumb/4/48/Mt_karousan_2016.jpg/500px-Mt_karousan_2016.jpg,新地町,(Wikipedia代表画像),Wikimedia Commons,https://ja.wikipedia.org/wiki/%E6%96%B0%E5%9C%B0%E7%94%BA
C599,https://upload.wikimedia.org/wikipedia/commons/thumb/f/fa/Haiden_of_Yamatsumi-jinja_shrine_reconstruction.jpg/500px-Haiden_of_Yamatsumi-jinja_shrine_reconstruction.jpg,飯舘村,(Wikipedia代表画像),Wikimedia Commons,https://ja.wikipedia.org/wiki/%E9%A3%AF%E8%88%98%E6%9D%91
C600,https://upload.wikimedia.org/wikipedia/commons/thumb/2/24/Hitachi-Daientotu1.jpg/500px-Hitachi-Daientotu1.jpg,日立市,(Wikipedia代表画像),Wikimedia Commons,https://ja.wikipedia.org/wiki/%E6%97%A5%E7%AB%8B%E5%B8%82
C601,https://upload.wikimedia.org/wikipedia/commons/thumb/c/c6/Tsuchiura_Fireworks_Competition_2009_a.jpg/500px-Tsuchiura_Fireworks_Competition_2009_a.jpg,土浦市,(Wikipedia代表画像),Wikimedia Commons,https://ja.wikipedia.org/wiki/%E5%9C%9F%E6%B5%A6%E5%B8%82
C602,https://upload.wikimedia.org/wikipedia/commons/thumb/f/f1/Koga_Ibaraki_Koga_Park_Peach_Flowers_1.JPG/500px-Koga_Ibaraki_Koga_Park_Peach_Flowers_1.JPG,古河市,(Wikipedia代表画像),Wikimedia Commons,https://ja.wikipedia.org/wiki/%E5%8F%A4%E6%B2%B3%E5%B8%82
C603,https://upload.wikimedia.org/wikipedia/commons/thumb/2/2f/Ishioka-festival%2CWakamatsu-cho%2CIshioka-city%2CJapan.jpg/500px-Ishioka-festival%2CWakamatsu-cho%2CIshioka-city%2CJapan.jpg,石岡市,(Wikipedia代表画像),Wikimedia Commons,https://ja.wikipedia.org/wiki/%E7%9F%B3%E5%B2%A1%E5%B8%82
C604,https://upload.wikimedia.org/wikipedia/commons/thumb/4/46/Yushin_Tsumugi_Misegura.jpg/500px-Yushin_Tsumugi_Misegura.jpg,結城市,(Wikipedia代表画像),Wikimedia Commons,https://ja.wikipedia.org/wiki/%E7%B5%90%E5%9F%8E%E5%B8%82
C605,https://upload.wikimedia.org/wikipedia/commons/thumb/d/d4/Main_Temple_of_Raigo-in_Temple_%28Ryugasaki_city%2C_Ibaraki%29.jpg/500px-Main_Temple_of_Raigo-in_Temple_%28Ryugasaki_city%2C_Ibaraki%29.jpg,龍ケ崎市,(Wikipedia代表画像),Wikimedia Commons,https://ja.wikipedia.org/wiki/%E9%BE%8D%E3%82%B1%E5%B4%8E%E5%B8%82
C606,https://upload.wikimedia.org/wikipedia/commons/thumb/2/2b/Sanuma0022.JPG/500px-Sanuma0022.JPG,下妻市,(Wikipedia代表画像),Wikimedia Commons,https://ja.wikipedia.org/wiki/%E4%B8%8B%E5%A6%BB%E5%B8%82
C607,https://upload.wikimedia.org/wikipedia/commons/thumb/e/ec/Hitokotonushi-jinja_%28Joso%2C_Ibaraki%29_haiden.jpg/500px-Hitokotonushi-jinja_%28Joso%2C_Ibaraki%29_haiden.jpg,常総市,(Wikipedia代表画像),Wikimedia Commons,https://ja.wikipedia.org/wiki/%E5%B8%B8%E7%B7%8F%E5%B8%82
C608,https://upload.wikimedia.org/wikipedia/commons/thumb/d/d9/Seizansou1.JPG/500px-Seizansou1.JPG,常陸太田市,(Wikipedia代表画像),Wikimedia Commons,https://ja.wikipedia.org/wiki/%E5%B8%B8%E9%99%B8%E5%A4%AA%E7%94%B0%E5%B8%82
C609,https://upload.wikimedia.org/wikipedia/commons/thumb/9/9f/Hananuki_valley_Shiomi-taki_bridge.jpg/500px-Hananuki_valley_Shiomi-taki_bridge.jpg,高萩市,(Wikipedia代表画像),Wikimedia Commons,https://ja.wikipedia.org/wiki/%E9%AB%98%E8%90%A9%E5%B8%82
C610,https://upload.wikimedia.org/wikipedia/commons/thumb/3/3e/Rokkakudo_seen_from_the_sea_%28Kitaibaraki_City%29_2020.jpg/500px-Rokkakudo_seen_from_the_sea_%28Kitaibaraki_City%29_2020.jpg,北茨城市,(Wikipedia代表画像),Wikimedia Commons,https://ja.wikipedia.org/wiki/%E5%8C%97%E8%8C%A8%E5%9F%8E%E5%B8%82
C611,https://upload.wikimedia.org/wikipedia/commons/thumb/5/58/Haiden_of_Kasama_Inari_Shrine01.jpg/500px-Haiden_of_Kasama_Inari_Shrine01.jpg,笠間市,(Wikipedia代表画像),Wikimedia Commons,https://ja.wikipedia.org/wiki/%E7%AC%A0%E9%96%93%E5%B8%82
C612,https://upload.wikimedia.org/wikipedia/commons/thumb/f/fb/Oohorinowatashi_001.JPG/500px-Oohorinowatashi_001.JPG,取手市,(Wikipedia代表画像),Wikimedia Commons,https://ja.wikipedia.org/wiki/%E5%8F%96%E6%89%8B%E5%B8%82
C613,https://upload.wikimedia.org/wikipedia/commons/thumb/c/c1/Ushikusiyakusho.jpg/500px-Ushikusiyakusho.jpg,牛久市,(Wikipedia代表画像),Wikimedia Commons,https://ja.wikipedia.org/wiki/%E7%89%9B%E4%B9%85%E5%B8%82
C614,https://upload.wikimedia.org/wikipedia/commons/thumb/c/c5/2025_Hitachi_Seaside_Park_2.jpg/500px-2025_Hitachi_Seaside_Park_2.jpg,ひたちなか市,(Wikipedia代表画像),Wikimedia Commons,https://ja.wikipedia.org/wiki/%E3%81%B2%E3%81%9F%E3%81%A1%E3%81%AA%E3%81%8B%E5%B8%82
C615,https://upload.wikimedia.org/wikipedia/commons/thumb/2/27/Kashima-jingu_roumon.JPG/500px-Kashima-jingu_roumon.JPG,鹿嶋市,(Wikipedia代表画像),Wikimedia Commons,https://ja.wikipedia.org/wiki/%E9%B9%BF%E5%B6%8B%E5%B8%82
C616,https://upload.wikimedia.org/wikipedia/commons/thumb/9/97/Suigo_Itako_Ayame_Garden_07.jpg/500px-Suigo_Itako_Ayame_Garden_07.jpg,潮来市,(Wikipedia代表画像),Wikimedia Commons,https://ja.wikipedia.org/wiki/%E6%BD%AE%E6%9D%A5%E5%B8%82
C617,https://upload.wikimedia.org/wikipedia/commons/thumb/a/a8/Matsugaokakoen3_Moriya-city.JPG/500px-Matsugaokakoen3_Moriya-city.JPG,守谷市,(Wikipedia代表画像),Wikimedia Commons,https://ja.wikipedia.org/wiki/%E5%AE%88%E8%B0%B7%E5%B8%82
C618,https://upload.wikimedia.org/wikipedia/commons/thumb/8/86/R118-464.jpg/500px-R118-464.jpg,常陸大宮市,(Wikipedia代表画像),Wikimedia Commons,https://ja.wikipedia.org/wiki/%E5%B8%B8%E9%99%B8%E5%A4%A7%E5%AE%AE%E5%B8%82
C619,https://upload.wikimedia.org/wikipedia/commons/thumb/c/c0/Ibaraki_botanical_garden_tropical_plant_building.jpg/500px-Ibaraki_botanical_garden_tropical_plant_building.jpg,那珂市,(Wikipedia代表画像),Wikimedia Commons,https://ja.wikipedia.org/wiki/%E9%82%A3%E7%8F%82%E5%B8%82
C620,https://upload.wikimedia.org/wikipedia/commons/thumb/f/fc/%E4%B8%8B%E9%A4%A8%E7%A5%87%E5%9C%92%E7%A5%AD.jpg/500px-%E4%B8%8B%E9%A4%A8%E7%A5%87%E5%9C%92%E7%A5%AD.jpg,筑西市,(Wikipedia代表画像),Wikimedia Commons,https://ja.wikipedia.org/wiki/%E7%AD%91%E8%A5%BF%E5%B8%82
C621,https://upload.wikimedia.org/wikipedia/commons/thumb/d/de/SakasaiJo_MonomiYagura.jpg/500px-SakasaiJo_MonomiYagura.jpg,坂東市,(Wikipedia代表画像),Wikimedia Commons,https://ja.wikipedia.org/wiki/%E5%9D%82%E6%9D%B1%E5%B8%82
C622,https://upload.wikimedia.org/wikipedia/commons/thumb/e/e3/Osugi_Shrine_01.jpg/500px-Osugi_Shrine_01.jpg,稲敷市,(Wikipedia代表画像),Wikimedia Commons,https://ja.wikipedia.org/wiki/%E7%A8%B2%E6%95%B7%E5%B8%82
C623,https://upload.wikimedia.org/wikipedia/commons/thumb/0/01/Lake_Kasumigaura_from_Kasumigaura_City_01.jpg/500px-Lake_Kasumigaura_from_Kasumigaura_City_01.jpg,かすみがうら市,(Wikipedia代表画像),Wikimedia Commons,https://ja.wikipedia.org/wiki/%E3%81%8B%E3%81%99%E3%81%BF%E3%81%8C%E3%81%86%E3%82%89%E5%B8%82
C624,https://upload.wikimedia.org/wikipedia/commons/thumb/b/b8/Cherry_Blossoms_of_Sakuragawa%2C_Someiyoshino.jpg/500px-Cherry_Blossoms_of_Sakuragawa%2C_Someiyoshino.jpg,桜川市,(Wikipedia代表画像),Wikimedia Commons,https://ja.wikipedia.org/wiki/%E6%A1%9C%E5%B7%9D%E5%B8%82
C625,https://upload.wikimedia.org/wikipedia/commons/thumb/1/15/Kashima_Coastal_Industrial_Region_02.jpg/500px-Kashima_Coastal_Industrial_Region_02.jpg,神栖市,(Wikipedia代表画像),Wikimedia Commons,https://ja.wikipedia.org/wiki/%E7%A5%9E%E6%A0%96%E5%B8%82
C626,https://upload.wikimedia.org/wikipedia/commons/thumb/a/a1/Otake_Coast_07.jpg/500px-Otake_Coast_07.jpg,鉾田市,(Wikipedia代表画像),Wikimedia Commons,https://ja.wikipedia.org/wiki/%E9%89%BE%E7%94%B0%E5%B8%82
C627,https://upload.wikimedia.org/wikipedia/commons/thumb/7/74/Cherry_blossom_in_Fukuokazeki_sakura_park.JPG/500px-Cherry_blossom_in_Fukuokazeki_sakura_park.JPG,つくばみらい市,(Wikipedia代表画像),Wikimedia Commons,https://ja.wikipedia.org/wiki/%E3%81%A4%E3%81%8F%E3%81%B0%E3%81%BF%E3%82%89%E3%81%84%E5%B8%82
C628,https://upload.wikimedia.org/wikipedia/commons/thumb/b/b6/Ibaraki_Airport_01.JPG/500px-Ibaraki_Airport_01.JPG,小美玉市,(Wikipedia代表画像),Wikimedia Commons,https://ja.wikipedia.org/wiki/%E5%B0%8F%E7%BE%8E%E7%8E%89%E5%B8%82
C629,https://upload.wikimedia.org/wikipedia/commons/thumb/7/75/Lake_Hinuma_04.jpg/500px-Lake_Hinuma_04.jpg,茨城町,(Wikipedia代表画像),Wikimedia Commons,https://ja.wikipedia.org/wiki/%E8%8C%A8%E5%9F%8E%E7%94%BA
C630,https://upload.wikimedia.org/wikipedia/commons/thumb/e/e5/%E3%81%B5%E3%82%8C%E3%81%82%E3%81%84%E3%81%AE%E9%87%8C_-_panoramio.jpg/500px-%E3%81%B5%E3%82%8C%E3%81%82%E3%81%84%E3%81%AE%E9%87%8C_-_panoramio.jpg,城里町,(Wikipedia代表画像),Wikimedia Commons,https://ja.wikipedia.org/wiki/%E5%9F%8E%E9%87%8C%E7%94%BA
C631,https://upload.wikimedia.org/wikipedia/commons/thumb/5/5d/Kokuzoudousanjunoto.jpg/500px-Kokuzoudousanjunoto.jpg,東海村,(Wikipedia代表画像),Wikimedia Commons,https://ja.wikipedia.org/wiki/%E6%9D%B1%E6%B5%B7%E6%9D%91
C632,https://upload.wikimedia.org/wikipedia/commons/thumb/d/da/Fukuroda_Falls_38.jpg/500px-Fukuroda_Falls_38.jpg,大子町,(Wikipedia代表画像),Wikimedia Commons,https://ja.wikipedia.org/wiki/%E5%A4%A7%E5%AD%90%E7%94%BA
C633,https://upload.wikimedia.org/wikipedia/commons/thumb/e/e7/Miho_Ibaraki.JPG/500px-Miho_Ibaraki.JPG,美浦村,(Wikipedia代表画像),Wikimedia Commons,https://ja.wikipedia.org/wiki/%E7%BE%8E%E6%B5%A6%E6%9D%91
C634,https://upload.wikimedia.org/wikipedia/commons/thumb/d/d0/Ami-Premium-outlets.jpg/500px-Ami-Premium-outlets.jpg,阿見町,(Wikipedia代表画像),Wikimedia Commons,https://ja.wikipedia.org/wiki/%E9%98%BF%E8%A6%8B%E7%94%BA
C635,https://upload.wikimedia.org/wikipedia/commons/thumb/d/da/Ootone.airport.jpg/500px-Ootone.airport.jpg,河内町,(Wikipedia代表画像),Wikimedia Commons,https://ja.wikipedia.org/wiki/%E6%B2%B3%E5%86%85%E7%94%BA
C636,https://upload.wikimedia.org/wikipedia/commons/thumb/d/d2/Yachiyo_Green_Village_002.jpg/500px-Yachiyo_Green_Village_002.jpg,八千代町,(Wikipedia代表画像),Wikimedia Commons,https://ja.wikipedia.org/wiki/%E5%85%AB%E5%8D%83%E4%BB%A3%E7%94%BA
C637,https://upload.wikimedia.org/wikipedia/commons/thumb/7/71/Goka_Magnolia_Kobus_Huge_Tree_1.jpg/500px-Goka_Magnolia_Kobus_Huge_Tree_1.jpg,五霞町,(Wikipedia代表画像),Wikimedia Commons,https://ja.wikipedia.org/wiki/%E4%BA%94%E9%9C%9E%E7%94%BA
C638,https://upload.wikimedia.org/wikipedia/commons/thumb/5/53/Michinoeki_sakai_ibaraki.jpg/500px-Michinoeki_sakai_ibaraki.jpg,境町,(Wikipedia代表画像),Wikimedia Commons,https://ja.wikipedia.org/wiki/%E5%A2%83%E7%94%BA
C639,https://upload.wikimedia.org/wikipedia/commons/thumb/0/07/Kunio_Yanagita_Memorial_Park_in_Fukawa%2C_Ibaraki.jpg/500px-Kunio_Yanagita_Memorial_Park_in_Fukawa%2C_Ibaraki.jpg,利根町,(Wikipedia代表画像),Wikimedia Commons,https://ja.wikipedia.org/wiki/%E5%88%A9%E6%A0%B9%E7%94%BA
C640,https://upload.wikimedia.org/wikipedia/commons/thumb/f/fb/Tochigi_City_Montage.jpg/500px-Tochigi_City_Montage.jpg,栃木市,(Wikipedia代表画像),Wikimedia Commons,https://ja.wikipedia.org/wiki/%E6%A0%83%E6%9C%A8%E5%B8%82
C641,https://upload.wikimedia.org/wikipedia/commons/thumb/a/a0/Soshu-ji_Temple.JPG/500px-Soshu-ji_Temple.JPG,佐野市,(Wikipedia代表画像),Wikimedia Commons,https://ja.wikipedia.org/wiki/%E4%BD%90%E9%87%8E%E5%B8%82
C642,https://upload.wikimedia.org/wikipedia/commons/thumb/7/78/Kanumaimamiyayatai.jpg/500px-Kanumaimamiyayatai.jpg,鹿沼市,(Wikipedia代表画像),Wikimedia Commons,https://ja.wikipedia.org/wiki/%E9%B9%BF%E6%B2%BC%E5%B8%82
C643,https://upload.wikimedia.org/wikipedia/commons/thumb/8/88/%E5%AE%89%E6%88%BF%E7%A5%9E%E7%A4%BE_.jpg/500px-%E5%AE%89%E6%88%BF%E7%A5%9E%E7%A4%BE_.jpg,小山市,(Wikipedia代表画像),Wikimedia Commons,https://ja.wikipedia.org/wiki/%E5%B0%8F%E5%B1%B1%E5%B8%82
C644,https://upload.wikimedia.org/wikipedia/commons/thumb/4/40/Oosakijinjya-haiden.jpg/500px-Oosakijinjya-haiden.jpg,真岡市,(Wikipedia代表画像),Wikimedia Commons,https://ja.wikipedia.org/wiki/%E7%9C%9F%E5%B2%A1%E5%B8%82
C645,https://upload.wikimedia.org/wikipedia/commons/thumb/2/22/Otawara_Castle_in_spring.jpg/500px-Otawara_Castle_in_spring.jpg,大田原市,(Wikipedia代表画像),Wikimedia Commons,https://ja.wikipedia.org/wiki/%E5%A4%A7%E7%94%B0%E5%8E%9F%E5%B8%82
C646,https://upload.wikimedia.org/wikipedia/commons/thumb/2/2f/20081004%E5%A1%A9%E7%AB%83%E7%A5%9E%E7%A4%BE.jpg/500px-20081004%E5%A1%A9%E7%AB%83%E7%A5%9E%E7%A4%BE.jpg,矢板市,(Wikipedia代表画像),Wikimedia Commons,https://ja.wikipedia.org/wiki/%E7%9F%A2%E6%9D%BF%E5%B8%82
C647,https://upload.wikimedia.org/wikipedia/commons/thumb/1/10/Entrance_to_Kitsuregawa_Onsen.JPG/500px-Entrance_to_Kitsuregawa_Onsen.JPG,さくら市,(Wikipedia代表画像),Wikimedia Commons,https://ja.wikipedia.org/wiki/%E3%81%95%E3%81%8F%E3%82%89%E5%B8%82
C648,https://upload.wikimedia.org/wikipedia/commons/thumb/f/ff/2014_Yamaage_Matsuri_04.JPG/500px-2014_Yamaage_Matsuri_04.JPG,那須烏山市,(Wikipedia代表画像),Wikimedia Commons,https://ja.wikipedia.org/wiki/%E9%82%A3%E9%A0%88%E7%83%8F%E5%B1%B1%E5%B8%82
C649,https://upload.wikimedia.org/wikipedia/ja/thumb/2/2c/%E4%B8%8B%E9%87%8E%E8%96%AC%E5%B8%AB%E5%AF%BA_%E5%BE%A9%E5%85%83%E5%9B%9E%E5%BB%8A.JPG/500px-%E4%B8%8B%E9%87%8E%E8%96%AC%E5%B8%AB%E5%AF%BA_%E5%BE%A9%E5%85%83%E5%9B%9E%E5%BB%8A.JPG,下野市,(Wikipedia代表画像),Wikimedia Commons,https://ja.wikipedia.org/wiki/%E4%B8%8B%E9%87%8E%E5%B8%82
C650,https://upload.wikimedia.org/wikipedia/commons/thumb/4/45/%E8%93%BC%E6%B2%BC%E5%85%AC%E5%9C%92_2011%E5%B9%B45%E6%9C%88_-_panoramio_%282%29.jpg/500px-%E8%93%BC%E6%B2%BC%E5%85%AC%E5%9C%92_2011%E5%B9%B45%E6%9C%88_-_panoramio_%282%29.jpg,上三川町,(Wikipedia代表画像),Wikimedia Commons,https://ja.wikipedia.org/wiki/%E4%B8%8A%E4%B8%89%E5%B7%9D%E7%94%BA
C651,https://upload.wikimedia.org/wikipedia/commons/thumb/e/e6/2023%E5%B9%B4%EF%BC%88%E4%BB%A4%E5%92%8C5%E5%B9%B4%EF%BC%89%E6%98%A5%E3%81%AE%E7%9B%8A%E5%AD%90%E9%99%B6%E5%99%A8%E5%B8%82%E3%80%8C%E7%9B%8A%E5%AD%90%E7%84%BC%E7%AA%AF%E5%85%83%E5%85%B1%E8%B2%A9%E3%82%BB%E3%83%B3%E3%82%BF%E3%83%BC%E3%80%8D%E3%80%82.jpg/500px-2023%E5%B9%B4%EF%BC%88%E4%BB%A4%E5%92%8C5%E5%B9%B4%EF%BC%89%E6%98%A5%E3%81%AE%E7%9B%8A%E5%AD%90%E9%99%B6%E5%99%A8%E5%B8%82%E3%80%8C%E7%9B%8A%E5%AD%90%E7%84%BC%E7%AA%AF%E5%85%83%E5%85%B1%E8%B2%A9%E3%82%BB%E3%83%B3%E3%82%BF%E3%83%BC%E3%80%8D%E3%80%82.jpg,益子町,(Wikipedia代表画像),Wikimedia Commons,https://ja.wikipedia.org/wiki/%E7%9B%8A%E5%AD%90%E7%94%BA
C652,https://upload.wikimedia.org/wikipedia/commons/thumb/7/72/%E9%8E%8C%E5%80%89%E5%B1%B1%E3%81%AE%E9%BA%93%E3%81%AB%E3%81%82%E3%82%8B%E5%A4%A7%E7%80%AC%E3%82%84%E3%81%AA.jpg/500px-%E9%8E%8C%E5%80%89%E5%B1%B1%E3%81%AE%E9%BA%93%E3%81%AB%E3%81%82%E3%82%8B%E5%A4%A7%E7%80%AC%E3%82%84%E3%81%AA.jpg,茂木町,(Wikipedia代表画像),Wikimedia Commons,https://ja.wikipedia.org/wiki/%E8%8C%82%E6%9C%A8%E7%94%BA
C653,https://upload.wikimedia.org/wikipedia/commons/thumb/9/96/Shibazakura-ichikai.jpg/500px-Shibazakura-ichikai.jpg,市貝町,(Wikipedia代表画像),Wikimedia Commons,https://ja.wikipedia.org/wiki/%E5%B8%82%E8%B2%9D%E7%94%BA
C654,https://upload.wikimedia.org/wikipedia/commons/thumb/a/ac/Michinoeki_haga_tochigi.jpg/500px-Michinoeki_haga_tochigi.jpg,芳賀町,(Wikipedia代表画像),Wikimedia Commons,https://ja.wikipedia.org/wiki/%E8%8A%B3%E8%B3%80%E7%94%BA
C655,https://upload.wikimedia.org/wikipedia/ja/thumb/8/8c/Mibu_Toy_Museum_Appearance_1.JPG/500px-Mibu_Toy_Museum_Appearance_1.JPG,壬生町,(Wikipedia代表画像),Wikimedia Commons,https://ja.wikipedia.org/wiki/%E5%A3%AC%E7%94%9F%E7%94%BA
C656,https://upload.wikimedia.org/wikipedia/ja/thumb/2/27/Tochigi_Nogi_Sunflower_Field_1.JPG/500px-Tochigi_Nogi_Sunflower_Field_1.JPG,野木町,(Wikipedia代表画像),Wikimedia Commons,https://ja.wikipedia.org/wiki/%E9%87%8E%E6%9C%A8%E7%94%BA
C657,https://upload.wikimedia.org/wikipedia/commons/thumb/e/ee/%E3%82%84%E3%82%84%E5%A2%97%E6%B0%B4%E3%81%97%E3%81%A6%E3%81%84%E3%82%8B%E5%B0%9A%E4%BB%81%E6%B2%A2%E6%B9%A7%E6%B0%B4_Pcs34560_IMG3519.jpg/500px-%E3%82%84%E3%82%84%E5%A2%97%E6%B0%B4%E3%81%97%E3%81%A6%E3%81%84%E3%82%8B%E5%B0%9A%E4%BB%81%E6%B2%A2%E6%B9%A7%E6%B0%B4_Pcs34560_IMG3519.jpg,塩谷町,(Wikipedia代表画像),Wikimedia Commons,https://ja.wikipedia.org/wiki/%E5%A1%A9%E8%B0%B7%E7%94%BA
C658,https://upload.wikimedia.org/wikipedia/commons/thumb/7/7e/%E9%AC%BC%E6%80%92%E3%82%B0%E3%83%AA%E3%83%BC%E3%83%B3%E3%83%91%E3%83%BC%E3%82%AF_-_panoramio.jpg/500px-%E9%AC%BC%E6%80%92%E3%82%B0%E3%83%AA%E3%83%BC%E3%83%B3%E3%83%91%E3%83%BC%E3%82%AF_-_panoramio.jpg,高根沢町,(Wikipedia代表画像),Wikimedia Commons,https://ja.wikipedia.org/wiki/%E9%AB%98%E6%A0%B9%E6%B2%A2%E7%94%BA
C659,https://upload.wikimedia.org/wikipedia/commons/thumb/d/dd/Nasu_chausudake.jpg/500px-Nasu_chausudake.jpg,那須町,(Wikipedia代表画像),Wikimedia Commons,https://ja.wikipedia.org/wiki/%E9%82%A3%E9%A0%88%E7%94%BA
C660,https://upload.wikimedia.org/wikipedia/commons/thumb/c/ca/Bato_Hiroshige_Museum_2009.jpg/500px-Bato_Hiroshige_Museum_2009.jpg,那珂川町,(Wikipedia代表画像),Wikimedia Commons,https://ja.wikipedia.org/wiki/%E9%82%A3%E7%8F%82%E5%B7%9D%E7%94%BA
C661,https://upload.wikimedia.org/wikipedia/commons/thumb/e/e3/%E6%A1%90%E7%94%9F%E5%85%AB%E6%9C%A8%E7%AF%80%E3%81%BE%E3%81%A4%E3%82%8A%2C_Kiryu_Honcho_Street_in_the_Festival_-_panoramio.jpg/500px-%E6%A1%90%E7%94%9F%E5%85%AB%E6%9C%A8%E7%AF%80%E3%81%BE%E3%81%A4%E3%82%8A%2C_Kiryu_Honcho_Street_in_the_Festival_-_panoramio.jpg,桐生市,(Wikipedia代表画像),Wikimedia Commons,https://ja.wikipedia.org/wiki/%E6%A1%90%E7%94%9F%E5%B8%82
C662,https://upload.wikimedia.org/wikipedia/commons/thumb/f/fc/Isesaki-jinja_haiden_2.jpg/500px-Isesaki-jinja_haiden_2.jpg,伊勢崎市,(Wikipedia代表画像),Wikimedia Commons,https://ja.wikipedia.org/wiki/%E4%BC%8A%E5%8B%A2%E5%B4%8E%E5%B8%82
C663,https://upload.wikimedia.org/wikipedia/commons/thumb/f/f5/Mount_Nitta_Kanayama_view_from_Ota_city_office.jpg/500px-Mount_Nitta_Kanayama_view_from_Ota_city_office.jpg,太田市,(Wikipedia代表画像),Wikimedia Commons,https://ja.wikipedia.org/wiki/%E5%A4%AA%E7%94%B0%E5%B8%82
C664,https://upload.wikimedia.org/wikipedia/commons/thumb/b/bb/Miroku-ji_%28Numata%2C_Gunma%29_chinshudo.jpg/500px-Miroku-ji_%28Numata%2C_Gunma%29_chinshudo.jpg,沼田市,(Wikipedia代表画像),Wikimedia Commons,https://ja.wikipedia.org/wiki/%E6%B2%BC%E7%94%B0%E5%B8%82
C665,https://upload.wikimedia.org/wikipedia/commons/thumb/f/ff/TsutsujiTatebayashi.jpg/500px-TsutsujiTatebayashi.jpg,館林市,(Wikipedia代表画像),Wikimedia Commons,https://ja.wikipedia.org/wiki/%E9%A4%A8%E6%9E%97%E5%B8%82
C666,https://upload.wikimedia.org/wikipedia/commons/thumb/c/c5/Ikaho_Onsen_Stone_Steps.jpg/500px-Ikaho_Onsen_Stone_Steps.jpg,渋川市,(Wikipedia代表画像),Wikimedia Commons,https://ja.wikipedia.org/wiki/%E6%B8%8B%E5%B7%9D%E5%B8%82
C667,https://upload.wikimedia.org/wikipedia/commons/thumb/d/d7/Takayama-sha_Sericulture_School_5.jpg/500px-Takayama-sha_Sericulture_School_5.jpg,藤岡市,(Wikipedia代表画像),Wikimedia Commons,https://ja.wikipedia.org/wiki/%E8%97%A4%E5%B2%A1%E5%B8%82
C668,https://upload.wikimedia.org/wikipedia/commons/thumb/b/ba/IMG_E0946_%E6%9D%B1%E7%BD%AE%E7%B9%AD%E6%89%80.jpg/500px-IMG_E0946_%E6%9D%B1%E7%BD%AE%E7%B9%AD%E6%89%80.jpg,富岡市,(Wikipedia代表画像),Wikimedia Commons,https://ja.wikipedia.org/wiki/%E5%AF%8C%E5%B2%A1%E5%B8%82
C669,https://upload.wikimedia.org/wikipedia/commons/thumb/1/14/Isobe_spa_and_Usui_river.jpg/500px-Isobe_spa_and_Usui_river.jpg,安中市,(Wikipedia代表画像),Wikimedia Commons,https://ja.wikipedia.org/wiki/%E5%AE%89%E4%B8%AD%E5%B8%82
C670,https://upload.wikimedia.org/wikipedia/commons/thumb/2/29/Iwajuku-A.jpg/500px-Iwajuku-A.jpg,みどり市,(Wikipedia代表画像),Wikimedia Commons,https://ja.wikipedia.org/wiki/%E3%81%BF%E3%81%A9%E3%82%8A%E5%B8%82
C671,https://upload.wikimedia.org/wikipedia/commons/thumb/e/eb/Ryutaku-ji_%28Shinto%2C_Gunma%29_Niomon.jpg/500px-Ryutaku-ji_%28Shinto%2C_Gunma%29_Niomon.jpg,榛東村,(Wikipedia代表画像),Wikimedia Commons,https://ja.wikipedia.org/wiki/%E6%A6%9B%E6%9D%B1%E6%9D%91
C672,https://upload.wikimedia.org/wikipedia/commons/thumb/d/d1/%E8%88%B9%E5%B0%BE%E6%BB%9D_-_panoramio.jpg/500px-%E8%88%B9%E5%B0%BE%E6%BB%9D_-_panoramio.jpg,吉岡町,(Wikipedia代表画像),Wikimedia Commons,https://ja.wikipedia.org/wiki/%E5%90%89%E5%B2%A1%E7%94%BA
C673,https://upload.wikimedia.org/wikipedia/commons/thumb/d/d9/Japan_Airlines_Flight_123_Memorial_Ueno_Village_Gunma_Prefecture.jpg/500px-Japan_Airlines_Flight_123_Memorial_Ueno_Village_Gunma_Prefecture.jpg,上野村,(Wikipedia代表画像),Wikimedia Commons,https://ja.wikipedia.org/wiki/%E4%B8%8A%E9%87%8E%E6%9D%91
C674,https://upload.wikimedia.org/wikipedia/commons/thumb/6/6d/Kanna_Dinosaur_Center_1.jpg/500px-Kanna_Dinosaur_Center_1.jpg,神流町,(Wikipedia代表画像),Wikimedia Commons,https://ja.wikipedia.org/wiki/%E7%A5%9E%E6%B5%81%E7%94%BA
C675,https://upload.wikimedia.org/wikipedia/commons/thumb/3/3a/Shimonitanegi.jpg/500px-Shimonitanegi.jpg,下仁田町,(Wikipedia代表画像),Wikimedia Commons,https://ja.wikipedia.org/wiki/%E4%B8%8B%E4%BB%81%E7%94%B0%E7%94%BA
C676,https://upload.wikimedia.org/wikipedia/commons/thumb/f/fc/Semi_Valley_%28Gunma%29_1.jpg/500px-Semi_Valley_%28Gunma%29_1.jpg,南牧村 (群馬県),(Wikipedia代表画像),Wikimedia Commons,https://ja.wikipedia.org/wiki/%E5%8D%97%E7%89%A7%E6%9D%91%20(%E7%BE%A4%E9%A6%AC%E7%9C%8C)
C677,https://upload.wikimedia.org/wikipedia/commons/thumb/f/fc/%E9%9B%84%E5%B7%9D%E5%A0%B06.JPG/500px-%E9%9B%84%E5%B7%9D%E5%A0%B06.JPG,甘楽町,(Wikipedia代表画像),Wikimedia Commons,https://ja.wikipedia.org/wiki/%E7%94%98%E6%A5%BD%E7%94%BA
C678,https://upload.wikimedia.org/wikipedia/commons/thumb/9/94/%E5%9B%9B%E4%B8%87%E6%B8%A9%E6%B3%89_%E4%B8%AD%E4%B9%8B%E6%9D%A1_2013_%289993444756%29.jpg/500px-%E5%9B%9B%E4%B8%87%E6%B8%A9%E6%B3%89_%E4%B8%AD%E4%B9%8B%E6%9D%A1_2013_%289993444756%29.jpg,中之条町,(Wikipedia代表画像),Wikimedia Commons,https://ja.wikipedia.org/wiki/%E4%B8%AD%E4%B9%8B%E6%9D%A1%E7%94%BA
C679,https://upload.wikimedia.org/wikipedia/commons/thumb/8/82/1015yukake.JPG/500px-1015yukake.JPG,長野原町,(Wikipedia代表画像),Wikimedia Commons,https://ja.wikipedia.org/wiki/%E9%95%B7%E9%87%8E%E5%8E%9F%E7%94%BA
C680,https://upload.wikimedia.org/wikipedia/commons/thumb/e/ef/Tsumagoi_Cabbage%26Asamayama.JPG/500px-Tsumagoi_Cabbage%26Asamayama.JPG,嬬恋村,(Wikipedia代表画像),Wikimedia Commons,https://ja.wikipedia.org/wiki/%E5%AC%AC%E6%81%8B%E6%9D%91
C681,https://upload.wikimedia.org/wikipedia/commons/thumb/f/fd/Marble_Village_Lockheart_Castle%2C_Lockheart_Castle_front_exterior.jpg/500px-Marble_Village_Lockheart_Castle%2C_Lockheart_Castle_front_exterior.jpg,高山村 (群馬県),(Wikipedia代表画像),Wikimedia Commons,https://ja.wikipedia.org/wiki/%E9%AB%98%E5%B1%B1%E6%9D%91%20(%E7%BE%A4%E9%A6%AC%E7%9C%8C)
C682,https://upload.wikimedia.org/wikipedia/commons/thumb/d/d1/Agatsumakeikoku.JPG/500px-Agatsumakeikoku.JPG,東吾妻町,(Wikipedia代表画像),Wikimedia Commons,https://ja.wikipedia.org/wiki/%E6%9D%B1%E5%90%BE%E5%A6%BB%E7%94%BA
C683,https://upload.wikimedia.org/wikipedia/commons/thumb/e/ef/Mt.Shibutsu_16.jpg/500px-Mt.Shibutsu_16.jpg,片品村,(Wikipedia代表画像),Wikimedia Commons,https://ja.wikipedia.org/wiki/%E7%89%87%E5%93%81%E6%9D%91
C684,https://upload.wikimedia.org/wikipedia/commons/thumb/0/07/Kawaba2.JPG/500px-Kawaba2.JPG,川場村,(Wikipedia代表画像),Wikimedia Commons,https://ja.wikipedia.org/wiki/%E5%B7%9D%E5%A0%B4%E6%9D%91
C685,https://upload.wikimedia.org/wikipedia/commons/thumb/4/45/R120-2020-259.jpg/500px-R120-2020-259.jpg,昭和村 (群馬県),(Wikipedia代表画像),Wikimedia Commons,https://ja.wikipedia.org/wiki/%E6%98%AD%E5%92%8C%E6%9D%91%20(%E7%BE%A4%E9%A6%AC%E7%9C%8C)
C686,https://upload.wikimedia.org/wikipedia/commons/thumb/c/c6/Karai-jinja_%28Tamamura%29_haiden-1.JPG/500px-Karai-jinja_%28Tamamura%29_haiden-1.JPG,玉村町,(Wikipedia代表画像),Wikimedia Commons,https://ja.wikipedia.org/wiki/%E7%8E%89%E6%9D%91%E7%94%BA
C687,https://upload.wikimedia.org/wikipedia/commons/thumb/4/4a/Itakura_Cosmos_Festival_1.jpg/500px-Itakura_Cosmos_Festival_1.jpg,板倉町,(Wikipedia代表画像),Wikimedia Commons,https://ja.wikipedia.org/wiki/%E6%9D%BF%E5%80%89%E7%94%BA
C688,https://upload.wikimedia.org/wikipedia/commons/thumb/8/8e/Sakura-namiki_meiwa_town.jpg/500px-Sakura-namiki_meiwa_town.jpg,明和町 (群馬県),(Wikipedia代表画像),Wikimedia Commons,https://ja.wikipedia.org/wiki/%E6%98%8E%E5%92%8C%E7%94%BA%20(%E7%BE%A4%E9%A6%AC%E7%9C%8C)
C689,https://upload.wikimedia.org/wikipedia/commons/thumb/0/06/Tone_Diversion_Weir_right_view.jpg/500px-Tone_Diversion_Weir_right_view.jpg,千代田町,(Wikipedia代表画像),Wikimedia Commons,https://ja.wikipedia.org/wiki/%E5%8D%83%E4%BB%A3%E7%94%B0%E7%94%BA
C690,https://upload.wikimedia.org/wikipedia/commons/thumb/3/3c/KoizumiCastleRuin.JPG/500px-KoizumiCastleRuin.JPG,大泉町,(Wikipedia代表画像),Wikimedia Commons,https://ja.wikipedia.org/wiki/%E5%A4%A7%E6%B3%89%E7%94%BA
C691,https://upload.wikimedia.org/wikipedia/commons/thumb/5/53/Symbol_Tower_MiRAi_1.jpg/500px-Symbol_Tower_MiRAi_1.jpg,邑楽町,(Wikipedia代表画像),Wikimedia Commons,https://ja.wikipedia.org/wiki/%E9%82%91%E6%A5%BD%E7%94%BA
C692,https://upload.wikimedia.org/wikipedia/commons/thumb/4/4e/Kumagayarugby-07.JPG/500px-Kumagayarugby-07.JPG,熊谷市,(Wikipedia代表画像),Wikimedia Commons,https://ja.wikipedia.org/wiki/%E7%86%8A%E8%B0%B7%E5%B8%82
C693,https://upload.wikimedia.org/wikipedia/commons/thumb/9/90/Kawaguchi_Jinja_%28Kawaguchi%29.JPG/500px-Kawaguchi_Jinja_%28Kawaguchi%29.JPG,川口市,(Wikipedia代表画像),Wikimedia Commons,https://ja.wikipedia.org/wiki/%E5%B7%9D%E5%8F%A3%E5%B8%82
C694,https://upload.wikimedia.org/wikipedia/commons/thumb/4/45/Oshi-jo.JPG/500px-Oshi-jo.JPG,行田市,(Wikipedia代表画像),Wikimedia Commons,https://ja.wikipedia.org/wiki/%E8%A1%8C%E7%94%B0%E5%B8%82
C695,https://upload.wikimedia.org/wikipedia/commons/thumb/0/03/Tokorozawa_Aviation_Commemorative_Park.jpg/500px-Tokorozawa_Aviation_Commemorative_Park.jpg,所沢市,(Wikipedia代表画像),Wikimedia Commons,https://ja.wikipedia.org/wiki/%E6%89%80%E6%B2%A2%E5%B8%82
C696,https://upload.wikimedia.org/wikipedia/commons/thumb/9/92/%E3%83%A1%E3%83%83%E3%83%84%E3%82%A1_%2847983738511%29.jpg/500px-%E3%83%A1%E3%83%83%E3%83%84%E3%82%A1_%2847983738511%29.jpg,飯能市,(Wikipedia代表画像),Wikimedia Commons,https://ja.wikipedia.org/wiki/%E9%A3%AF%E8%83%BD%E5%B8%82
C697,https://upload.wikimedia.org/wikipedia/commons/thumb/f/f5/Sogan-ji_Kazo_Saitama_06.jpg/500px-Sogan-ji_Kazo_Saitama_06.jpg,加須市,(Wikipedia代表画像),Wikimedia Commons,https://ja.wikipedia.org/wiki/%E5%8A%A0%E9%A0%88%E5%B8%82
C698,https://upload.wikimedia.org/wikipedia/commons/thumb/7/71/Floats_lined_up_at_the_Honjo_Festival%2CHonjo_city%2CJapan.jpg/500px-Floats_lined_up_at_the_Honjo_Festival%2CHonjo_city%2CJapan.jpg,本庄市,(Wikipedia代表画像),Wikimedia Commons,https://ja.wikipedia.org/wiki/%E6%9C%AC%E5%BA%84%E5%B8%82
C699,https://upload.wikimedia.org/wikipedia/commons/thumb/2/2f/%E6%AF%94%E4%B8%98%E5%B0%BC%E5%B1%B1.jpg/500px-%E6%AF%94%E4%B8%98%E5%B0%BC%E5%B1%B1.jpg,東松山市,(Wikipedia代表画像),Wikimedia Commons,https://ja.wikipedia.org/wiki/%E6%9D%B1%E6%9D%BE%E5%B1%B1%E5%B8%82
C700,https://upload.wikimedia.org/wikipedia/commons/thumb/3/34/Sayama-Inariyama-Park-200807.jpg/500px-Sayama-Inariyama-Park-200807.jpg,狭山市,(Wikipedia代表画像),Wikimedia Commons,https://ja.wikipedia.org/wiki/%E7%8B%AD%E5%B1%B1%E5%B8%82
C701,https://upload.wikimedia.org/wikipedia/commons/thumb/f/fc/Saitama_Aquarium.JPG/500px-Saitama_Aquarium.JPG,羽生市,(Wikipedia代表画像),Wikimedia Commons,https://ja.wikipedia.org/wiki/%E7%BE%BD%E7%94%9F%E5%B8%82
C702,https://upload.wikimedia.org/wikipedia/commons/thumb/6/66/Konosu_Bikkuri_Hina_Matsuri_01.jpg/500px-Konosu_Bikkuri_Hina_Matsuri_01.jpg,鴻巣市,(Wikipedia代表画像),Wikimedia Commons,https://ja.wikipedia.org/wiki/%E9%B4%BB%E5%B7%A3%E5%B8%82
C703,https://upload.wikimedia.org/wikipedia/commons/thumb/5/52/Eiichi_Shibusawa_Memorial_Museum.JPG/500px-Eiichi_Shibusawa_Memorial_Museum.JPG,深谷市,(Wikipedia代表画像),Wikimedia Commons,https://ja.wikipedia.org/wiki/%E6%B7%B1%E8%B0%B7%E5%B8%82
C704,https://upload.wikimedia.org/wikipedia/commons/thumb/d/d6/Ageo_Ageomaruyama-kouen_Sakuramaturi_1.jpg/500px-Ageo_Ageomaruyama-kouen_Sakuramaturi_1.jpg,上尾市,(Wikipedia代表画像),Wikimedia Commons,https://ja.wikipedia.org/wiki/%E4%B8%8A%E5%B0%BE%E5%B8%82
C705,https://upload.wikimedia.org/wikipedia/commons/thumb/a/ac/%E8%8D%89%E5%8A%A0%E6%9D%BE%E5%8E%9F%28%E9%BB%92%E6%9D%BE%E3%81%AE%E4%B8%A6%E6%9C%A8%29.jpg/500px-%E8%8D%89%E5%8A%A0%E6%9D%BE%E5%8E%9F%28%E9%BB%92%E6%9D%BE%E3%81%AE%E4%B8%A6%E6%9C%A8%29.jpg,草加市,(Wikipedia代表画像),Wikimedia Commons,https://ja.wikipedia.org/wiki/%E8%8D%89%E5%8A%A0%E5%B8%82
C706,https://upload.wikimedia.org/wikipedia/commons/thumb/e/e3/Koshigaya_LakeTown_Pond_1.JPG/500px-Koshigaya_LakeTown_Pond_1.JPG,越谷市,(Wikipedia代表画像),Wikimedia Commons,https://ja.wikipedia.org/wiki/%E8%B6%8A%E8%B0%B7%E5%B8%82
C707,https://upload.wikimedia.org/wikipedia/commons/thumb/3/39/%E5%92%8C%E6%A8%82%E5%82%99%E7%A5%9E%E7%A4%BE_%E6%8B%9D%E6%AE%BF.jpg/500px-%E5%92%8C%E6%A8%82%E5%82%99%E7%A5%9E%E7%A4%BE_%E6%8B%9D%E6%AE%BF.jpg,蕨市,(Wikipedia代表画像),Wikimedia Commons,https://ja.wikipedia.org/wiki/%E8%95%A8%E5%B8%82
C708,https://upload.wikimedia.org/wikipedia/commons/thumb/6/6f/Arakawa1_Adjustment_Pond_Saiko.JPG/500px-Arakawa1_Adjustment_Pond_Saiko.JPG,戸田市,(Wikipedia代表画像),Wikimedia Commons,https://ja.wikipedia.org/wiki/%E6%88%B8%E7%94%B0%E5%B8%82
C709,https://upload.wikimedia.org/wikipedia/commons/thumb/d/d3/Iruma_Sayama_Tea_Field_3.JPG/500px-Iruma_Sayama_Tea_Field_3.JPG,入間市,(Wikipedia代表画像),Wikimedia Commons,https://ja.wikipedia.org/wiki/%E5%85%A5%E9%96%93%E5%B8%82
C710,https://upload.wikimedia.org/wikipedia/commons/thumb/4/4c/Rikkun_Land%E3%83%BBJGSDF_Public_Information_Center.jpg/500px-Rikkun_Land%E3%83%BBJGSDF_Public_Information_Center.jpg,朝霞市,(Wikipedia代表画像),Wikimedia Commons,https://ja.wikipedia.org/wiki/%E6%9C%9D%E9%9C%9E%E5%B8%82
C711,https://upload.wikimedia.org/wikipedia/commons/thumb/0/06/Shiki_Murayamakaisaido_1.JPG/500px-Shiki_Murayamakaisaido_1.JPG,志木市,(Wikipedia代表画像),Wikimedia Commons,https://ja.wikipedia.org/wiki/%E5%BF%97%E6%9C%A8%E5%B8%82
C712,https://upload.wikimedia.org/wikipedia/commons/thumb/3/32/Saitama_Prefectural_Wako_Jurin_Park_1.jpg/500px-Saitama_Prefectural_Wako_Jurin_Park_1.jpg,和光市,(Wikipedia代表画像),Wikimedia Commons,https://ja.wikipedia.org/wiki/%E5%92%8C%E5%85%89%E5%B8%82
C713,https://upload.wikimedia.org/wikipedia/commons/thumb/9/9c/%E5%B9%B3%E6%9E%97%E5%AF%BA_-_panoramio.jpg/500px-%E5%B9%B3%E6%9E%97%E5%AF%BA_-_panoramio.jpg,新座市,(Wikipedia代表画像),Wikimedia Commons,https://ja.wikipedia.org/wiki/%E6%96%B0%E5%BA%A7%E5%B8%82
C714,https://upload.wikimedia.org/wikipedia/commons/thumb/3/35/Benibana_Furusatokan_omoya.jpg/500px-Benibana_Furusatokan_omoya.jpg,桶川市,(Wikipedia代表画像),Wikimedia Commons,https://ja.wikipedia.org/wiki/%E6%A1%B6%E5%B7%9D%E5%B8%82
C715,https://upload.wikimedia.org/wikipedia/commons/thumb/2/24/Kuki_Ch%C5%8Dchin_Matsuri_04.jpg/500px-Kuki_Ch%C5%8Dchin_Matsuri_04.jpg,久喜市,(Wikipedia代表画像),Wikimedia Commons,https://ja.wikipedia.org/wiki/%E4%B9%85%E5%96%9C%E5%B8%82
C716,https://upload.wikimedia.org/wikipedia/ja/thumb/f/f3/Kitamoto_Ishidokabazakura_Front_1.JPG/500px-Kitamoto_Ishidokabazakura_Front_1.JPG,北本市,(Wikipedia代表画像),Wikimedia Commons,https://ja.wikipedia.org/wiki/%E5%8C%97%E6%9C%AC%E5%B8%82
C717,https://upload.wikimedia.org/wikipedia/commons/thumb/2/2b/%E4%B8%AD%E5%B7%9D%E3%82%84%E3%81%97%E3%81%8A%E3%83%95%E3%83%A9%E3%83%AF%E3%83%BC%E3%83%91%E3%83%BC%E3%82%AF.jpg/500px-%E4%B8%AD%E5%B7%9D%E3%82%84%E3%81%97%E3%81%8A%E3%83%95%E3%83%A9%E3%83%AF%E3%83%BC%E3%83%91%E3%83%BC%E3%82%AF.jpg,八潮市,(Wikipedia代表画像),Wikimedia Commons,https://ja.wikipedia.org/wiki/%E5%85%AB%E6%BD%AE%E5%B8%82
C718,https://upload.wikimedia.org/wikipedia/commons/thumb/5/54/Fujimi_Mizukokaiduka_Park_3.JPG/500px-Fujimi_Mizukokaiduka_Park_3.JPG,富士見市,(Wikipedia代表画像),Wikimedia Commons,https://ja.wikipedia.org/wiki/%E5%AF%8C%E5%A3%AB%E8%A6%8B%E5%B8%82
C719,https://upload.wikimedia.org/wikipedia/commons/thumb/c/c9/Misato_20251129_160447.jpg/500px-Misato_20251129_160447.jpg,三郷市,(Wikipedia代表画像),Wikimedia Commons,https://ja.wikipedia.org/wiki/%E4%B8%89%E9%83%B7%E5%B8%82
C720,https://upload.wikimedia.org/wikipedia/commons/thumb/d/db/Hasuda_Nisizyounuma_Kouen_Nisizyounuma_1.jpg/500px-Hasuda_Nisizyounuma_Kouen_Nisizyounuma_1.jpg,蓮田市,(Wikipedia代表画像),Wikimedia Commons,https://ja.wikipedia.org/wiki/%E8%93%AE%E7%94%B0%E5%B8%82
C721,https://upload.wikimedia.org/wikipedia/commons/thumb/6/64/Sakado_Xientengong_Honden_1.JPG/500px-Sakado_Xientengong_Honden_1.JPG,坂戸市,(Wikipedia代表画像),Wikimedia Commons,https://ja.wikipedia.org/wiki/%E5%9D%82%E6%88%B8%E5%B8%82
C722,https://upload.wikimedia.org/wikipedia/commons/thumb/3/3e/Satte_Gongendo_Bank_In_Spling_2.jpg/500px-Satte_Gongendo_Bank_In_Spling_2.jpg,幸手市,(Wikipedia代表画像),Wikimedia Commons,https://ja.wikipedia.org/wiki/%E5%B9%B8%E6%89%8B%E5%B8%82
C723,https://upload.wikimedia.org/wikipedia/commons/thumb/0/07/Tsurugashima_Kandachigaike_Pond_1.jpg/500px-Tsurugashima_Kandachigaike_Pond_1.jpg,鶴ヶ島市,(Wikipedia代表画像),Wikimedia Commons,https://ja.wikipedia.org/wiki/%E9%B6%B4%E3%83%B6%E5%B3%B6%E5%B8%82
C724,https://upload.wikimedia.org/wikipedia/commons/thumb/e/e1/Hidaka_Saitama_Koma_Shrine_Haiden_1.JPG/500px-Hidaka_Saitama_Koma_Shrine_Haiden_1.JPG,日高市,(Wikipedia代表画像),Wikimedia Commons,https://ja.wikipedia.org/wiki/%E6%97%A5%E9%AB%98%E5%B8%82
C725,https://upload.wikimedia.org/wikipedia/commons/thumb/7/7a/Yoshikawa_jinja.jpg/500px-Yoshikawa_jinja.jpg,吉川市,(Wikipedia代表画像),Wikimedia Commons,https://ja.wikipedia.org/wiki/%E5%90%89%E5%B7%9D%E5%B8%82
C726,https://upload.wikimedia.org/wikipedia/commons/thumb/0/0f/Fujinino_Hukuokakasikinenkan_1.jpg/500px-Fujinino_Hukuokakasikinenkan_1.jpg,ふじみ野市,(Wikipedia代表画像),Wikimedia Commons,https://ja.wikipedia.org/wiki/%E3%81%B5%E3%81%98%E3%81%BF%E9%87%8E%E5%B8%82
C727,https://upload.wikimedia.org/wikipedia/commons/thumb/5/59/Shiraoka_Shibayama_Swamp_2.jpg/500px-Shiraoka_Shibayama_Swamp_2.jpg,白岡市,(Wikipedia代表画像),Wikimedia Commons,https://ja.wikipedia.org/wiki/%E7%99%BD%E5%B2%A1%E5%B8%82
C728,https://upload.wikimedia.org/wikipedia/commons/thumb/5/56/Ina_Town_Memorial_Park_003.jpg/500px-Ina_Town_Memorial_Park_003.jpg,伊奈町,(Wikipedia代表画像),Wikimedia Commons,https://ja.wikipedia.org/wiki/%E4%BC%8A%E5%A5%88%E7%94%BA
C729,https://upload.wikimedia.org/wikipedia/commons/thumb/c/c8/Main_gate_of_tafuku-ji.jpg/500px-Main_gate_of_tafuku-ji.jpg,三芳町,(Wikipedia代表画像),Wikimedia Commons,https://ja.wikipedia.org/wiki/%E4%B8%89%E8%8A%B3%E7%94%BA
C730,https://upload.wikimedia.org/wikipedia/commons/thumb/5/5c/Moroyama_Lake_Kamakita_1.JPG/500px-Moroyama_Lake_Kamakita_1.JPG,毛呂山町,(Wikipedia代表画像),Wikimedia Commons,https://ja.wikipedia.org/wiki/%E6%AF%9B%E5%91%82%E5%B1%B1%E7%94%BA
C731,https://upload.wikimedia.org/wikipedia/commons/thumb/b/bf/Ogose_bairin1.JPG/500px-Ogose_bairin1.JPG,越生町,(Wikipedia代表画像),Wikimedia Commons,https://ja.wikipedia.org/wiki/%E8%B6%8A%E7%94%9F%E7%94%BA
C732,https://upload.wikimedia.org/wikipedia/commons/thumb/4/45/%E6%A3%AE%E6%9E%97%E5%85%AC%E5%9C%92_-_panoramio_%284%29.jpg/500px-%E6%A3%AE%E6%9E%97%E5%85%AC%E5%9C%92_-_panoramio_%284%29.jpg,滑川町,(Wikipedia代表画像),Wikimedia Commons,https://ja.wikipedia.org/wiki/%E6%BB%91%E5%B7%9D%E7%94%BA
C733,https://upload.wikimedia.org/wikipedia/commons/thumb/9/96/Ranzan_Ranzan-Valley_1.JPG/500px-Ranzan_Ranzan-Valley_1.JPG,嵐山町,(Wikipedia代表画像),Wikimedia Commons,https://ja.wikipedia.org/wiki/%E5%B5%90%E5%B1%B1%E7%94%BA
C734,https://upload.wikimedia.org/wikipedia/commons/thumb/1/15/Michinoeki_Ogawamachi_Saitama_Craft_Center_1.jpg/500px-Michinoeki_Ogawamachi_Saitama_Craft_Center_1.jpg,小川町,(Wikipedia代表画像),Wikimedia Commons,https://ja.wikipedia.org/wiki/%E5%B0%8F%E5%B7%9D%E7%94%BA
C735,https://upload.wikimedia.org/wikipedia/commons/thumb/e/e2/The_Toyama_Memorial_Museum_2015-1.jpg/500px-The_Toyama_Memorial_Museum_2015-1.jpg,川島町,(Wikipedia代表画像),Wikimedia Commons,https://ja.wikipedia.org/wiki/%E5%B7%9D%E5%B3%B6%E7%94%BA
C736,https://upload.wikimedia.org/wikipedia/commons/thumb/2/21/Yoshimi_Hyakuana%2C_gaikan-1.jpg/500px-Yoshimi_Hyakuana%2C_gaikan-1.jpg,吉見町,(Wikipedia代表画像),Wikimedia Commons,https://ja.wikipedia.org/wiki/%E5%90%89%E8%A6%8B%E7%94%BA
C737,https://upload.wikimedia.org/wikipedia/commons/thumb/7/7f/Higashimatsuyama_Earth_Observation_Center_Entrance_1.jpg/500px-Higashimatsuyama_Earth_Observation_Center_Entrance_1.jpg,鳩山町,(Wikipedia代表画像),Wikimedia Commons,https://ja.wikipedia.org/wiki/%E9%B3%A9%E5%B1%B1%E7%94%BA
C738,https://upload.wikimedia.org/wikipedia/commons/thumb/3/3e/Tokigawa_Jikoji_Kaizando_1.jpg/500px-Tokigawa_Jikoji_Kaizando_1.jpg,ときがわ町,(Wikipedia代表画像),Wikimedia Commons,https://ja.wikipedia.org/wiki/%E3%81%A8%E3%81%8D%E3%81%8C%E3%82%8F%E7%94%BA
C739,https://upload.wikimedia.org/wikipedia/commons/thumb/9/94/Mount_Buko_20140517_-_Flickr.jpg/500px-Mount_Buko_20140517_-_Flickr.jpg,横瀬町,(Wikipedia代表画像),Wikimedia Commons,https://ja.wikipedia.org/wiki/%E6%A8%AA%E7%80%AC%E7%94%BA
C740,https://upload.wikimedia.org/wikipedia/commons/thumb/f/fc/Minano_Otsuka_Kofun%2C_funkyu.jpg/500px-Minano_Otsuka_Kofun%2C_funkyu.jpg,皆野町,(Wikipedia代表画像),Wikimedia Commons,https://ja.wikipedia.org/wiki/%E7%9A%86%E9%87%8E%E7%94%BA
C741,https://upload.wikimedia.org/wikipedia/commons/thumb/5/50/Nagatoro1.jpg/500px-Nagatoro1.jpg,長瀞町,(Wikipedia代表画像),Wikimedia Commons,https://ja.wikipedia.org/wiki/%E9%95%B7%E7%80%9E%E7%94%BA
C742,https://upload.wikimedia.org/wikipedia/commons/thumb/2/21/Fossil_Museum_of_Ogano_1.jpg/500px-Fossil_Museum_of_Ogano_1.jpg,小鹿野町,(Wikipedia代表画像),Wikimedia Commons,https://ja.wikipedia.org/wiki/%E5%B0%8F%E9%B9%BF%E9%87%8E%E7%94%BA
C743,https://upload.wikimedia.org/wikipedia/commons/thumb/e/eb/Michinoeki_Washinosato_Higashichichibu_survey.jpg/500px-Michinoeki_Washinosato_Higashichichibu_survey.jpg,東秩父村,(Wikipedia代表画像),Wikimedia Commons,https://ja.wikipedia.org/wiki/%E6%9D%B1%E7%A7%A9%E7%88%B6%E6%9D%91
C744,https://upload.wikimedia.org/wikipedia/commons/thumb/f/f6/%E6%B0%B4%E6%AE%BF%E7%93%A6%E7%AA%AF%E8%B7%A1_-_panoramio.jpg/500px-%E6%B0%B4%E6%AE%BF%E7%93%A6%E7%AA%AF%E8%B7%A1_-_panoramio.jpg,美里町 (埼玉県),(Wikipedia代表画像),Wikimedia Commons,https://ja.wikipedia.org/wiki/%E7%BE%8E%E9%87%8C%E7%94%BA%20(%E5%9F%BC%E7%8E%89%E7%9C%8C)
C745,https://upload.wikimedia.org/wikipedia/commons/thumb/d/d7/Kanasana-jinja_keidai.JPG/500px-Kanasana-jinja_keidai.JPG,神川町,(Wikipedia代表画像),Wikimedia Commons,https://ja.wikipedia.org/wiki/%E7%A5%9E%E5%B7%9D%E7%94%BA
C746,https://upload.wikimedia.org/wikipedia/commons/thumb/7/72/Kichijouin_Temple_in_Kamisato.jpg/500px-Kichijouin_Temple_in_Kamisato.jpg,上里町,(Wikipedia代表画像),Wikimedia Commons,https://ja.wikipedia.org/wiki/%E4%B8%8A%E9%87%8C%E7%94%BA
C747,https://upload.wikimedia.org/wikipedia/commons/thumb/3/32/Yorii_Saitama_Museum_Of_River_Main_Building_1.jpg/500px-Yorii_Saitama_Museum_Of_River_Main_Building_1.jpg,寄居町,(Wikipedia代表画像),Wikimedia Commons,https://ja.wikipedia.org/wiki/%E5%AF%84%E5%B1%85%E7%94%BA
C748,https://upload.wikimedia.org/wikipedia/commons/thumb/5/53/Ferris_wheel_in_Tobu_Zoo_Park_001.jpg/500px-Ferris_wheel_in_Tobu_Zoo_Park_001.jpg,宮代町,(Wikipedia代表画像),Wikimedia Commons,https://ja.wikipedia.org/wiki/%E5%AE%AE%E4%BB%A3%E7%94%BA
C749,https://upload.wikimedia.org/wikipedia/commons/thumb/7/71/Houshouinhudoudou.jpg/500px-Houshouinhudoudou.jpg,杉戸町,(Wikipedia代表画像),Wikimedia Commons,https://ja.wikipedia.org/wiki/%E6%9D%89%E6%88%B8%E7%94%BA
C750,https://upload.wikimedia.org/wikipedia/commons/thumb/b/bf/Matubushi_midorinooka_park1.jpg/500px-Matubushi_midorinooka_park1.jpg,松伏町,(Wikipedia代表画像),Wikimedia Commons,https://ja.wikipedia.org/wiki/%E6%9D%BE%E4%BC%8F%E7%94%BA
C751,https://upload.wikimedia.org/wikipedia/commons/thumb/f/f1/Ichikawa_montage.jpg/500px-Ichikawa_montage.jpg,市川市,(Wikipedia代表画像),Wikimedia Commons,https://ja.wikipedia.org/wiki/%E5%B8%82%E5%B7%9D%E5%B8%82
C752,https://upload.wikimedia.org/wikipedia/commons/thumb/d/dc/Funabashi_montage.jpg/500px-Funabashi_montage.jpg,船橋市,(Wikipedia代表画像),Wikimedia Commons,https://ja.wikipedia.org/wiki/%E8%88%B9%E6%A9%8B%E5%B8%82
C753,https://upload.wikimedia.org/wikipedia/commons/thumb/6/6a/Kisarazu_montage.jpg/500px-Kisarazu_montage.jpg,木更津市,(Wikipedia代表画像),Wikimedia Commons,https://ja.wikipedia.org/wiki/%E6%9C%A8%E6%9B%B4%E6%B4%A5%E5%B8%82
C754,https://upload.wikimedia.org/wikipedia/commons/thumb/5/53/Matsudo_montage.jpg/500px-Matsudo_montage.jpg,松戸市,(Wikipedia代表画像),Wikimedia Commons,https://ja.wikipedia.org/wiki/%E6%9D%BE%E6%88%B8%E5%B8%82
C755,https://upload.wikimedia.org/wikipedia/commons/thumb/6/63/Noda_montage.jpg/500px-Noda_montage.jpg,野田市,(Wikipedia代表画像),Wikimedia Commons,https://ja.wikipedia.org/wiki/%E9%87%8E%E7%94%B0%E5%B8%82
C756,https://upload.wikimedia.org/wikipedia/commons/thumb/1/1c/Mobara_montage_%E5%8D%83%E8%91%89%E7%9C%8C%E8%8C%82%E5%8E%9F%E5%B8%82%E3%83%A2%E3%83%B3%E3%82%BF%E3%83%BC%E3%82%B8%E3%83%A5.png/500px-Mobara_montage_%E5%8D%83%E8%91%89%E7%9C%8C%E8%8C%82%E5%8E%9F%E5%B8%82%E3%83%A2%E3%83%B3%E3%82%BF%E3%83%BC%E3%82%B8%E3%83%A5.png,茂原市,(Wikipedia代表画像),Wikimedia Commons,https://ja.wikipedia.org/wiki/%E8%8C%82%E5%8E%9F%E5%B8%82
C757,https://upload.wikimedia.org/wikipedia/commons/thumb/e/e1/Sakura_montage2.jpg/500px-Sakura_montage2.jpg,佐倉市,(Wikipedia代表画像),Wikimedia Commons,https://ja.wikipedia.org/wiki/%E4%BD%90%E5%80%89%E5%B8%82
C758,https://upload.wikimedia.org/wikipedia/commons/thumb/1/1e/%E5%85%AB%E9%B6%B4%E6%B9%96-%E6%9C%80%E7%A6%8F%E5%AF%BA.jpg/500px-%E5%85%AB%E9%B6%B4%E6%B9%96-%E6%9C%80%E7%A6%8F%E5%AF%BA.jpg,東金市,(Wikipedia代表画像),Wikimedia Commons,https://ja.wikipedia.org/wiki/%E6%9D%B1%E9%87%91%E5%B8%82
C759,https://upload.wikimedia.org/wikipedia/commons/thumb/2/2c/Michinoeki_asahi.jpg/500px-Michinoeki_asahi.jpg,旭市,(Wikipedia代表画像),Wikimedia Commons,https://ja.wikipedia.org/wiki/%E6%97%AD%E5%B8%82
C760,https://upload.wikimedia.org/wikipedia/commons/thumb/d/de/Narashino_montage.jpg/500px-Narashino_montage.jpg,習志野市,(Wikipedia代表画像),Wikimedia Commons,https://ja.wikipedia.org/wiki/%E7%BF%92%E5%BF%97%E9%87%8E%E5%B8%82
C761,https://upload.wikimedia.org/wikipedia/commons/thumb/e/eb/Kashiwa_montage.jpg/500px-Kashiwa_montage.jpg,柏市,(Wikipedia代表画像),Wikimedia Commons,https://ja.wikipedia.org/wiki/%E6%9F%8F%E5%B8%82
C762,https://upload.wikimedia.org/wikipedia/commons/thumb/3/38/Katsuura_Montage.jpg/500px-Katsuura_Montage.jpg,勝浦市,(Wikipedia代表画像),Wikimedia Commons,https://ja.wikipedia.org/wiki/%E5%8B%9D%E6%B5%A6%E5%B8%82
C763,https://upload.wikimedia.org/wikipedia/commons/thumb/d/db/Ichihara_montage.jpg/500px-Ichihara_montage.jpg,市原市,(Wikipedia代表画像),Wikimedia Commons,https://ja.wikipedia.org/wiki/%E5%B8%82%E5%8E%9F%E5%B8%82
C764,https://upload.wikimedia.org/wikipedia/commons/thumb/1/11/Nagareyama_montage.jpg/500px-Nagareyama_montage.jpg,流山市,(Wikipedia代表画像),Wikimedia Commons,https://ja.wikipedia.org/wiki/%E6%B5%81%E5%B1%B1%E5%B8%82
C765,https://upload.wikimedia.org/wikipedia/commons/thumb/1/12/%E4%BA%AC%E6%88%90%E3%83%90%E3%83%A9%E5%9C%92.jpg/500px-%E4%BA%AC%E6%88%90%E3%83%90%E3%83%A9%E5%9C%92.jpg,八千代市,(Wikipedia代表画像),Wikimedia Commons,https://ja.wikipedia.org/wiki/%E5%85%AB%E5%8D%83%E4%BB%A3%E5%B8%82
C766,https://upload.wikimedia.org/wikipedia/commons/thumb/a/ab/Abiko_montage.jpg/500px-Abiko_montage.jpg,我孫子市,(Wikipedia代表画像),Wikimedia Commons,https://ja.wikipedia.org/wiki/%E6%88%91%E5%AD%AB%E5%AD%90%E5%B8%82
C767,https://upload.wikimedia.org/wikipedia/commons/thumb/0/04/Kamogawa_Montage.jpg/500px-Kamogawa_Montage.jpg,鴨川市,(Wikipedia代表画像),Wikimedia Commons,https://ja.wikipedia.org/wiki/%E9%B4%A8%E5%B7%9D%E5%B8%82
C768,https://upload.wikimedia.org/wikipedia/commons/thumb/c/cd/Kamagaya-daibutsu03.jpg/500px-Kamagaya-daibutsu03.jpg,鎌ケ谷市,(Wikipedia代表画像),Wikimedia Commons,https://ja.wikipedia.org/wiki/%E9%8E%8C%E3%82%B1%E8%B0%B7%E5%B8%82
C769,https://upload.wikimedia.org/wikipedia/commons/thumb/c/c2/Kimitsu_Montage.jpg/500px-Kimitsu_Montage.jpg,君津市,(Wikipedia代表画像),Wikimedia Commons,https://ja.wikipedia.org/wiki/%E5%90%9B%E6%B4%A5%E5%B8%82
C770,https://upload.wikimedia.org/wikipedia/commons/thumb/9/99/Futtsu_Montage.jpg/500px-Futtsu_Montage.jpg,富津市,(Wikipedia代表画像),Wikimedia Commons,https://ja.wikipedia.org/wiki/%E5%AF%8C%E6%B4%A5%E5%B8%82
C771,https://upload.wikimedia.org/wikipedia/commons/thumb/9/9e/Yotsukaidojujiro.jpg/500px-Yotsukaidojujiro.jpg,四街道市,(Wikipedia代表画像),Wikimedia Commons,https://ja.wikipedia.org/wiki/%E5%9B%9B%E8%A1%97%E9%81%93%E5%B8%82
C772,https://upload.wikimedia.org/wikipedia/commons/thumb/3/35/Sodegaura_park-Chiba_%E8%A2%96%E3%83%B6%E6%B5%A6%E5%85%AC%E5%9C%92-DSCF7066.JPG/500px-Sodegaura_park-Chiba_%E8%A2%96%E3%83%B6%E6%B5%A6%E5%85%AC%E5%9C%92-DSCF7066.JPG,袖ケ浦市,(Wikipedia代表画像),Wikimedia Commons,https://ja.wikipedia.org/wiki/%E8%A2%96%E3%82%B1%E6%B5%A6%E5%B8%82
C773,https://upload.wikimedia.org/wikipedia/commons/thumb/5/5d/Dry-up-peanuts%2Cbotti%2Cyachimata-city%2Cjapan.JPG/500px-Dry-up-peanuts%2Cbotti%2Cyachimata-city%2Cjapan.JPG,八街市,(Wikipedia代表画像),Wikimedia Commons,https://ja.wikipedia.org/wiki/%E5%85%AB%E8%A1%97%E5%B8%82
C774,https://upload.wikimedia.org/wikipedia/commons/thumb/4/41/Inzai_montages.jpg/500px-Inzai_montages.jpg,印西市,(Wikipedia代表画像),Wikimedia Commons,https://ja.wikipedia.org/wiki/%E5%8D%B0%E8%A5%BF%E5%B8%82
C775,https://upload.wikimedia.org/wikipedia/commons/thumb/8/82/Yakuou-ji-temple-main-chiba-feb21-2016.jpg/500px-Yakuou-ji-temple-main-chiba-feb21-2016.jpg,白井市,(Wikipedia代表画像),Wikimedia Commons,https://ja.wikipedia.org/wiki/%E7%99%BD%E4%BA%95%E5%B8%82
C776,https://upload.wikimedia.org/wikipedia/commons/thumb/e/eb/Former_Iwasaki_family_villa_%28Tomisato_City%2C_Chiba_Prefecture%29_01.jpg/500px-Former_Iwasaki_family_villa_%28Tomisato_City%2C_Chiba_Prefecture%29_01.jpg,富里市,(Wikipedia代表画像),Wikimedia Commons,https://ja.wikipedia.org/wiki/%E5%AF%8C%E9%87%8C%E5%B8%82
C777,https://upload.wikimedia.org/wikipedia/commons/thumb/2/23/Minamiboso_Montage.jpg/500px-Minamiboso_Montage.jpg,南房総市,(Wikipedia代表画像),Wikimedia Commons,https://ja.wikipedia.org/wiki/%E5%8D%97%E6%88%BF%E7%B7%8F%E5%B8%82
C778,https://upload.wikimedia.org/wikipedia/commons/thumb/6/69/Katori_montage.jpg/500px-Katori_montage.jpg,香取市,(Wikipedia代表画像),Wikimedia Commons,https://ja.wikipedia.org/wiki/%E9%A6%99%E5%8F%96%E5%B8%82
C779,https://upload.wikimedia.org/wikipedia/commons/thumb/f/ff/Hasunumakaihinnpark1.jpg/500px-Hasunumakaihinnpark1.jpg,山武市,(Wikipedia代表画像),Wikimedia Commons,https://ja.wikipedia.org/wiki/%E5%B1%B1%E6%AD%A6%E5%B8%82
C780,https://upload.wikimedia.org/wikipedia/commons/thumb/0/03/Isumi_Montage.jpg/500px-Isumi_Montage.jpg,いすみ市,(Wikipedia代表画像),Wikimedia Commons,https://ja.wikipedia.org/wiki/%E3%81%84%E3%81%99%E3%81%BF%E5%B8%82
C781,https://upload.wikimedia.org/wikipedia/commons/thumb/0/0b/Shirasato_Beach_%28Oamishirasato_City%2C_Chiba_Prefecture%29_02.jpg/500px-Shirasato_Beach_%28Oamishirasato_City%2C_Chiba_Prefecture%29_02.jpg,大網白里市,(Wikipedia代表画像),Wikimedia Commons,https://ja.wikipedia.org/wiki/%E5%A4%A7%E7%B6%B2%E7%99%BD%E9%87%8C%E5%B8%82
C782,https://upload.wikimedia.org/wikipedia/commons/thumb/6/6f/Iinumahonke_magariya_shisui.JPG/500px-Iinumahonke_magariya_shisui.JPG,酒々井町,(Wikipedia代表画像),Wikimedia Commons,https://ja.wikipedia.org/wiki/%E9%85%92%E3%80%85%E4%BA%95%E7%94%BA
C783,https://upload.wikimedia.org/wikipedia/commons/thumb/6/6f/Winkels_en_woningen_in_Boso_no_mura%2C_-21_maart_2014_a.jpg/500px-Winkels_en_woningen_in_Boso_no_mura%2C_-21_maart_2014_a.jpg,栄町,(Wikipedia代表画像),Wikimedia Commons,https://ja.wikipedia.org/wiki/%E6%A0%84%E7%94%BA
C784,https://upload.wikimedia.org/wikipedia/commons/thumb/0/0a/2024-kasai_Kozaki_Shrine_and_Kozaki_no_O-kusu_Katori-JPN.jpg/500px-2024-kasai_Kozaki_Shrine_and_Kozaki_no_O-kusu_Katori-JPN.jpg,神崎町,(Wikipedia代表画像),Wikimedia Commons,https://ja.wikipedia.org/wiki/%E7%A5%9E%E5%B4%8E%E7%94%BA
C785,https://upload.wikimedia.org/wikipedia/commons/thumb/5/51/Nichihonji_temple_2.jpg/500px-Nichihonji_temple_2.jpg,多古町,(Wikipedia代表画像),Wikimedia Commons,https://ja.wikipedia.org/wiki/%E5%A4%9A%E5%8F%A4%E7%94%BA
C786,https://upload.wikimedia.org/wikipedia/commons/thumb/8/85/Enmeiji_Temple_%28Tonosho_Town%2C_Chiba_Prefecture%29_02.jpg/500px-Enmeiji_Temple_%28Tonosho_Town%2C_Chiba_Prefecture%29_02.jpg,東庄町,(Wikipedia代表画像),Wikimedia Commons,https://ja.wikipedia.org/wiki/%E6%9D%B1%E5%BA%84%E7%94%BA
C787,https://upload.wikimedia.org/wikipedia/commons/thumb/d/dc/Sardine_Center_exterior_in_2015-07-31.jpg/500px-Sardine_Center_exterior_in_2015-07-31.jpg,九十九里町,(Wikipedia代表画像),Wikimedia Commons,https://ja.wikipedia.org/wiki/%E4%B9%9D%E5%8D%81%E4%B9%9D%E9%87%8C%E7%94%BA
C788,https://upload.wikimedia.org/wikipedia/commons/thumb/a/a3/Museum_of_Aeronautical_Sciences.JPG/500px-Museum_of_Aeronautical_Sciences.JPG,芝山町,(Wikipedia代表画像),Wikimedia Commons,https://ja.wikipedia.org/wiki/%E8%8A%9D%E5%B1%B1%E7%94%BA
C789,https://upload.wikimedia.org/wikipedia/commons/thumb/2/27/Sakata_castle.jpg/500px-Sakata_castle.jpg,横芝光町,(Wikipedia代表画像),Wikimedia Commons,https://ja.wikipedia.org/wiki/%E6%A8%AA%E8%8A%9D%E5%85%89%E7%94%BA
C790,https://upload.wikimedia.org/wikipedia/commons/thumb/5/57/Tamasaki-jinja.jpg/500px-Tamasaki-jinja.jpg,一宮町,(Wikipedia代表画像),Wikimedia Commons,https://ja.wikipedia.org/wiki/%E4%B8%80%E5%AE%AE%E7%94%BA
C791,https://upload.wikimedia.org/wikipedia/commons/thumb/e/e4/Tsudoimutsuzawa.jpg/500px-Tsudoimutsuzawa.jpg,睦沢町,(Wikipedia代表画像),Wikimedia Commons,https://ja.wikipedia.org/wiki/%E7%9D%A6%E6%B2%A2%E7%94%BA
C792,https://upload.wikimedia.org/wikipedia/commons/thumb/0/0b/%E4%B8%80%E6%9D%BE%E6%B5%B7%E5%B2%B8_-_panoramio_-_%E3%81%8F%E3%82%8D%E3%81%B5%E3%81%AD_%281%29.jpg/500px-%E4%B8%80%E6%9D%BE%E6%B5%B7%E5%B2%B8_-_panoramio_-_%E3%81%8F%E3%82%8D%E3%81%B5%E3%81%AD_%281%29.jpg,長生村,(Wikipedia代表画像),Wikimedia Commons,https://ja.wikipedia.org/wiki/%E9%95%B7%E7%94%9F%E6%9D%91
C793,https://upload.wikimedia.org/wikipedia/commons/thumb/b/be/Sirako_jinja.JPG/500px-Sirako_jinja.JPG,白子町,(Wikipedia代表画像),Wikimedia Commons,https://ja.wikipedia.org/wiki/%E7%99%BD%E5%AD%90%E7%94%BA
C794,https://upload.wikimedia.org/wikipedia/commons/thumb/f/f6/Resol_seimei_no_mori.jpg/500px-Resol_seimei_no_mori.jpg,長柄町,(Wikipedia代表画像),Wikimedia Commons,https://ja.wikipedia.org/wiki/%E9%95%B7%E6%9F%84%E7%94%BA
C795,https://upload.wikimedia.org/wikipedia/commons/thumb/f/f4/Kasamori-ji_%28cropped%29.jpg/500px-Kasamori-ji_%28cropped%29.jpg,長南町,(Wikipedia代表画像),Wikimedia Commons,https://ja.wikipedia.org/wiki/%E9%95%B7%E5%8D%97%E7%94%BA
C796,https://upload.wikimedia.org/wikipedia/commons/thumb/7/7d/Otaki_Castle_02.jpg/500px-Otaki_Castle_02.jpg,大多喜町,(Wikipedia代表画像),Wikimedia Commons,https://ja.wikipedia.org/wiki/%E5%A4%A7%E5%A4%9A%E5%96%9C%E7%94%BA
C797,https://upload.wikimedia.org/wikipedia/commons/thumb/5/52/Moon-Desert_Onjuku.jpg/500px-Moon-Desert_Onjuku.jpg,御宿町,(Wikipedia代表画像),Wikimedia Commons,https://ja.wikipedia.org/wiki/%E5%BE%A1%E5%AE%BF%E7%94%BA
C798,https://upload.wikimedia.org/wikipedia/commons/thumb/7/7d/Nihonji_daibutsu_and_Prunus_DSCN2878_20120314.JPG/500px-Nihonji_daibutsu_and_Prunus_DSCN2878_20120314.JPG,鋸南町,(Wikipedia代表画像),Wikimedia Commons,https://ja.wikipedia.org/wiki/%E9%8B%B8%E5%8D%97%E7%94%BA
C799,https://upload.wikimedia.org/wikipedia/commons/thumb/e/ed/Akamon%2C_University_of_Tokyo_2019.jpg/500px-Akamon%2C_University_of_Tokyo_2019.jpg,文京区,(Wikipedia代表画像),Wikimedia Commons,https://ja.wikipedia.org/wiki/%E6%96%87%E4%BA%AC%E5%8C%BA
C800,https://upload.wikimedia.org/wikipedia/commons/thumb/8/84/Tokyo_Skytree_2014_%E2%85%A2.jpg/500px-Tokyo_Skytree_2014_%E2%85%A2.jpg,墨田区,(Wikipedia代表画像),Wikimedia Commons,https://ja.wikipedia.org/wiki/%E5%A2%A8%E7%94%B0%E5%8C%BA
C801,https://upload.wikimedia.org/wikipedia/commons/thumb/a/a9/Tomioka_Hachiman-gu_201708.jpg/500px-Tomioka_Hachiman-gu_201708.jpg,江東区,(Wikipedia代表画像),Wikimedia Commons,https://ja.wikipedia.org/wiki/%E6%B1%9F%E6%9D%B1%E5%8C%BA
C802,https://upload.wikimedia.org/wikipedia/commons/thumb/7/7a/Meguro_Meguro_River_Cherry_Trees_1.JPG/500px-Meguro_Meguro_River_Cherry_Trees_1.JPG,目黒区,(Wikipedia代表画像),Wikimedia Commons,https://ja.wikipedia.org/wiki/%E7%9B%AE%E9%BB%92%E5%8C%BA
C803,https://upload.wikimedia.org/wikipedia/commons/thumb/2/2f/Tokyo-International-Airport_Satellite.jpg/500px-Tokyo-International-Airport_Satellite.jpg,大田区,(Wikipedia代表画像),Wikimedia Commons,https://ja.wikipedia.org/wiki/%E5%A4%A7%E7%94%B0%E5%8C%BA
C804,https://upload.wikimedia.org/wikipedia/commons/thumb/7/7f/Tetsugakudo_Park%28Philosophy_Hall_Park%29_-_%E5%93%B2%E5%AD%A6%E5%A0%82%E5%85%AC%E5%9C%92_-_panoramio_%281%29.jpg/500px-Tetsugakudo_Park%28Philosophy_Hall_Park%29_-_%E5%93%B2%E5%AD%A6%E5%A0%82%E5%85%AC%E5%9C%92_-_panoramio_%281%29.jpg,中野区,(Wikipedia代表画像),Wikimedia Commons,https://ja.wikipedia.org/wiki/%E4%B8%AD%E9%87%8E%E5%8C%BA
C805,https://upload.wikimedia.org/wikipedia/commons/thumb/a/a9/2018_K%C5%8Denji.jpg/500px-2018_K%C5%8Denji.jpg,杉並区,(Wikipedia代表画像),Wikimedia Commons,https://ja.wikipedia.org/wiki/%E6%9D%89%E4%B8%A6%E5%8C%BA
C806,https://upload.wikimedia.org/wikipedia/commons/thumb/1/18/Kyu-Furukawa_House_1.jpg/500px-Kyu-Furukawa_House_1.jpg,北区 (東京都),(Wikipedia代表画像),Wikimedia Commons,https://ja.wikipedia.org/wiki/%E5%8C%97%E5%8C%BA%20(%E6%9D%B1%E4%BA%AC%E9%83%BD)
C807,https://upload.wikimedia.org/wikipedia/commons/thumb/2/21/Entsuji_%28Arakawa%29_08.jpg/500px-Entsuji_%28Arakawa%29_08.jpg,荒川区,(Wikipedia代表画像),Wikimedia Commons,https://ja.wikipedia.org/wiki/%E8%8D%92%E5%B7%9D%E5%8C%BA
C808,https://upload.wikimedia.org/wikipedia/commons/thumb/9/99/Itabashi-at-nakajuku.JPG/500px-Itabashi-at-nakajuku.JPG,板橋区,(Wikipedia代表画像),Wikimedia Commons,https://ja.wikipedia.org/wiki/%E6%9D%BF%E6%A9%8B%E5%8C%BA
C809,https://upload.wikimedia.org/wikipedia/commons/thumb/c/c3/Shibamata_Taishakuten_March_11_2021_various_20_44_16_882000.jpeg/500px-Shibamata_Taishakuten_March_11_2021_various_20_44_16_882000.jpeg,葛飾区,(Wikipedia代表画像),Wikimedia Commons,https://ja.wikipedia.org/wiki/%E8%91%9B%E9%A3%BE%E5%8C%BA
C810,https://upload.wikimedia.org/wikipedia/commons/thumb/4/44/%E6%B1%9F%E6%88%B8%E5%B7%9D%E5%8C%BA%E8%8A%B1%E7%81%AB%E5%A4%A7%E4%BC%9A%E3%83%BB%E5%B8%82%E5%B7%9D%E5%B8%82%E6%B0%91%E7%B4%8D%E6%B6%BC%E8%8A%B1%E7%81%AB%E5%A4%A7%E4%BC%9A2019.jpg/500px-%E6%B1%9F%E6%88%B8%E5%B7%9D%E5%8C%BA%E8%8A%B1%E7%81%AB%E5%A4%A7%E4%BC%9A%E3%83%BB%E5%B8%82%E5%B7%9D%E5%B8%82%E6%B0%91%E7%B4%8D%E6%B6%BC%E8%8A%B1%E7%81%AB%E5%A4%A7%E4%BC%9A2019.jpg,江戸川区,(Wikipedia代表画像),Wikimedia Commons,https://ja.wikipedia.org/wiki/%E6%B1%9F%E6%88%B8%E5%B7%9D%E5%8C%BA
C811,https://upload.wikimedia.org/wikipedia/commons/thumb/a/a1/Tama_Intercity_Monorail_viewed_from_Green_Springs.jpg/500px-Tama_Intercity_Monorail_viewed_from_Green_Springs.jpg,立川市,(Wikipedia代表画像),Wikimedia Commons,https://ja.wikipedia.org/wiki/%E7%AB%8B%E5%B7%9D%E5%B8%82
C812,https://upload.wikimedia.org/wikipedia/commons/thumb/f/ff/Inokasira-sizen-bunkaen.jpg/500px-Inokasira-sizen-bunkaen.jpg,武蔵野市,(Wikipedia代表画像),Wikimedia Commons,https://ja.wikipedia.org/wiki/%E6%AD%A6%E8%94%B5%E9%87%8E%E5%B8%82
C813,https://upload.wikimedia.org/wikipedia/commons/thumb/9/9f/Mitaka_Inokashira_Park_In_Spring_1.JPG/500px-Mitaka_Inokashira_Park_In_Spring_1.JPG,三鷹市,(Wikipedia代表画像),Wikimedia Commons,https://ja.wikipedia.org/wiki/%E4%B8%89%E9%B7%B9%E5%B8%82
C814,https://upload.wikimedia.org/wikipedia/commons/thumb/9/95/Mitake_Shrine.jpg/500px-Mitake_Shrine.jpg,青梅市,(Wikipedia代表画像),Wikimedia Commons,https://ja.wikipedia.org/wiki/%E9%9D%92%E6%A2%85%E5%B8%82
C815,https://upload.wikimedia.org/wikipedia/commons/thumb/1/18/%E6%9D%B1%E4%BA%AC%E7%AB%B6%E9%A6%AC%E5%A0%B4_-_panoramio_%284%29.jpg/500px-%E6%9D%B1%E4%BA%AC%E7%AB%B6%E9%A6%AC%E5%A0%B4_-_panoramio_%284%29.jpg,府中市 (東京都),(Wikipedia代表画像),Wikimedia Commons,https://ja.wikipedia.org/wiki/%E5%BA%9C%E4%B8%AD%E5%B8%82%20(%E6%9D%B1%E4%BA%AC%E9%83%BD)
C816,https://upload.wikimedia.org/wikipedia/commons/thumb/1/1c/%E6%8B%9D%E5%B3%B6%E5%A4%A7%E5%B8%AB.jpg/500px-%E6%8B%9D%E5%B3%B6%E5%A4%A7%E5%B8%AB.jpg,昭島市,(Wikipedia代表画像),Wikimedia Commons,https://ja.wikipedia.org/wiki/%E6%98%AD%E5%B3%B6%E5%B8%82
C817,https://upload.wikimedia.org/wikipedia/commons/thumb/5/54/Jindaiji-3.jpg/500px-Jindaiji-3.jpg,調布市,(Wikipedia代表画像),Wikimedia Commons,https://ja.wikipedia.org/wiki/%E8%AA%BF%E5%B8%83%E5%B8%82
C818,https://upload.wikimedia.org/wikipedia/commons/thumb/0/0b/Machida_city.jpg/500px-Machida_city.jpg,町田市,(Wikipedia代表画像),Wikimedia Commons,https://ja.wikipedia.org/wiki/%E7%94%BA%E7%94%B0%E5%B8%82
C819,https://upload.wikimedia.org/wikipedia/commons/thumb/1/14/Edo-Tokyo_Open_Air_Architectural_Museum_PB252276.jpg/500px-Edo-Tokyo_Open_Air_Architectural_Museum_PB252276.jpg,小金井市,(Wikipedia代表画像),Wikimedia Commons,https://ja.wikipedia.org/wiki/%E5%B0%8F%E9%87%91%E4%BA%95%E5%B8%82
C820,https://upload.wikimedia.org/wikipedia/commons/thumb/f/f8/%E5%B0%8F%E5%B9%B3%E5%B8%82%E5%B9%B3%E6%AB%9B%E7%94%B0%E4%B8%AD%E5%BD%AB%E5%88%BB%E7%BE%8E%E8%A1%93%E9%A4%A8%E8%A8%98%E5%BF%B5%E9%A4%A8%E5%BA%AD%E5%9C%92.JPG/500px-%E5%B0%8F%E5%B9%B3%E5%B8%82%E5%B9%B3%E6%AB%9B%E7%94%B0%E4%B8%AD%E5%BD%AB%E5%88%BB%E7%BE%8E%E8%A1%93%E9%A4%A8%E8%A8%98%E5%BF%B5%E9%A4%A8%E5%BA%AD%E5%9C%92.JPG,小平市,(Wikipedia代表画像),Wikimedia Commons,https://ja.wikipedia.org/wiki/%E5%B0%8F%E5%B9%B3%E5%B8%82
C821,https://upload.wikimedia.org/wikipedia/commons/thumb/9/97/KongojiFudodo20130815.jpg/500px-KongojiFudodo20130815.jpg,日野市,(Wikipedia代表画像),Wikimedia Commons,https://ja.wikipedia.org/wiki/%E6%97%A5%E9%87%8E%E5%B8%82
C822,https://upload.wikimedia.org/wikipedia/commons/thumb/d/d0/%E6%AD%A3%E7%A6%8F%E5%AF%BA%EF%BC%8D%EF%BC%91.JPG/500px-%E6%AD%A3%E7%A6%8F%E5%AF%BA%EF%BC%8D%EF%BC%91.JPG,東村山市,(Wikipedia代表画像),Wikimedia Commons,https://ja.wikipedia.org/wiki/%E6%9D%B1%E6%9D%91%E5%B1%B1%E5%B8%82
C823,https://upload.wikimedia.org/wikipedia/commons/thumb/8/8b/Ruins_of_Musashi-kokubunji_Temple_R031003.jpg/500px-Ruins_of_Musashi-kokubunji_Temple_R031003.jpg,国分寺市,(Wikipedia代表画像),Wikimedia Commons,https://ja.wikipedia.org/wiki/%E5%9B%BD%E5%88%86%E5%AF%BA%E5%B8%82
C824,https://upload.wikimedia.org/wikipedia/commons/thumb/b/b2/Yaho_Tenmangu.jpg/500px-Yaho_Tenmangu.jpg,国立市,(Wikipedia代表画像),Wikimedia Commons,https://ja.wikipedia.org/wiki/%E5%9B%BD%E7%AB%8B%E5%B8%82
C825,https://upload.wikimedia.org/wikipedia/commons/thumb/6/66/YokotaAirBaseGate2.jpg/500px-YokotaAirBaseGate2.jpg,福生市,(Wikipedia代表画像),Wikimedia Commons,https://ja.wikipedia.org/wiki/%E7%A6%8F%E7%94%9F%E5%B8%82
C826,https://upload.wikimedia.org/wikipedia/commons/thumb/0/08/Tamagawa_Ikada_Race.jpg/500px-Tamagawa_Ikada_Race.jpg,狛江市,(Wikipedia代表画像),Wikimedia Commons,https://ja.wikipedia.org/wiki/%E7%8B%9B%E6%B1%9F%E5%B8%82
C827,https://upload.wikimedia.org/wikipedia/ja/thumb/0/09/Murayama-shimo_The_first_Intake_Tower_1.jpg/500px-Murayama-shimo_The_first_Intake_Tower_1.jpg,東大和市,(Wikipedia代表画像),Wikimedia Commons,https://ja.wikipedia.org/wiki/%E6%9D%B1%E5%A4%A7%E5%92%8C%E5%B8%82
C828,https://upload.wikimedia.org/wikipedia/commons/thumb/f/ff/Entsuji_temple_Kiyose_Tokyo.jpg/500px-Entsuji_temple_Kiyose_Tokyo.jpg,清瀬市,(Wikipedia代表画像),Wikimedia Commons,https://ja.wikipedia.org/wiki/%E6%B8%85%E7%80%AC%E5%B8%82
C829,https://upload.wikimedia.org/wikipedia/commons/thumb/9/96/Chikurin_Park_in_Higashikurume-shi_%2850547509827%29.jpg/500px-Chikurin_Park_in_Higashikurume-shi_%2850547509827%29.jpg,東久留米市,(Wikipedia代表画像),Wikimedia Commons,https://ja.wikipedia.org/wiki/%E6%9D%B1%E4%B9%85%E7%95%99%E7%B1%B3%E5%B8%82
C830,https://upload.wikimedia.org/wikipedia/commons/thumb/f/f5/Satoyamaminkah.JPG/500px-Satoyamaminkah.JPG,武蔵村山市,(Wikipedia代表画像),Wikimedia Commons,https://ja.wikipedia.org/wiki/%E6%AD%A6%E8%94%B5%E6%9D%91%E5%B1%B1%E5%B8%82
C831,https://upload.wikimedia.org/wikipedia/commons/thumb/e/ee/2024_Sanrio_Puroland_%281%29.jpg/500px-2024_Sanrio_Puroland_%281%29.jpg,多摩市,(Wikipedia代表画像),Wikimedia Commons,https://ja.wikipedia.org/wiki/%E5%A4%9A%E6%91%A9%E5%B8%82
C832,https://upload.wikimedia.org/wikipedia/commons/thumb/2/2c/Yomiuriland-20100411.jpg/500px-Yomiuriland-20100411.jpg,稲城市,(Wikipedia代表画像),Wikimedia Commons,https://ja.wikipedia.org/wiki/%E7%A8%B2%E5%9F%8E%E5%B8%82
C833,https://upload.wikimedia.org/wikipedia/commons/thumb/3/30/%E7%BE%BD%E6%9D%91%E5%8F%96%E6%B0%B4%E5%A0%B0RIMG0136.JPG/500px-%E7%BE%BD%E6%9D%91%E5%8F%96%E6%B0%B4%E5%A0%B0RIMG0136.JPG,羽村市,(Wikipedia代表画像),Wikimedia Commons,https://ja.wikipedia.org/wiki/%E7%BE%BD%E6%9D%91%E5%B8%82
C834,https://upload.wikimedia.org/wikipedia/commons/thumb/b/b0/%E6%9D%B1%E4%BA%AC%E3%82%B5%E3%83%9E%E3%83%BC%E3%83%A9%E3%83%B3%E3%83%89.JPG/500px-%E6%9D%B1%E4%BA%AC%E3%82%B5%E3%83%9E%E3%83%BC%E3%83%A9%E3%83%B3%E3%83%89.JPG,あきる野市,(Wikipedia代表画像),Wikimedia Commons,https://ja.wikipedia.org/wiki/%E3%81%82%E3%81%8D%E3%82%8B%E9%87%8E%E5%B8%82
C835,https://upload.wikimedia.org/wikipedia/commons/thumb/f/f9/%E5%A4%9A%E6%91%A9%E5%85%AD%E9%83%BD%E7%A7%91%E5%AD%A6%E9%A4%A8.JPG/500px-%E5%A4%9A%E6%91%A9%E5%85%AD%E9%83%BD%E7%A7%91%E5%AD%A6%E9%A4%A8.JPG,西東京市,(Wikipedia代表画像),Wikimedia Commons,https://ja.wikipedia.org/wiki/%E8%A5%BF%E6%9D%B1%E4%BA%AC%E5%B8%82
C836,https://upload.wikimedia.org/wikipedia/commons/thumb/5/50/%E7%8B%AD%E5%B1%B1%E6%B1%A0%E5%85%AC%E5%9C%92%EF%BC%88%EF%BC%95%E6%9C%88%EF%BC%89_-_panoramio_%281%29.jpg/500px-%E7%8B%AD%E5%B1%B1%E6%B1%A0%E5%85%AC%E5%9C%92%EF%BC%88%EF%BC%95%E6%9C%88%EF%BC%89_-_panoramio_%281%29.jpg,瑞穂町,(Wikipedia代表画像),Wikimedia Commons,https://ja.wikipedia.org/wiki/%E7%91%9E%E7%A9%82%E7%94%BA
C837,https://upload.wikimedia.org/wikipedia/commons/thumb/c/ce/Hinode_seiundo.jpg/500px-Hinode_seiundo.jpg,日の出町,(Wikipedia代表画像),Wikimedia Commons,https://ja.wikipedia.org/wiki/%E6%97%A5%E3%81%AE%E5%87%BA%E7%94%BA
C838,https://upload.wikimedia.org/wikipedia/commons/thumb/a/ae/Hossawa_Falls.jpg/500px-Hossawa_Falls.jpg,檜原村,(Wikipedia代表画像),Wikimedia Commons,https://ja.wikipedia.org/wiki/%E6%AA%9C%E5%8E%9F%E6%9D%91
C839,https://upload.wikimedia.org/wikipedia/commons/thumb/3/31/Izu-Oshima-IMG_4759.jpg/500px-Izu-Oshima-IMG_4759.jpg,大島町,(Wikipedia代表画像),Wikimedia Commons,https://ja.wikipedia.org/wiki/%E5%A4%A7%E5%B3%B6%E7%94%BA
C840,https://upload.wikimedia.org/wikipedia/commons/thumb/7/70/To-shima_zenkei.JPG/500px-To-shima_zenkei.JPG,利島村,(Wikipedia代表画像),Wikimedia Commons,https://ja.wikipedia.org/wiki/%E5%88%A9%E5%B3%B6%E6%9D%91
C841,https://upload.wikimedia.org/wikipedia/commons/thumb/e/ec/Niijima_Habushi_Beach.JPG/500px-Niijima_Habushi_Beach.JPG,新島村,(Wikipedia代表画像),Wikimedia Commons,https://ja.wikipedia.org/wiki/%E6%96%B0%E5%B3%B6%E6%9D%91
C842,https://upload.wikimedia.org/wikipedia/commons/thumb/c/c6/Mount_Tenjo.JPG/500px-Mount_Tenjo.JPG,神津島村,(Wikipedia代表画像),Wikimedia Commons,https://ja.wikipedia.org/wiki/%E7%A5%9E%E6%B4%A5%E5%B3%B6%E6%9D%91
C843,https://upload.wikimedia.org/wikipedia/commons/thumb/6/66/Miyakejima_O-Yama_Volcano_crater.jpg/500px-Miyakejima_O-Yama_Volcano_crater.jpg,三宅村,(Wikipedia代表画像),Wikimedia Commons,https://ja.wikipedia.org/wiki/%E4%B8%89%E5%AE%85%E6%9D%91
C844,https://upload.wikimedia.org/wikipedia/commons/thumb/a/af/Mikurajima_01.jpg/500px-Mikurajima_01.jpg,御蔵島村,(Wikipedia代表画像),Wikimedia Commons,https://ja.wikipedia.org/wiki/%E5%BE%A1%E8%94%B5%E5%B3%B6%E6%9D%91
C845,https://upload.wikimedia.org/wikipedia/commons/thumb/b/bb/Hachij%C5%8Djima_as_viewed_from_Noboryu_peak.jpg/500px-Hachij%C5%8Djima_as_viewed_from_Noboryu_peak.jpg,八丈町,(Wikipedia代表画像),Wikimedia Commons,https://ja.wikipedia.org/wiki/%E5%85%AB%E4%B8%88%E7%94%BA
C846,https://upload.wikimedia.org/wikipedia/commons/thumb/0/0f/Ogawasara-titizima-omura.jpg/500px-Ogawasara-titizima-omura.jpg,小笠原村,(Wikipedia代表画像),Wikimedia Commons,https://ja.wikipedia.org/wiki/%E5%B0%8F%E7%AC%A0%E5%8E%9F%E6%9D%91
C847,https://upload.wikimedia.org/wikipedia/commons/thumb/9/95/Sagamihara_montage.jpg/500px-Sagamihara_montage.jpg,相模原市,(Wikipedia代表画像),Wikimedia Commons,https://ja.wikipedia.org/wiki/%E7%9B%B8%E6%A8%A1%E5%8E%9F%E5%B8%82
C848,https://upload.wikimedia.org/wikipedia/commons/thumb/1/1b/Hiratsuka_Tanabata_2008_daytime-1.jpg/500px-Hiratsuka_Tanabata_2008_daytime-1.jpg,平塚市,(Wikipedia代表画像),Wikimedia Commons,https://ja.wikipedia.org/wiki/%E5%B9%B3%E5%A1%9A%E5%B8%82
C849,https://upload.wikimedia.org/wikipedia/commons/thumb/2/22/Fujisawa_montage.jpg/500px-Fujisawa_montage.jpg,藤沢市,(Wikipedia代表画像),Wikimedia Commons,https://ja.wikipedia.org/wiki/%E8%97%A4%E6%B2%A2%E5%B8%82
C850,https://upload.wikimedia.org/wikipedia/commons/thumb/9/9d/Southern_Beach_Chigasaki01.jpg/500px-Southern_Beach_Chigasaki01.jpg,茅ヶ崎市,(Wikipedia代表画像),Wikimedia Commons,https://ja.wikipedia.org/wiki/%E8%8C%85%E3%83%B6%E5%B4%8E%E5%B8%82
C851,https://upload.wikimedia.org/wikipedia/commons/thumb/d/da/%E5%A4%AA%E9%99%BD%E3%81%AE%E5%A1%94%E3%81%A8%E9%80%97%E5%AD%90%E6%B5%B7%E5%B2%B8.jpg/500px-%E5%A4%AA%E9%99%BD%E3%81%AE%E5%A1%94%E3%81%A8%E9%80%97%E5%AD%90%E6%B5%B7%E5%B2%B8.jpg,逗子市,(Wikipedia代表画像),Wikimedia Commons,https://ja.wikipedia.org/wiki/%E9%80%97%E5%AD%90%E5%B8%82
C852,https://upload.wikimedia.org/wikipedia/commons/thumb/b/b7/Jogashima_ohashi_bridge.jpg/500px-Jogashima_ohashi_bridge.jpg,三浦市,(Wikipedia代表画像),Wikimedia Commons,https://ja.wikipedia.org/wiki/%E4%B8%89%E6%B5%A6%E5%B8%82
C853,https://upload.wikimedia.org/wikipedia/commons/thumb/0/0b/Nanohanadai_and_Mt.Fuji.jpg/500px-Nanohanadai_and_Mt.Fuji.jpg,秦野市,(Wikipedia代表画像),Wikimedia Commons,https://ja.wikipedia.org/wiki/%E7%A7%A6%E9%87%8E%E5%B8%82
C854,https://upload.wikimedia.org/wikipedia/commons/thumb/2/21/Atsugi-Ayumibashi-Nightview.jpg/500px-Atsugi-Ayumibashi-Nightview.jpg,厚木市,(Wikipedia代表画像),Wikimedia Commons,https://ja.wikipedia.org/wiki/%E5%8E%9A%E6%9C%A8%E5%B8%82
C855,https://upload.wikimedia.org/wikipedia/commons/thumb/2/22/%E5%A4%A7%E5%92%8C%E9%A7%85%E5%91%A8%E8%BE%BA.jpg/500px-%E5%A4%A7%E5%92%8C%E9%A7%85%E5%91%A8%E8%BE%BA.jpg,大和市,(Wikipedia代表画像),Wikimedia Commons,https://ja.wikipedia.org/wiki/%E5%A4%A7%E5%92%8C%E5%B8%82
C856,https://upload.wikimedia.org/wikipedia/commons/thumb/d/d1/Ooyama_afurijinjya.jpg/500px-Ooyama_afurijinjya.jpg,伊勢原市,(Wikipedia代表画像),Wikimedia Commons,https://ja.wikipedia.org/wiki/%E4%BC%8A%E5%8B%A2%E5%8E%9F%E5%B8%82
C857,https://upload.wikimedia.org/wikipedia/commons/thumb/2/2e/Sagami-kokubunji_hondou.JPG/500px-Sagami-kokubunji_hondou.JPG,海老名市,(Wikipedia代表画像),Wikimedia Commons,https://ja.wikipedia.org/wiki/%E6%B5%B7%E8%80%81%E5%90%8D%E5%B8%82
C858,https://upload.wikimedia.org/wikipedia/commons/thumb/f/f7/Bando_08_Shokoku-ji_02.jpg/500px-Bando_08_Shokoku-ji_02.jpg,座間市,(Wikipedia代表画像),Wikimedia Commons,https://ja.wikipedia.org/wiki/%E5%BA%A7%E9%96%93%E5%B8%82
C859,https://upload.wikimedia.org/wikipedia/commons/thumb/c/c2/Daiyuzan_Saijoji_Temple_12.jpg/500px-Daiyuzan_Saijoji_Temple_12.jpg,南足柄市,(Wikipedia代表画像),Wikimedia Commons,https://ja.wikipedia.org/wiki/%E5%8D%97%E8%B6%B3%E6%9F%84%E5%B8%82
C860,https://upload.wikimedia.org/wikipedia/commons/thumb/f/f9/%E7%B6%BE%E7%80%AC%E5%B8%82_%E5%9F%8E%E5%B1%B1%E5%85%AC%E5%9C%92_%E8%96%94%E8%96%87%E5%9C%92_-_panoramio.jpg/500px-%E7%B6%BE%E7%80%AC%E5%B8%82_%E5%9F%8E%E5%B1%B1%E5%85%AC%E5%9C%92_%E8%96%94%E8%96%87%E5%9C%92_-_panoramio.jpg,綾瀬市,(Wikipedia代表画像),Wikimedia Commons,https://ja.wikipedia.org/wiki/%E7%B6%BE%E7%80%AC%E5%B8%82
C861,https://upload.wikimedia.org/wikipedia/commons/thumb/e/ef/Morito_Beach_-_Hayama.jpg/500px-Morito_Beach_-_Hayama.jpg,葉山町,(Wikipedia代表画像),Wikimedia Commons,https://ja.wikipedia.org/wiki/%E8%91%89%E5%B1%B1%E7%94%BA
C862,https://upload.wikimedia.org/wikipedia/commons/thumb/3/3d/The_Samukawa_Shrine_02.jpg/500px-The_Samukawa_Shrine_02.jpg,寒川町,(Wikipedia代表画像),Wikimedia Commons,https://ja.wikipedia.org/wiki/%E5%AF%92%E5%B7%9D%E7%94%BA
C863,https://upload.wikimedia.org/wikipedia/commons/thumb/3/32/OISO.jpg/500px-OISO.jpg,大磯町,(Wikipedia代表画像),Wikimedia Commons,https://ja.wikipedia.org/wiki/%E5%A4%A7%E7%A3%AF%E7%94%BA
C864,https://upload.wikimedia.org/wikipedia/commons/thumb/9/9c/Kawawa_jinja_Gate.jpg/500px-Kawawa_jinja_Gate.jpg,二宮町,(Wikipedia代表画像),Wikimedia Commons,https://ja.wikipedia.org/wiki/%E4%BA%8C%E5%AE%AE%E7%94%BA
C865,https://upload.wikimedia.org/wikipedia/commons/thumb/b/b8/%E7%A5%9E%E5%A5%88%E5%B7%9D_%E4%B8%AD%E4%BA%95%E7%94%BA_%E5%8E%B3%E5%B3%B6%E6%B9%BF%E6%80%A7%E5%85%AC%E5%9C%923.jpg/500px-%E7%A5%9E%E5%A5%88%E5%B7%9D_%E4%B8%AD%E4%BA%95%E7%94%BA_%E5%8E%B3%E5%B3%B6%E6%B9%BF%E6%80%A7%E5%85%AC%E5%9C%923.jpg,中井町,(Wikipedia代表画像),Wikimedia Commons,https://ja.wikipedia.org/wiki/%E4%B8%AD%E4%BA%95%E7%94%BA
C866,https://upload.wikimedia.org/wikipedia/commons/thumb/b/b5/Dai-ichi_Mutual_Life_Oi_office.jpg/500px-Dai-ichi_Mutual_Life_Oi_office.jpg,大井町,(Wikipedia代表画像),Wikimedia Commons,https://ja.wikipedia.org/wiki/%E5%A4%A7%E4%BA%95%E7%94%BA
C867,https://upload.wikimedia.org/wikipedia/commons/thumb/b/b6/%E6%9D%BE%E7%94%B0%E7%94%BA%E5%AF%84%28%E3%82%84%E3%81%A9%E3%82%8A%E3%81%8D%29%E3%83%AD%E3%82%A6%E3%83%90%E3%82%A4%E5%9C%92.JPG/500px-%E6%9D%BE%E7%94%B0%E7%94%BA%E5%AF%84%28%E3%82%84%E3%81%A9%E3%82%8A%E3%81%8D%29%E3%83%AD%E3%82%A6%E3%83%90%E3%82%A4%E5%9C%92.JPG,松田町,(Wikipedia代表画像),Wikimedia Commons,https://ja.wikipedia.org/wiki/%E6%9D%BE%E7%94%B0%E7%94%BA
C868,https://upload.wikimedia.org/wikipedia/commons/thumb/8/8b/Lake_Tanzawa_02.jpg/500px-Lake_Tanzawa_02.jpg,山北町,(Wikipedia代表画像),Wikimedia Commons,https://ja.wikipedia.org/wiki/%E5%B1%B1%E5%8C%97%E7%94%BA
C869,https://upload.wikimedia.org/wikipedia/commons/thumb/0/05/OER_3100-3181.jpg/500px-OER_3100-3181.jpg,開成町,(Wikipedia代表画像),Wikimedia Commons,https://ja.wikipedia.org/wiki/%E9%96%8B%E6%88%90%E7%94%BA
C870,https://upload.wikimedia.org/wikipedia/commons/thumb/8/86/ManazuruPeninsula_view_from_Mitsuishi.jpg/500px-ManazuruPeninsula_view_from_Mitsuishi.jpg,真鶴町,(Wikipedia代表画像),Wikimedia Commons,https://ja.wikipedia.org/wiki/%E7%9C%9F%E9%B6%B4%E7%94%BA
C871,https://upload.wikimedia.org/wikipedia/commons/thumb/7/77/Aikawa_park_center.jpg/500px-Aikawa_park_center.jpg,愛川町,(Wikipedia代表画像),Wikimedia Commons,https://ja.wikipedia.org/wiki/%E6%84%9B%E5%B7%9D%E7%94%BA
C872,https://upload.wikimedia.org/wikipedia/commons/thumb/d/d6/Lake_Miyagase_02.jpg/500px-Lake_Miyagase_02.jpg,清川村,(Wikipedia代表画像),Wikimedia Commons,https://ja.wikipedia.org/wiki/%E6%B8%85%E5%B7%9D%E6%9D%91
C873,https://upload.wikimedia.org/wikipedia/commons/thumb/9/94/Captain_Stag_New_Freedom_double_stainless_mug_250mL_UH-2011.jpg/500px-Captain_Stag_New_Freedom_double_stainless_mug_250mL_UH-2011.jpg,三条市,(Wikipedia代表画像),Wikimedia Commons,https://ja.wikipedia.org/wiki/%E4%B8%89%E6%9D%A1%E5%B8%82
C874,https://upload.wikimedia.org/wikipedia/commons/thumb/a/a0/Kashiwazaki_Lover%E2%80%99s_Cape_April2022.jpg/500px-Kashiwazaki_Lover%E2%80%99s_Cape_April2022.jpg,柏崎市,(Wikipedia代表画像),Wikimedia Commons,https://ja.wikipedia.org/wiki/%E6%9F%8F%E5%B4%8E%E5%B8%82
C875,https://upload.wikimedia.org/wikipedia/commons/thumb/e/e0/Shibata_Montage.png/500px-Shibata_Montage.png,新発田市,(Wikipedia代表画像),Wikimedia Commons,https://ja.wikipedia.org/wiki/%E6%96%B0%E7%99%BA%E7%94%B0%E5%B8%82
C876,https://upload.wikimedia.org/wikipedia/commons/thumb/1/10/Ojiya_Nishikigoi_no_Sato_ac_%283%29.jpg/500px-Ojiya_Nishikigoi_no_Sato_ac_%283%29.jpg,小千谷市,(Wikipedia代表画像),Wikimedia Commons,https://ja.wikipedia.org/wiki/%E5%B0%8F%E5%8D%83%E8%B0%B7%E5%B8%82
C877,https://upload.wikimedia.org/wikipedia/commons/thumb/d/d1/Kamoyama_Park_Omi_Shrine_Sep2021.jpg/500px-Kamoyama_Park_Omi_Shrine_Sep2021.jpg,加茂市,(Wikipedia代表画像),Wikimedia Commons,https://ja.wikipedia.org/wiki/%E5%8A%A0%E8%8C%82%E5%B8%82
C878,https://upload.wikimedia.org/wikipedia/commons/thumb/5/5b/Find47_Niigata-Kiyotsu_Gorge_Tunnel-m.jpg/500px-Find47_Niigata-Kiyotsu_Gorge_Tunnel-m.jpg,十日町市,(Wikipedia代表画像),Wikimedia Commons,https://ja.wikipedia.org/wiki/%E5%8D%81%E6%97%A5%E7%94%BA%E5%B8%82
C879,https://upload.wikimedia.org/wikipedia/commons/thumb/e/e5/%E8%A6%8B%E9%99%84%E3%82%A4%E3%83%B3%E3%82%B0%E3%83%AA%E3%83%83%E3%82%B7%E3%83%A5%E3%82%AC%E3%83%BC%E3%83%87%E3%83%B3.JPG/500px-%E8%A6%8B%E9%99%84%E3%82%A4%E3%83%B3%E3%82%B0%E3%83%AA%E3%83%83%E3%82%B7%E3%83%A5%E3%82%AC%E3%83%BC%E3%83%87%E3%83%B3.JPG,見附市,(Wikipedia代表画像),Wikimedia Commons,https://ja.wikipedia.org/wiki/%E8%A6%8B%E9%99%84%E5%B8%82
C880,https://upload.wikimedia.org/wikipedia/commons/thumb/d/d0/Murakami_Montage.jpg/500px-Murakami_Montage.jpg,村上市,(Wikipedia代表画像),Wikimedia Commons,https://ja.wikipedia.org/wiki/%E6%9D%91%E4%B8%8A%E5%B8%82
C881,https://upload.wikimedia.org/wikipedia/commons/thumb/6/61/Tsubame_Sanjo_Masaru.jpg/500px-Tsubame_Sanjo_Masaru.jpg,燕市,(Wikipedia代表画像),Wikimedia Commons,https://ja.wikipedia.org/wiki/%E7%87%95%E5%B8%82
C882,https://upload.wikimedia.org/wikipedia/commons/thumb/1/16/Itoigawa_Montage.jpg/500px-Itoigawa_Montage.jpg,糸魚川市,(Wikipedia代表画像),Wikimedia Commons,https://ja.wikipedia.org/wiki/%E7%B3%B8%E9%AD%9A%E5%B7%9D%E5%B8%82
C883,https://upload.wikimedia.org/wikipedia/commons/thumb/d/d9/Myoko_Montage.jpg/500px-Myoko_Montage.jpg,妙高市,(Wikipedia代表画像),Wikimedia Commons,https://ja.wikipedia.org/wiki/%E5%A6%99%E9%AB%98%E5%B8%82
C884,https://upload.wikimedia.org/wikipedia/commons/thumb/7/76/Sakihana_Onsen_and_Agano_River_Isabella_Bird_Sep2021.jpg/500px-Sakihana_Onsen_and_Agano_River_Isabella_Bird_Sep2021.jpg,五泉市,(Wikipedia代表画像),Wikimedia Commons,https://ja.wikipedia.org/wiki/%E4%BA%94%E6%B3%89%E5%B8%82
C885,https://upload.wikimedia.org/wikipedia/commons/thumb/b/b2/Joetsu_Montage.jpg/500px-Joetsu_Montage.jpg,上越市,(Wikipedia代表画像),Wikimedia Commons,https://ja.wikipedia.org/wiki/%E4%B8%8A%E8%B6%8A%E5%B8%82
C886,https://upload.wikimedia.org/wikipedia/commons/thumb/d/d0/Lake_Hyouko.jpg/500px-Lake_Hyouko.jpg,阿賀野市,(Wikipedia代表画像),Wikimedia Commons,https://ja.wikipedia.org/wiki/%E9%98%BF%E8%B3%80%E9%87%8E%E5%B8%82
C887,https://upload.wikimedia.org/wikipedia/commons/thumb/a/a9/Lake_Okutadami_004.jpg/500px-Lake_Okutadami_004.jpg,魚沼市,(Wikipedia代表画像),Wikimedia Commons,https://ja.wikipedia.org/wiki/%E9%AD%9A%E6%B2%BC%E5%B8%82
C888,https://upload.wikimedia.org/wikipedia/commons/thumb/c/c2/Shiozawa-juku_01.JPG/500px-Shiozawa-juku_01.JPG,南魚沼市,(Wikipedia代表画像),Wikimedia Commons,https://ja.wikipedia.org/wiki/%E5%8D%97%E9%AD%9A%E6%B2%BC%E5%B8%82
C889,https://upload.wikimedia.org/wikipedia/commons/thumb/e/ed/Tainai_ski.jpg/500px-Tainai_ski.jpg,胎内市,(Wikipedia代表画像),Wikimedia Commons,https://ja.wikipedia.org/wiki/%E8%83%8E%E5%86%85%E5%B8%82
C890,https://upload.wikimedia.org/wikipedia/commons/thumb/7/70/Niigata_East_Port_2019.jpg/500px-Niigata_East_Port_2019.jpg,聖籠町,(Wikipedia代表画像),Wikimedia Commons,https://ja.wikipedia.org/wiki/%E8%81%96%E7%B1%A0%E7%94%BA
C891,https://upload.wikimedia.org/wikipedia/commons/thumb/7/7e/Iyahiko-jinja_1.JPG/500px-Iyahiko-jinja_1.JPG,弥彦村,(Wikipedia代表画像),Wikimedia Commons,https://ja.wikipedia.org/wiki/%E5%BC%A5%E5%BD%A6%E6%9D%91
C892,https://upload.wikimedia.org/wikipedia/commons/thumb/c/cc/Find47_Niigata-Hydrangea_on_Mt._Gomado-m.jpg/500px-Find47_Niigata-Hydrangea_on_Mt._Gomado-m.jpg,田上町,(Wikipedia代表画像),Wikimedia Commons,https://ja.wikipedia.org/wiki/%E7%94%B0%E4%B8%8A%E7%94%BA
C893,https://upload.wikimedia.org/wikipedia/commons/thumb/e/ef/Tsugawa_kitsune.JPG/500px-Tsugawa_kitsune.JPG,阿賀町,(Wikipedia代表画像),Wikimedia Commons,https://ja.wikipedia.org/wiki/%E9%98%BF%E8%B3%80%E7%94%BA
C894,https://upload.wikimedia.org/wikipedia/commons/thumb/4/41/Find47_Niigata-_Ryokan_and_Yuhi-no-oka_Park_%28Izumozaki_Town%29-m.jpg/500px-Find47_Niigata-_Ryokan_and_Yuhi-no-oka_Park_%28Izumozaki_Town%29-m.jpg,出雲崎町,(Wikipedia代表画像),Wikimedia Commons,https://ja.wikipedia.org/wiki/%E5%87%BA%E9%9B%B2%E5%B4%8E%E7%94%BA
C895,https://upload.wikimedia.org/wikipedia/commons/thumb/4/48/%E5%90%8D%E6%B0%B4%E7%AB%9C%E3%83%B6%E7%AA%AA.jpg/500px-%E5%90%8D%E6%B0%B4%E7%AB%9C%E3%83%B6%E7%AA%AA.jpg,津南町,(Wikipedia代表画像),Wikimedia Commons,https://ja.wikipedia.org/wiki/%E6%B4%A5%E5%8D%97%E7%94%BA
C896,https://upload.wikimedia.org/wikipedia/commons/thumb/e/e9/Hozoji_Temple%2C_Kariwa%2C_Niigata%2C_Japan%2C_June_2024.jpg/500px-Hozoji_Temple%2C_Kariwa%2C_Niigata%2C_Japan%2C_June_2024.jpg,刈羽村,(Wikipedia代表画像),Wikimedia Commons,https://ja.wikipedia.org/wiki/%E5%88%88%E7%BE%BD%E6%9D%91
C897,https://upload.wikimedia.org/wikipedia/commons/thumb/6/6f/Echigo_Sekikawa_Shimoseki_Watanabe_Residence_Oct2022-002.jpg/500px-Echigo_Sekikawa_Shimoseki_Watanabe_Residence_Oct2022-002.jpg,関川村,(Wikipedia代表画像),Wikimedia Commons,https://ja.wikipedia.org/wiki/%E9%96%A2%E5%B7%9D%E6%9D%91
C898,https://upload.wikimedia.org/wikipedia/commons/thumb/8/8e/Uchiura.jpg/500px-Uchiura.jpg,粟島浦村,(Wikipedia代表画像),Wikimedia Commons,https://ja.wikipedia.org/wiki/%E7%B2%9F%E5%B3%B6%E6%B5%A6%E6%9D%91
C899,https://upload.wikimedia.org/wikipedia/commons/thumb/5/52/Uozu_montage_2019.png/500px-Uozu_montage_2019.png,魚津市,(Wikipedia代表画像),Wikimedia Commons,https://ja.wikipedia.org/wiki/%E9%AD%9A%E6%B4%A5%E5%B8%82
C900,https://upload.wikimedia.org/wikipedia/commons/thumb/5/5c/Hotaruika_Museum%2C_Toyama%2C_Japan.jpg/500px-Hotaruika_Museum%2C_Toyama%2C_Japan.jpg,滑川市,(Wikipedia代表画像),Wikimedia Commons,https://ja.wikipedia.org/wiki/%E6%BB%91%E5%B7%9D%E5%B8%82
C901,https://upload.wikimedia.org/wikipedia/commons/thumb/d/d6/Kuronagi_station.jpg/500px-Kuronagi_station.jpg,黒部市,(Wikipedia代表画像),Wikimedia Commons,https://ja.wikipedia.org/wiki/%E9%BB%92%E9%83%A8%E5%B8%82
C902,https://upload.wikimedia.org/wikipedia/commons/thumb/8/87/%E3%83%81%E3%83%A5%E3%83%BC%E3%83%AA%E3%83%83%E3%83%97%E3%83%95%E3%82%A7%E3%82%A2.jpg/500px-%E3%83%81%E3%83%A5%E3%83%BC%E3%83%AA%E3%83%83%E3%83%97%E3%83%95%E3%82%A7%E3%82%A2.jpg,砺波市,(Wikipedia代表画像),Wikimedia Commons,https://ja.wikipedia.org/wiki/%E7%A0%BA%E6%B3%A2%E5%B8%82
C903,https://upload.wikimedia.org/wikipedia/commons/thumb/5/56/%E6%BA%90%E5%B9%B3%E5%80%B6%E5%88%A9%E4%BC%BD%E7%BE%85%E5%90%88%E6%88%A6%E3%81%AE%E5%9C%B0_-_panoramio.jpg/500px-%E6%BA%90%E5%B9%B3%E5%80%B6%E5%88%A9%E4%BC%BD%E7%BE%85%E5%90%88%E6%88%A6%E3%81%AE%E5%9C%B0_-_panoramio.jpg,小矢部市,(Wikipedia代表画像),Wikimedia Commons,https://ja.wikipedia.org/wiki/%E5%B0%8F%E7%9F%A2%E9%83%A8%E5%B8%82
C904,https://upload.wikimedia.org/wikipedia/commons/thumb/8/83/IOX-AROSA_%286984536175%29.jpg/500px-IOX-AROSA_%286984536175%29.jpg,南砺市,(Wikipedia代表画像),Wikimedia Commons,https://ja.wikipedia.org/wiki/%E5%8D%97%E7%A0%BA%E5%B8%82
C905,https://upload.wikimedia.org/wikipedia/commons/thumb/b/bd/Kaiwo_Maru%2C_Kaiwomaru_Park_20080721115059.jpg/500px-Kaiwo_Maru%2C_Kaiwomaru_Park_20080721115059.jpg,射水市,(Wikipedia代表画像),Wikimedia Commons,https://ja.wikipedia.org/wiki/%E5%B0%84%E6%B0%B4%E5%B8%82
C906,https://upload.wikimedia.org/wikipedia/commons/thumb/0/0f/Muryouji-temple_2018.jpg/500px-Muryouji-temple_2018.jpg,舟橋村,(Wikipedia代表画像),Wikimedia Commons,https://ja.wikipedia.org/wiki/%E8%88%9F%E6%A9%8B%E6%9D%91
C907,https://upload.wikimedia.org/wikipedia/commons/thumb/d/da/Tsurugidake_20100127.jpg/500px-Tsurugidake_20100127.jpg,上市町,(Wikipedia代表画像),Wikimedia Commons,https://ja.wikipedia.org/wiki/%E4%B8%8A%E5%B8%82%E7%94%BA
C908,https://upload.wikimedia.org/wikipedia/commons/thumb/9/9b/%E6%9D%89%E6%B2%A2%E3%81%AE%E6%B2%A2%E3%82%B9%E3%82%AE%E3%81%AE%E6%B1%A0.jpg/500px-%E6%9D%89%E6%B2%A2%E3%81%AE%E6%B2%A2%E3%82%B9%E3%82%AE%E3%81%AE%E6%B1%A0.jpg,入善町,(Wikipedia代表画像),Wikimedia Commons,https://ja.wikipedia.org/wiki/%E5%85%A5%E5%96%84%E7%94%BA
C909,https://upload.wikimedia.org/wikipedia/commons/thumb/0/05/%E8%88%9F%E5%B7%9D%E3%81%B9%E3%82%8A_01.jpg/500px-%E8%88%9F%E5%B7%9D%E3%81%B9%E3%82%8A_01.jpg,朝日町 (富山県),(Wikipedia代表画像),Wikimedia Commons,https://ja.wikipedia.org/wiki/%E6%9C%9D%E6%97%A5%E7%94%BA%20(%E5%AF%8C%E5%B1%B1%E7%9C%8C)
C910,https://upload.wikimedia.org/wikipedia/commons/thumb/4/4e/Natadera.jpg/500px-Natadera.jpg,小松市,(Wikipedia代表画像),Wikimedia Commons,https://ja.wikipedia.org/wiki/%E5%B0%8F%E6%9D%BE%E5%B8%82
C911,https://upload.wikimedia.org/wikipedia/commons/thumb/d/d4/Mitsukejima_%28Ishikawa%29_4.jpg/500px-Mitsukejima_%28Ishikawa%29_4.jpg,珠洲市,(Wikipedia代表画像),Wikimedia Commons,https://ja.wikipedia.org/wiki/%E7%8F%A0%E6%B4%B2%E5%B8%82
C912,https://upload.wikimedia.org/wikipedia/commons/thumb/5/5f/Chirihama_nagisa_driveway.jpg/500px-Chirihama_nagisa_driveway.jpg,羽咋市,(Wikipedia代表画像),Wikimedia Commons,https://ja.wikipedia.org/wiki/%E7%BE%BD%E5%92%8B%E5%B8%82
C913,https://upload.wikimedia.org/wikipedia/commons/thumb/7/79/Nishida_Museum.jpg/500px-Nishida_Museum.jpg,かほく市,(Wikipedia代表画像),Wikimedia Commons,https://ja.wikipedia.org/wiki/%E3%81%8B%E3%81%BB%E3%81%8F%E5%B8%82
C914,https://upload.wikimedia.org/wikipedia/commons/thumb/4/4f/Hakusan_Shrine_in_Murodo_2008-7-1.jpg/500px-Hakusan_Shrine_in_Murodo_2008-7-1.jpg,白山市,(Wikipedia代表画像),Wikimedia Commons,https://ja.wikipedia.org/wiki/%E7%99%BD%E5%B1%B1%E5%B8%82
C915,https://upload.wikimedia.org/wikipedia/commons/thumb/c/c6/Ishikawazoo_%281%29.jpg/500px-Ishikawazoo_%281%29.jpg,能美市,(Wikipedia代表画像),Wikimedia Commons,https://ja.wikipedia.org/wiki/%E8%83%BD%E7%BE%8E%E5%B8%82
C916,https://upload.wikimedia.org/wikipedia/commons/thumb/0/0d/Okyouzuka_Ruins_-_27.jpg/500px-Okyouzuka_Ruins_-_27.jpg,野々市市,(Wikipedia代表画像),Wikimedia Commons,https://ja.wikipedia.org/wiki/%E9%87%8E%E3%80%85%E5%B8%82%E5%B8%82
C917,https://upload.wikimedia.org/wikipedia/commons/thumb/3/3d/%E5%B7%9D%E5%8C%97%E3%81%BE%E3%81%A4%E3%82%8A%E5%8C%97%E5%9C%8B%E5%A4%A7%E8%8A%B1%E7%81%AB%E5%B7%9D%E5%8C%97%E5%A4%A7%E4%BC%9A_-_Panoramio_58574003.jpg/500px-%E5%B7%9D%E5%8C%97%E3%81%BE%E3%81%A4%E3%82%8A%E5%8C%97%E5%9C%8B%E5%A4%A7%E8%8A%B1%E7%81%AB%E5%B7%9D%E5%8C%97%E5%A4%A7%E4%BC%9A_-_Panoramio_58574003.jpg,川北町,(Wikipedia代表画像),Wikimedia Commons,https://ja.wikipedia.org/wiki/%E5%B7%9D%E5%8C%97%E7%94%BA
C918,https://upload.wikimedia.org/wikipedia/commons/thumb/a/aa/IFP_kamoike.jpg/500px-IFP_kamoike.jpg,津幡町,(Wikipedia代表画像),Wikimedia Commons,https://ja.wikipedia.org/wiki/%E6%B4%A5%E5%B9%A1%E7%94%BA
C919,https://upload.wikimedia.org/wikipedia/commons/thumb/0/00/Uchinada_Bridge.jpg/500px-Uchinada_Bridge.jpg,内灘町,(Wikipedia代表画像),Wikimedia Commons,https://ja.wikipedia.org/wiki/%E5%86%85%E7%81%98%E7%94%BA
C920,https://upload.wikimedia.org/wikipedia/commons/thumb/1/1d/Ganmon2023.jpg/500px-Ganmon2023.jpg,志賀町,(Wikipedia代表画像),Wikimedia Commons,https://ja.wikipedia.org/wiki/%E5%BF%97%E8%B3%80%E7%94%BA
C921,https://upload.wikimedia.org/wikipedia/commons/thumb/f/f7/Mount_Hodatsu_01.jpg/500px-Mount_Hodatsu_01.jpg,宝達志水町,(Wikipedia代表画像),Wikimedia Commons,https://ja.wikipedia.org/wiki/%E5%AE%9D%E9%81%94%E5%BF%97%E6%B0%B4%E7%94%BA
C922,https://upload.wikimedia.org/wikipedia/commons/thumb/5/5d/Hudotaki_Water_Fall%2C_Nakanoto.jpg/500px-Hudotaki_Water_Fall%2C_Nakanoto.jpg,中能登町,(Wikipedia代表画像),Wikimedia Commons,https://ja.wikipedia.org/wiki/%E4%B8%AD%E8%83%BD%E7%99%BB%E7%94%BA
C923,https://upload.wikimedia.org/wikipedia/commons/thumb/2/2b/%E8%83%BD%E7%99%BB%E9%B9%BF%E5%B3%B6%E9%A7%85.jpg/500px-%E8%83%BD%E7%99%BB%E9%B9%BF%E5%B3%B6%E9%A7%85.jpg,穴水町,(Wikipedia代表画像),Wikimedia Commons,https://ja.wikipedia.org/wiki/%E7%A9%B4%E6%B0%B4%E7%94%BA
C924,https://upload.wikimedia.org/wikipedia/commons/thumb/2/2c/Koiji_Coast.jpg/500px-Koiji_Coast.jpg,能登町,(Wikipedia代表画像),Wikimedia Commons,https://ja.wikipedia.org/wiki/%E8%83%BD%E7%99%BB%E7%94%BA
C925,https://upload.wikimedia.org/wikipedia/commons/thumb/e/eb/Obama_Sotomo14st3200.jpg/500px-Obama_Sotomo14st3200.jpg,小浜市,(Wikipedia代表画像),Wikimedia Commons,https://ja.wikipedia.org/wiki/%E5%B0%8F%E6%B5%9C%E5%B8%82
C926,https://upload.wikimedia.org/wikipedia/commons/thumb/2/21/Echizen_Ono_Castle.jpg/500px-Echizen_Ono_Castle.jpg,大野市,(Wikipedia代表画像),Wikimedia Commons,https://ja.wikipedia.org/wiki/%E5%A4%A7%E9%87%8E%E5%B8%82
C927,https://upload.wikimedia.org/wikipedia/commons/thumb/6/6d/Awaraonsen1.jpg/500px-Awaraonsen1.jpg,あわら市,(Wikipedia代表画像),Wikimedia Commons,https://ja.wikipedia.org/wiki/%E3%81%82%E3%82%8F%E3%82%89%E5%B8%82
C928,https://upload.wikimedia.org/wikipedia/commons/thumb/2/2d/Takefu_Chrysanthemum_Doll_Festival_2015-01.jpg/500px-Takefu_Chrysanthemum_Doll_Festival_2015-01.jpg,越前市,(Wikipedia代表画像),Wikimedia Commons,https://ja.wikipedia.org/wiki/%E8%B6%8A%E5%89%8D%E5%B8%82
C929,https://upload.wikimedia.org/wikipedia/commons/thumb/b/bd/Japan_Tojinbo02n4592.jpg/500px-Japan_Tojinbo02n4592.jpg,坂井市,(Wikipedia代表画像),Wikimedia Commons,https://ja.wikipedia.org/wiki/%E5%9D%82%E4%BA%95%E5%B8%82
C930,https://upload.wikimedia.org/wikipedia/commons/thumb/2/2c/Eiheiji31n4592.jpg/500px-Eiheiji31n4592.jpg,永平寺町,(Wikipedia代表画像),Wikimedia Commons,https://ja.wikipedia.org/wiki/%E6%B0%B8%E5%B9%B3%E5%AF%BA%E7%94%BA
C931,https://upload.wikimedia.org/wikipedia/commons/thumb/8/85/Mizuumi_04_%E8%83%BD%E8%88%9E.jpg/500px-Mizuumi_04_%E8%83%BD%E8%88%9E.jpg,池田町 (福井県),(Wikipedia代表画像),Wikimedia Commons,https://ja.wikipedia.org/wiki/%E6%B1%A0%E7%94%B0%E7%94%BA%20(%E7%A6%8F%E4%BA%95%E7%9C%8C)
C932,https://upload.wikimedia.org/wikipedia/commons/thumb/c/c3/Imajo_kyodo_jingoro.JPG/500px-Imajo_kyodo_jingoro.JPG,南越前町,(Wikipedia代表画像),Wikimedia Commons,https://ja.wikipedia.org/wiki/%E5%8D%97%E8%B6%8A%E5%89%8D%E7%94%BA
C933,https://upload.wikimedia.org/wikipedia/commons/thumb/e/ef/EchizenMisaki.JPG/500px-EchizenMisaki.JPG,越前町,(Wikipedia代表画像),Wikimedia Commons,https://ja.wikipedia.org/wiki/%E8%B6%8A%E5%89%8D%E7%94%BA
C934,https://upload.wikimedia.org/wikipedia/commons/thumb/2/28/Suishohama_beach.jpg/500px-Suishohama_beach.jpg,美浜町 (福井県),(Wikipedia代表画像),Wikimedia Commons,https://ja.wikipedia.org/wiki/%E7%BE%8E%E6%B5%9C%E7%94%BA%20(%E7%A6%8F%E4%BA%95%E7%9C%8C)
C935,https://upload.wikimedia.org/wikipedia/commons/thumb/b/bb/Wada_beach_1.JPG/500px-Wada_beach_1.JPG,高浜町,(Wikipedia代表画像),Wikimedia Commons,https://ja.wikipedia.org/wiki/%E9%AB%98%E6%B5%9C%E7%94%BA
C936,https://upload.wikimedia.org/wikipedia/commons/thumb/8/85/150725_Jakushu_Itteki-bunko_Ooi_Fukui_pref_Japan01s3.jpg/500px-150725_Jakushu_Itteki-bunko_Ooi_Fukui_pref_Japan01s3.jpg,おおい町,(Wikipedia代表画像),Wikimedia Commons,https://ja.wikipedia.org/wiki/%E3%81%8A%E3%81%8A%E3%81%84%E7%94%BA
C937,https://upload.wikimedia.org/wikipedia/commons/thumb/9/9f/Mikata_five_lakes_20110505_-_panoramio.jpg/500px-Mikata_five_lakes_20110505_-_panoramio.jpg,若狭町,(Wikipedia代表画像),Wikimedia Commons,https://ja.wikipedia.org/wiki/%E8%8B%A5%E7%8B%AD%E7%94%BA
C938,https://upload.wikimedia.org/wikipedia/commons/thumb/9/97/SC_Maglev_Test_Ride_%2817844163173%29.jpg/500px-SC_Maglev_Test_Ride_%2817844163173%29.jpg,都留市,(Wikipedia代表画像),Wikimedia Commons,https://ja.wikipedia.org/wiki/%E9%83%BD%E7%95%99%E5%B8%82
C939,https://upload.wikimedia.org/wikipedia/commons/thumb/1/14/From_Fruit_park_the_view_of_Kofu_basin_and_Mt._Fuji.jpg/500px-From_Fruit_park_the_view_of_Kofu_basin_and_Mt._Fuji.jpg,山梨市,(Wikipedia代表画像),Wikimedia Commons,https://ja.wikipedia.org/wiki/%E5%B1%B1%E6%A2%A8%E5%B8%82
C940,https://upload.wikimedia.org/wikipedia/commons/thumb/1/15/Saru_hashi-1a.jpg/500px-Saru_hashi-1a.jpg,大月市,(Wikipedia代表画像),Wikimedia Commons,https://ja.wikipedia.org/wiki/%E5%A4%A7%E6%9C%88%E5%B8%82
C941,https://upload.wikimedia.org/wikipedia/commons/thumb/4/4a/%E6%AD%A6%E7%94%B0%E5%85%AB%E5%B9%A1%E5%AE%AE.jpg/500px-%E6%AD%A6%E7%94%B0%E5%85%AB%E5%B9%A1%E5%AE%AE.jpg,韮崎市,(Wikipedia代表画像),Wikimedia Commons,https://ja.wikipedia.org/wiki/%E9%9F%AE%E5%B4%8E%E5%B8%82
C942,https://upload.wikimedia.org/wikipedia/commons/thumb/f/ff/Mountain_hut_Kita_and_Mount_Kita_2001-10-03.jpg/500px-Mountain_hut_Kita_and_Mount_Kita_2001-10-03.jpg,南アルプス市,(Wikipedia代表画像),Wikimedia Commons,https://ja.wikipedia.org/wiki/%E5%8D%97%E3%82%A2%E3%83%AB%E3%83%97%E3%82%B9%E5%B8%82
C943,https://upload.wikimedia.org/wikipedia/commons/thumb/a/a8/150719_KEEP_Hokuto_Yamanashi_pref_Japan11n.jpg/500px-150719_KEEP_Hokuto_Yamanashi_pref_Japan11n.jpg,北杜市,(Wikipedia代表画像),Wikimedia Commons,https://ja.wikipedia.org/wiki/%E5%8C%97%E6%9D%9C%E5%B8%82
C944,https://upload.wikimedia.org/wikipedia/commons/thumb/3/38/Outside_of_Shingen_embankment.JPG/500px-Outside_of_Shingen_embankment.JPG,甲斐市,(Wikipedia代表画像),Wikimedia Commons,https://ja.wikipedia.org/wiki/%E7%94%B2%E6%96%90%E5%B8%82
C945,https://upload.wikimedia.org/wikipedia/commons/thumb/9/9f/Isawa_Spa_Town_Aug.2013.JPG/500px-Isawa_Spa_Town_Aug.2013.JPG,笛吹市,(Wikipedia代表画像),Wikimedia Commons,https://ja.wikipedia.org/wiki/%E7%AC%9B%E5%90%B9%E5%B8%82
C946,https://upload.wikimedia.org/wikipedia/commons/thumb/5/57/Uenohara_no_Okeyaki_A.jpg/500px-Uenohara_no_Okeyaki_A.jpg,上野原市,(Wikipedia代表画像),Wikimedia Commons,https://ja.wikipedia.org/wiki/%E4%B8%8A%E9%87%8E%E5%8E%9F%E5%B8%82
C947,https://upload.wikimedia.org/wikipedia/commons/thumb/1/1e/Marufuji_Winery_190907f.jpg/500px-Marufuji_Winery_190907f.jpg,甲州市,(Wikipedia代表画像),Wikimedia Commons,https://ja.wikipedia.org/wiki/%E7%94%B2%E5%B7%9E%E5%B8%82
C948,https://upload.wikimedia.org/wikipedia/commons/thumb/4/45/Daifuku-ji_tenple_chuo_city.jpg/500px-Daifuku-ji_tenple_chuo_city.jpg,中央市,(Wikipedia代表画像),Wikimedia Commons,https://ja.wikipedia.org/wiki/%E4%B8%AD%E5%A4%AE%E5%B8%82
C949,https://upload.wikimedia.org/wikipedia/commons/thumb/2/28/Lake_Shibire.JPG/500px-Lake_Shibire.JPG,市川三郷町,(Wikipedia代表画像),Wikimedia Commons,https://ja.wikipedia.org/wiki/%E5%B8%82%E5%B7%9D%E4%B8%89%E9%83%B7%E7%94%BA
C950,https://upload.wikimedia.org/wikipedia/commons/thumb/f/fd/Stone_pavement_of_Akasawa.JPG/500px-Stone_pavement_of_Akasawa.JPG,早川町,(Wikipedia代表画像),Wikimedia Commons,https://ja.wikipedia.org/wiki/%E6%97%A9%E5%B7%9D%E7%94%BA
C951,https://upload.wikimedia.org/wikipedia/commons/thumb/a/af/Kuonji-temple-Hondou.jpg/500px-Kuonji-temple-Hondou.jpg,身延町,(Wikipedia代表画像),Wikimedia Commons,https://ja.wikipedia.org/wiki/%E8%BA%AB%E5%BB%B6%E7%94%BA
C952,https://upload.wikimedia.org/wikipedia/commons/thumb/2/22/%E5%8D%97%E9%83%A8%E3%81%AE%E7%81%AB%E7%A5%AD%E3%82%8A_%E8%88%B9%E7%81%AF%E7%B1%A0_-_Panoramio_57392817.jpg/500px-%E5%8D%97%E9%83%A8%E3%81%AE%E7%81%AB%E7%A5%AD%E3%82%8A_%E8%88%B9%E7%81%AF%E7%B1%A0_-_Panoramio_57392817.jpg,南部町 (山梨県),(Wikipedia代表画像),Wikimedia Commons,https://ja.wikipedia.org/wiki/%E5%8D%97%E9%83%A8%E7%94%BA%20(%E5%B1%B1%E6%A2%A8%E7%9C%8C)
C953,https://upload.wikimedia.org/wikipedia/commons/thumb/5/58/Oboshi-park_cherry_blossoms.JPG/500px-Oboshi-park_cherry_blossoms.JPG,富士川町,(Wikipedia代表画像),Wikimedia Commons,https://ja.wikipedia.org/wiki/%E5%AF%8C%E5%A3%AB%E5%B7%9D%E7%94%BA
C954,https://upload.wikimedia.org/wikipedia/commons/thumb/7/7d/Yoshikiyo_Shrine_Syouwa_Town.JPG/500px-Yoshikiyo_Shrine_Syouwa_Town.JPG,昭和町,(Wikipedia代表画像),Wikimedia Commons,https://ja.wikipedia.org/wiki/%E6%98%AD%E5%92%8C%E7%94%BA
C955,https://upload.wikimedia.org/wikipedia/commons/thumb/4/4f/%E9%81%93%E5%BF%97%E3%81%AE%E6%A3%AE%E3%82%AD%E3%83%A3%E3%83%B3%E3%83%97%E5%A0%B4_-_panoramio.jpg/500px-%E9%81%93%E5%BF%97%E3%81%AE%E6%A3%AE%E3%82%AD%E3%83%A3%E3%83%B3%E3%83%97%E5%A0%B4_-_panoramio.jpg,道志村,(Wikipedia代表画像),Wikimedia Commons,https://ja.wikipedia.org/wiki/%E9%81%93%E5%BF%97%E6%9D%91
C956,https://upload.wikimedia.org/wikipedia/commons/thumb/1/10/Mt_Mitsutouge.JPG/500px-Mt_Mitsutouge.JPG,西桂町,(Wikipedia代表画像),Wikimedia Commons,https://ja.wikipedia.org/wiki/%E8%A5%BF%E6%A1%82%E7%94%BA
C957,https://upload.wikimedia.org/wikipedia/commons/thumb/2/22/231028_Waku-ike_Oshino_Hakkai_springs_Oshino_Yamanashi_pref_Japan01s3.jpg/500px-231028_Waku-ike_Oshino_Hakkai_springs_Oshino_Yamanashi_pref_Japan01s3.jpg,忍野村,(Wikipedia代表画像),Wikimedia Commons,https://ja.wikipedia.org/wiki/%E5%BF%8D%E9%87%8E%E6%9D%91
C958,https://upload.wikimedia.org/wikipedia/commons/thumb/b/b5/Lake_Yamanaka.jpg/500px-Lake_Yamanaka.jpg,山中湖村,(Wikipedia代表画像),Wikimedia Commons,https://ja.wikipedia.org/wiki/%E5%B1%B1%E4%B8%AD%E6%B9%96%E6%9D%91
C959,https://upload.wikimedia.org/wikipedia/commons/thumb/d/de/Icicle_in_Narusawa_Ice_Cave.jpg/500px-Icicle_in_Narusawa_Ice_Cave.jpg,鳴沢村,(Wikipedia代表画像),Wikimedia Commons,https://ja.wikipedia.org/wiki/%E9%B3%B4%E6%B2%A2%E6%9D%91
C960,https://upload.wikimedia.org/wikipedia/commons/thumb/9/9b/Daibosatsu_touge.jpg/500px-Daibosatsu_touge.jpg,小菅村,(Wikipedia代表画像),Wikimedia Commons,https://ja.wikipedia.org/wiki/%E5%B0%8F%E8%8F%85%E6%9D%91
C961,https://upload.wikimedia.org/wikipedia/commons/thumb/2/27/Sanjou201001061857.jpg/500px-Sanjou201001061857.jpg,丹波山村,(Wikipedia代表画像),Wikimedia Commons,https://ja.wikipedia.org/wiki/%E4%B8%B9%E6%B3%A2%E5%B1%B1%E6%9D%91
C962,https://upload.wikimedia.org/wikipedia/commons/thumb/2/2a/Ueda-jo.jpg/500px-Ueda-jo.jpg,上田市,(Wikipedia代表画像),Wikimedia Commons,https://ja.wikipedia.org/wiki/%E4%B8%8A%E7%94%B0%E5%B8%82
C963,https://upload.wikimedia.org/wikipedia/commons/thumb/9/91/Toriidaira_Yamabiko_Park_monument.jpg/500px-Toriidaira_Yamabiko_Park_monument.jpg,岡谷市,(Wikipedia代表画像),Wikimedia Commons,https://ja.wikipedia.org/wiki/%E5%B2%A1%E8%B0%B7%E5%B8%82
C964,https://upload.wikimedia.org/wikipedia/commons/thumb/a/ae/Iida_Ringo_Namiki_road_in_November_ac.jpg/500px-Iida_Ringo_Namiki_road_in_November_ac.jpg,飯田市,(Wikipedia代表画像),Wikimedia Commons,https://ja.wikipedia.org/wiki/%E9%A3%AF%E7%94%B0%E5%B8%82
C965,https://upload.wikimedia.org/wikipedia/commons/thumb/a/a5/%E9%A0%88%E5%9D%82%E5%B8%82%E8%87%A5%E7%AB%9C%E5%85%AC%E5%9C%92%E3%81%AE%E6%A1%9C.JPG/500px-%E9%A0%88%E5%9D%82%E5%B8%82%E8%87%A5%E7%AB%9C%E5%85%AC%E5%9C%92%E3%81%AE%E6%A1%9C.JPG,須坂市,(Wikipedia代表画像),Wikimedia Commons,https://ja.wikipedia.org/wiki/%E9%A0%88%E5%9D%82%E5%B8%82
C966,https://upload.wikimedia.org/wikipedia/commons/thumb/a/ac/Komoro_castle00s3872.jpg/500px-Komoro_castle00s3872.jpg,小諸市,(Wikipedia代表画像),Wikimedia Commons,https://ja.wikipedia.org/wiki/%E5%B0%8F%E8%AB%B8%E5%B8%82
C967,https://upload.wikimedia.org/wikipedia/commons/thumb/2/2d/Kasuga_castle_park.jpg/500px-Kasuga_castle_park.jpg,伊那市,(Wikipedia代表画像),Wikimedia Commons,https://ja.wikipedia.org/wiki/%E4%BC%8A%E9%82%A3%E5%B8%82
C968,https://upload.wikimedia.org/wikipedia/commons/thumb/9/93/Kozenji_%28Komagane%29_Hondo_2012-08.jpg/500px-Kozenji_%28Komagane%29_Hondo_2012-08.jpg,駒ヶ根市,(Wikipedia代表画像),Wikimedia Commons,https://ja.wikipedia.org/wiki/%E9%A7%92%E3%83%B6%E6%A0%B9%E5%B8%82
C969,https://upload.wikimedia.org/wikipedia/commons/thumb/7/70/Nakano_Jin%27ya.jpg/500px-Nakano_Jin%27ya.jpg,中野市,(Wikipedia代表画像),Wikimedia Commons,https://ja.wikipedia.org/wiki/%E4%B8%AD%E9%87%8E%E5%B8%82
C970,https://upload.wikimedia.org/wikipedia/commons/thumb/c/cf/%E9%9D%92%E6%9C%A8%E6%B9%96_-_panoramio_%2813%29.jpg/500px-%E9%9D%92%E6%9C%A8%E6%B9%96_-_panoramio_%2813%29.jpg,大町市,(Wikipedia代表画像),Wikimedia Commons,https://ja.wikipedia.org/wiki/%E5%A4%A7%E7%94%BA%E5%B8%82
C971,https://upload.wikimedia.org/wikipedia/commons/thumb/a/ac/Madarao_K%C5%8Dgen_Ski_Resort%2C_-21_Feb._2010_a.jpg/500px-Madarao_K%C5%8Dgen_Ski_Resort%2C_-21_Feb._2010_a.jpg,飯山市,(Wikipedia代表画像),Wikimedia Commons,https://ja.wikipedia.org/wiki/%E9%A3%AF%E5%B1%B1%E5%B8%82
C972,https://upload.wikimedia.org/wikipedia/commons/thumb/4/4c/Tateshina_kogen_from_Mt.Kitayokodake.JPG/500px-Tateshina_kogen_from_Mt.Kitayokodake.JPG,茅野市,(Wikipedia代表画像),Wikimedia Commons,https://ja.wikipedia.org/wiki/%E8%8C%85%E9%87%8E%E5%B8%82
C973,https://upload.wikimedia.org/wikipedia/commons/thumb/4/4c/Nakasendo_Narai-juku09n3200.jpg/500px-Nakasendo_Narai-juku09n3200.jpg,塩尻市,(Wikipedia代表画像),Wikimedia Commons,https://ja.wikipedia.org/wiki/%E5%A1%A9%E5%B0%BB%E5%B8%82
C974,https://upload.wikimedia.org/wikipedia/commons/thumb/2/2b/Old-Nakagomi-School-01.jpg/500px-Old-Nakagomi-School-01.jpg,佐久市,(Wikipedia代表画像),Wikimedia Commons,https://ja.wikipedia.org/wiki/%E4%BD%90%E4%B9%85%E5%B8%82
C975,https://upload.wikimedia.org/wikipedia/commons/thumb/f/f2/Togura-Kamiyamada_Onsen_survey.jpg/500px-Togura-Kamiyamada_Onsen_survey.jpg,千曲市,(Wikipedia代表画像),Wikimedia Commons,https://ja.wikipedia.org/wiki/%E5%8D%83%E6%9B%B2%E5%B8%82
C976,https://upload.wikimedia.org/wikipedia/commons/thumb/e/ea/Unno-juku_2019-05_2.jpg/500px-Unno-juku_2019-05_2.jpg,東御市,(Wikipedia代表画像),Wikimedia Commons,https://ja.wikipedia.org/wiki/%E6%9D%B1%E5%BE%A1%E5%B8%82
C977,https://upload.wikimedia.org/wikipedia/commons/thumb/e/e1/Daio_wasabi_farm02c.jpg/500px-Daio_wasabi_farm02c.jpg,安曇野市,(Wikipedia代表画像),Wikimedia Commons,https://ja.wikipedia.org/wiki/%E5%AE%89%E6%9B%87%E9%87%8E%E5%B8%82
C978,https://upload.wikimedia.org/wikipedia/commons/thumb/9/9a/Lake_Inako.jpg/500px-Lake_Inako.jpg,小海町,(Wikipedia代表画像),Wikimedia Commons,https://ja.wikipedia.org/wiki/%E5%B0%8F%E6%B5%B7%E7%94%BA
C979,https://upload.wikimedia.org/wikipedia/commons/thumb/1/18/Okuchichibu-oneiwa_01.jpg/500px-Okuchichibu-oneiwa_01.jpg,川上村 (長野県),(Wikipedia代表画像),Wikimedia Commons,https://ja.wikipedia.org/wiki/%E5%B7%9D%E4%B8%8A%E6%9D%91%20(%E9%95%B7%E9%87%8E%E7%9C%8C)
C980,https://upload.wikimedia.org/wikipedia/commons/thumb/c/c8/Nobeyama_Radio_Observatory_-_panoramio.jpg/500px-Nobeyama_Radio_Observatory_-_panoramio.jpg,南牧村 (長野県),(Wikipedia代表画像),Wikimedia Commons,https://ja.wikipedia.org/wiki/%E5%8D%97%E7%89%A7%E6%9D%91%20(%E9%95%B7%E9%87%8E%E7%9C%8C)
C981,https://upload.wikimedia.org/wikipedia/commons/thumb/0/02/%E5%8D%97%E7%9B%B8%E6%9C%A8%E6%9D%91_%E7%AB%8B%E5%B2%A9%E3%81%AE%E6%BB%9D.jpg/500px-%E5%8D%97%E7%9B%B8%E6%9C%A8%E6%9D%91_%E7%AB%8B%E5%B2%A9%E3%81%AE%E6%BB%9D.jpg,南相木村,(Wikipedia代表画像),Wikimedia Commons,https://ja.wikipedia.org/wiki/%E5%8D%97%E7%9B%B8%E6%9C%A8%E6%9D%91
C982,https://upload.wikimedia.org/wikipedia/commons/thumb/b/b6/Tochiharaiwakage_cave.jpg/500px-Tochiharaiwakage_cave.jpg,北相木村,(Wikipedia代表画像),Wikimedia Commons,https://ja.wikipedia.org/wiki/%E5%8C%97%E7%9B%B8%E6%9C%A8%E6%9D%91
C983,https://upload.wikimedia.org/wikipedia/commons/thumb/d/db/Shirakomanoike.jpg/500px-Shirakomanoike.jpg,佐久穂町,(Wikipedia代表画像),Wikimedia Commons,https://ja.wikipedia.org/wiki/%E4%BD%90%E4%B9%85%E7%A9%82%E7%94%BA
C984,https://upload.wikimedia.org/wikipedia/commons/thumb/6/67/%E7%9C%8C%E9%81%93134%E5%8F%B7%E7%B7%9A_-_panoramio.jpg/500px-%E7%9C%8C%E9%81%93134%E5%8F%B7%E7%B7%9A_-_panoramio.jpg,御代田町,(Wikipedia代表画像),Wikimedia Commons,https://ja.wikipedia.org/wiki/%E5%BE%A1%E4%BB%A3%E7%94%B0%E7%94%BA
C985,https://upload.wikimedia.org/wikipedia/commons/thumb/0/0c/Lake_Megami_2014-06_2.jpg/500px-Lake_Megami_2014-06_2.jpg,立科町,(Wikipedia代表画像),Wikimedia Commons,https://ja.wikipedia.org/wiki/%E7%AB%8B%E7%A7%91%E7%94%BA
C986,https://upload.wikimedia.org/wikipedia/commons/thumb/b/b6/Yugawa_River_in_Aoki_Nagano_Japan.jpg/500px-Yugawa_River_in_Aoki_Nagano_Japan.jpg,青木村,(Wikipedia代表画像),Wikimedia Commons,https://ja.wikipedia.org/wiki/%E9%9D%92%E6%9C%A8%E6%9D%91
C987,https://upload.wikimedia.org/wikipedia/commons/thumb/d/d7/%E3%81%B6%E3%82%89%E3%82%93%E3%81%97%E3%82%85%E3%81%9F%E3%81%8B%E3%82%84%E3%81%BE.JPG/500px-%E3%81%B6%E3%82%89%E3%82%93%E3%81%97%E3%82%85%E3%81%9F%E3%81%8B%E3%82%84%E3%81%BE.JPG,長和町,(Wikipedia代表画像),Wikimedia Commons,https://ja.wikipedia.org/wiki/%E9%95%B7%E5%92%8C%E7%94%BA
C988,https://upload.wikimedia.org/wikipedia/commons/8/89/Manji-sekibutsu.jpg,下諏訪町,(Wikipedia代表画像),Wikimedia Commons,https://ja.wikipedia.org/wiki/%E4%B8%8B%E8%AB%8F%E8%A8%AA%E7%94%BA
C989,https://upload.wikimedia.org/wikipedia/commons/thumb/6/6b/Mt.Nyukasa_01.jpg/500px-Mt.Nyukasa_01.jpg,富士見町,(Wikipedia代表画像),Wikimedia Commons,https://ja.wikipedia.org/wiki/%E5%AF%8C%E5%A3%AB%E8%A6%8B%E7%94%BA
C990,https://upload.wikimedia.org/wikipedia/commons/thumb/0/0a/%E5%8E%9F%E6%9D%91%E8%87%AA%E7%84%B6%E6%96%87%E5%8C%96%E5%9C%92.jpg/500px-%E5%8E%9F%E6%9D%91%E8%87%AA%E7%84%B6%E6%96%87%E5%8C%96%E5%9C%92.jpg,原村,(Wikipedia代表画像),Wikimedia Commons,https://ja.wikipedia.org/wiki/%E5%8E%9F%E6%9D%91
C991,https://upload.wikimedia.org/wikipedia/commons/thumb/5/5a/Koujin-yama_Park%2C_Tastuno-cho_Kamiina-gun_2012.JPG/500px-Koujin-yama_Park%2C_Tastuno-cho_Kamiina-gun_2012.JPG,辰野町,(Wikipedia代表画像),Wikimedia Commons,https://ja.wikipedia.org/wiki/%E8%BE%B0%E9%87%8E%E7%94%BA
C992,https://upload.wikimedia.org/wikipedia/commons/thumb/3/31/Akasoba-no-sato.jpg/500px-Akasoba-no-sato.jpg,箕輪町,(Wikipedia代表画像),Wikimedia Commons,https://ja.wikipedia.org/wiki/%E7%AE%95%E8%BC%AA%E7%94%BA
C993,https://upload.wikimedia.org/wikipedia/commons/thumb/f/f9/Yotagiri_River.jpg/500px-Yotagiri_River.jpg,飯島町,(Wikipedia代表画像),Wikimedia Commons,https://ja.wikipedia.org/wiki/%E9%A3%AF%E5%B3%B6%E7%94%BA
C994,https://upload.wikimedia.org/wikipedia/commons/thumb/e/e6/Shinshu_University_agricultural_department.jpg/500px-Shinshu_University_agricultural_department.jpg,南箕輪村,(Wikipedia代表画像),Wikimedia Commons,https://ja.wikipedia.org/wiki/%E5%8D%97%E7%AE%95%E8%BC%AA%E6%9D%91
C995,https://upload.wikimedia.org/wikipedia/commons/thumb/3/3b/Okusa_joushi_sakura.JPG/500px-Okusa_joushi_sakura.JPG,中川村,(Wikipedia代表画像),Wikimedia Commons,https://ja.wikipedia.org/wiki/%E4%B8%AD%E5%B7%9D%E6%9D%91
C996,https://upload.wikimedia.org/wikipedia/commons/thumb/0/0d/%E3%81%93%E3%81%BE%E3%81%8F%E3%81%95%E6%A9%8B_-_panoramio_%281%29.jpg/500px-%E3%81%93%E3%81%BE%E3%81%8F%E3%81%95%E6%A9%8B_-_panoramio_%281%29.jpg,宮田村,(Wikipedia代表画像),Wikimedia Commons,https://ja.wikipedia.org/wiki/%E5%AE%AE%E7%94%B0%E6%9D%91
C997,https://upload.wikimedia.org/wikipedia/commons/thumb/5/56/Lake_Matsukawako.jpg/500px-Lake_Matsukawako.jpg,松川町,(Wikipedia代表画像),Wikimedia Commons,https://ja.wikipedia.org/wiki/%E6%9D%BE%E5%B7%9D%E7%94%BA
C998,https://upload.wikimedia.org/wikipedia/commons/thumb/6/65/Ichida-Gaki_of_dried_persimmon.JPG/500px-Ichida-Gaki_of_dried_persimmon.JPG,高森町 (長野県),(Wikipedia代表画像),Wikimedia Commons,https://ja.wikipedia.org/wiki/%E9%AB%98%E6%A3%AE%E7%94%BA%20(%E9%95%B7%E9%87%8E%E7%9C%8C)
C999,https://upload.wikimedia.org/wikipedia/commons/thumb/5/55/%E6%97%A9%E7%A8%B2%E7%94%B0%E7%A5%9E%E7%A4%BE_%E7%A5%9E%E6%9C%A8_%E6%8B%9D%E6%AE%BF_%E5%AE%9D%E5%BA%AB.jpg/500px-%E6%97%A9%E7%A8%B2%E7%94%B0%E7%A5%9E%E7%A4%BE_%E7%A5%9E%E6%9C%A8_%E6%8B%9D%E6%AE%BF_%E5%AE%9D%E5%BA%AB.jpg,阿南町,(Wikipedia代表画像),Wikimedia Commons,https://ja.wikipedia.org/wiki/%E9%98%BF%E5%8D%97%E7%94%BA
C1000,https://upload.wikimedia.org/wikipedia/commons/thumb/e/e9/Hirugami001.JPG/500px-Hirugami001.JPG,阿智村,(Wikipedia代表画像),Wikimedia Commons,https://ja.wikipedia.org/wiki/%E9%98%BF%E6%99%BA%E6%9D%91
C1001,https://upload.wikimedia.org/wikipedia/commons/thumb/1/12/Hiraya_himawarinoyu.JPG/500px-Hiraya_himawarinoyu.JPG,平谷村,(Wikipedia代表画像),Wikimedia Commons,https://ja.wikipedia.org/wiki/%E5%B9%B3%E8%B0%B7%E6%9D%91
C1002,https://upload.wikimedia.org/wikipedia/commons/thumb/4/46/Chausuyama_Plateau%2C_Odona_Neba_2010.jpg/500px-Chausuyama_Plateau%2C_Odona_Neba_2010.jpg,根羽村,(Wikipedia代表画像),Wikimedia Commons,https://ja.wikipedia.org/wiki/%E6%A0%B9%E7%BE%BD%E6%9D%91
C1003,https://upload.wikimedia.org/wikipedia/commons/thumb/3/36/Oyamada_jinja.JPG/500px-Oyamada_jinja.JPG,下條村,(Wikipedia代表画像),Wikimedia Commons,https://ja.wikipedia.org/wiki/%E4%B8%8B%E6%A2%9D%E6%9D%91
C1004,https://upload.wikimedia.org/wikipedia/commons/thumb/3/33/Atebi.jpg/500px-Atebi.jpg,売木村,(Wikipedia代表画像),Wikimedia Commons,https://ja.wikipedia.org/wiki/%E5%A3%B2%E6%9C%A8%E6%9D%91
C1005,https://upload.wikimedia.org/wikipedia/commons/thumb/8/89/Shojinnotaki_Waterfall_1.jpg/500px-Shojinnotaki_Waterfall_1.jpg,天龍村,(Wikipedia代表画像),Wikimedia Commons,https://ja.wikipedia.org/wiki/%E5%A4%A9%E9%BE%8D%E6%9D%91
C1006,https://upload.wikimedia.org/wikipedia/commons/thumb/0/04/JRtamoto2008.jpg/500px-JRtamoto2008.jpg,泰阜村,(Wikipedia代表画像),Wikimedia Commons,https://ja.wikipedia.org/wiki/%E6%B3%B0%E9%98%9C%E6%9D%91
C1007,https://upload.wikimedia.org/wikipedia/commons/thumb/e/ee/Muku_Hatoju_Memorial_Museum_and_Library_exterior_ac_%281%29.jpg/500px-Muku_Hatoju_Memorial_Museum_and_Library_exterior_ac_%281%29.jpg,喬木村,(Wikipedia代表画像),Wikimedia Commons,https://ja.wikipedia.org/wiki/%E5%96%AC%E6%9C%A8%E6%9D%91
C1008,https://upload.wikimedia.org/wikipedia/commons/thumb/1/1d/%E6%B3%89%E9%BE%8D%E9%99%A2_%E4%B8%89%E9%A3%9F%E8%97%A4.jpg/500px-%E6%B3%89%E9%BE%8D%E9%99%A2_%E4%B8%89%E9%A3%9F%E8%97%A4.jpg,豊丘村,(Wikipedia代表画像),Wikimedia Commons,https://ja.wikipedia.org/wiki/%E8%B1%8A%E4%B8%98%E6%9D%91
C1009,https://upload.wikimedia.org/wikipedia/commons/thumb/8/83/Daisekijinja_1.jpg/500px-Daisekijinja_1.jpg,大鹿村,(Wikipedia代表画像),Wikimedia Commons,https://ja.wikipedia.org/wiki/%E5%A4%A7%E9%B9%BF%E6%9D%91
C1010,https://upload.wikimedia.org/wikipedia/commons/thumb/f/f9/Nezame_no_toko_2.jpg/500px-Nezame_no_toko_2.jpg,上松町,(Wikipedia代表画像),Wikimedia Commons,https://ja.wikipedia.org/wiki/%E4%B8%8A%E6%9D%BE%E7%94%BA
C1011,https://upload.wikimedia.org/wikipedia/commons/thumb/5/5f/Tsumago-juku_6-Jun-2020.jpg/500px-Tsumago-juku_6-Jun-2020.jpg,南木曽町,(Wikipedia代表画像),Wikimedia Commons,https://ja.wikipedia.org/wiki/%E5%8D%97%E6%9C%A8%E6%9B%BD%E7%94%BA
C1012,https://upload.wikimedia.org/wikipedia/commons/thumb/c/c1/Yabuharajuku_0001.jpg/500px-Yabuharajuku_0001.jpg,木祖村,(Wikipedia代表画像),Wikimedia Commons,https://ja.wikipedia.org/wiki/%E6%9C%A8%E7%A5%96%E6%9D%91
C1013,https://upload.wikimedia.org/wikipedia/commons/thumb/c/c0/Ontake_c.jpg/500px-Ontake_c.jpg,王滝村,(Wikipedia代表画像),Wikimedia Commons,https://ja.wikipedia.org/wiki/%E7%8E%8B%E6%BB%9D%E6%9D%91
C1014,https://upload.wikimedia.org/wikipedia/commons/thumb/6/64/Atera_River.jpg/500px-Atera_River.jpg,大桑村,(Wikipedia代表画像),Wikimedia Commons,https://ja.wikipedia.org/wiki/%E5%A4%A7%E6%A1%91%E6%9D%91
C1015,https://upload.wikimedia.org/wikipedia/commons/thumb/8/87/Nakasendo_Kiso-fukushima02n4272.jpg/500px-Nakasendo_Kiso-fukushima02n4272.jpg,木曽町,(Wikipedia代表画像),Wikimedia Commons,https://ja.wikipedia.org/wiki/%E6%9C%A8%E6%9B%BD%E7%94%BA
C1016,https://upload.wikimedia.org/wikipedia/commons/thumb/1/11/Lake-Hijiriko.JPG/500px-Lake-Hijiriko.JPG,麻績村,(Wikipedia代表画像),Wikimedia Commons,https://ja.wikipedia.org/wiki/%E9%BA%BB%E7%B8%BE%E6%9D%91
C1017,https://upload.wikimedia.org/wikipedia/commons/thumb/1/17/Sanseijibashi_bridge.jpg/500px-Sanseijibashi_bridge.jpg,生坂村,(Wikipedia代表画像),Wikimedia Commons,https://ja.wikipedia.org/wiki/%E7%94%9F%E5%9D%82%E6%9D%91
C1018,https://upload.wikimedia.org/wikipedia/commons/thumb/7/71/Kiyomizu-dera_%28Nagano%29_Gyokizakura_1.jpg/500px-Kiyomizu-dera_%28Nagano%29_Gyokizakura_1.jpg,山形村,(Wikipedia代表画像),Wikimedia Commons,https://ja.wikipedia.org/wiki/%E5%B1%B1%E5%BD%A2%E6%9D%91
C1019,https://upload.wikimedia.org/wikipedia/commons/thumb/3/3f/%E5%85%89%E8%BC%AA%E5%AF%BA%E8%96%AC%E5%B8%AB%E5%A0%82.JPG/500px-%E5%85%89%E8%BC%AA%E5%AF%BA%E8%96%AC%E5%B8%AB%E5%A0%82.JPG,朝日村,(Wikipedia代表画像),Wikimedia Commons,https://ja.wikipedia.org/wiki/%E6%9C%9D%E6%97%A5%E6%9D%91
C1020,https://upload.wikimedia.org/wikipedia/commons/thumb/a/ad/%E5%96%84%E5%85%89%E5%AF%BA%E8%A1%97%E9%81%93%E9%9D%92%E6%9F%B3%E5%AE%BF_-_panoramio.jpg/500px-%E5%96%84%E5%85%89%E5%AF%BA%E8%A1%97%E9%81%93%E9%9D%92%E6%9F%B3%E5%AE%BF_-_panoramio.jpg,筑北村,(Wikipedia代表画像),Wikimedia Commons,https://ja.wikipedia.org/wiki/%E7%AD%91%E5%8C%97%E6%9D%91
C1021,https://upload.wikimedia.org/wikipedia/commons/thumb/d/d2/Michinoeki_ikeda.jpg/500px-Michinoeki_ikeda.jpg,池田町 (長野県),(Wikipedia代表画像),Wikimedia Commons,https://ja.wikipedia.org/wiki/%E6%B1%A0%E7%94%B0%E7%94%BA%20(%E9%95%B7%E9%87%8E%E7%9C%8C)
C1022,https://upload.wikimedia.org/wikipedia/commons/thumb/8/8d/150922_Chihiro_Art_Museum_Azumino_Japan02s3.jpg/500px-150922_Chihiro_Art_Museum_Azumino_Japan02s3.jpg,松川村,(Wikipedia代表画像),Wikimedia Commons,https://ja.wikipedia.org/wiki/%E6%9D%BE%E5%B7%9D%E6%9D%91
C1023,https://upload.wikimedia.org/wikipedia/commons/thumb/b/be/Hakubaooike-korengesan.JPG/500px-Hakubaooike-korengesan.JPG,小谷村,(Wikipedia代表画像),Wikimedia Commons,https://ja.wikipedia.org/wiki/%E5%B0%8F%E8%B0%B7%E6%9D%91
C1024,https://upload.wikimedia.org/wikipedia/commons/thumb/b/b9/Sakaki-jinja_%28Sakaki%29%2C_haiden.jpg/500px-Sakaki-jinja_%28Sakaki%29%2C_haiden.jpg,坂城町,(Wikipedia代表画像),Wikimedia Commons,https://ja.wikipedia.org/wiki/%E5%9D%82%E5%9F%8E%E7%94%BA
C1025,https://upload.wikimedia.org/wikipedia/commons/thumb/0/0c/Hokusai_Museum.jpg/500px-Hokusai_Museum.jpg,小布施町,(Wikipedia代表画像),Wikimedia Commons,https://ja.wikipedia.org/wiki/%E5%B0%8F%E5%B8%83%E6%96%BD%E7%94%BA
C1026,https://upload.wikimedia.org/wikipedia/commons/thumb/c/c5/Kaminari_Falls.jpg/500px-Kaminari_Falls.jpg,高山村 (長野県),(Wikipedia代表画像),Wikimedia Commons,https://ja.wikipedia.org/wiki/%E9%AB%98%E5%B1%B1%E6%9D%91%20(%E9%95%B7%E9%87%8E%E7%9C%8C)
C1027,https://upload.wikimedia.org/wikipedia/commons/thumb/3/37/Kijimadaira01.jpg/500px-Kijimadaira01.jpg,木島平村,(Wikipedia代表画像),Wikimedia Commons,https://ja.wikipedia.org/wiki/%E6%9C%A8%E5%B3%B6%E5%B9%B3%E6%9D%91
C1028,https://upload.wikimedia.org/wikipedia/commons/thumb/1/1d/Nozawa_Onsen_01.jpg/500px-Nozawa_Onsen_01.jpg,野沢温泉村,(Wikipedia代表画像),Wikimedia Commons,https://ja.wikipedia.org/wiki/%E9%87%8E%E6%B2%A2%E6%B8%A9%E6%B3%89%E6%9D%91
C1029,https://upload.wikimedia.org/wikipedia/commons/thumb/7/75/Lake_Nojiri.JPG/500px-Lake_Nojiri.JPG,信濃町,(Wikipedia代表画像),Wikimedia Commons,https://ja.wikipedia.org/wiki/%E4%BF%A1%E6%BF%83%E7%94%BA
C1030,https://upload.wikimedia.org/wikipedia/commons/thumb/9/97/Ogawa_Observatory_and_Planetarium.jpg/500px-Ogawa_Observatory_and_Planetarium.jpg,小川村,(Wikipedia代表画像),Wikimedia Commons,https://ja.wikipedia.org/wiki/%E5%B0%8F%E5%B7%9D%E6%9D%91
C1031,https://upload.wikimedia.org/wikipedia/commons/thumb/2/21/Lake_Reisenji_and_Mount_Iizuna.jpg/500px-Lake_Reisenji_and_Mount_Iizuna.jpg,飯綱町,(Wikipedia代表画像),Wikimedia Commons,https://ja.wikipedia.org/wiki/%E9%A3%AF%E7%B6%B1%E7%94%BA
C1032,https://upload.wikimedia.org/wikipedia/commons/thumb/8/89/Akiyama-go.jpg/500px-Akiyama-go.jpg,栄村,(Wikipedia代表画像),Wikimedia Commons,https://ja.wikipedia.org/wiki/%E6%A0%84%E6%9D%91
C1033,https://upload.wikimedia.org/wikipedia/commons/thumb/4/48/%E8%88%B9%E7%94%BA%E6%B8%AF%E8%B7%A1.jpg/500px-%E8%88%B9%E7%94%BA%E6%B8%AF%E8%B7%A1.jpg,大垣市,(Wikipedia代表画像),Wikimedia Commons,https://ja.wikipedia.org/wiki/%E5%A4%A7%E5%9E%A3%E5%B8%82
C1034,https://upload.wikimedia.org/wikipedia/commons/thumb/2/2a/Eiho-ji_Temple_Garden_%281%29%2C_Kokeizan-cho_Tajimi_2020.jpg/500px-Eiho-ji_Temple_Garden_%281%29%2C_Kokeizan-cho_Tajimi_2020.jpg,多治見市,(Wikipedia代表画像),Wikimedia Commons,https://ja.wikipedia.org/wiki/%E5%A4%9A%E6%B2%BB%E8%A6%8B%E5%B8%82
C1035,https://upload.wikimedia.org/wikipedia/commons/thumb/5/5c/Seki_Sword_Tradition_Museum_1.JPG/500px-Seki_Sword_Tradition_Museum_1.JPG,関市,(Wikipedia代表画像),Wikimedia Commons,https://ja.wikipedia.org/wiki/%E9%96%A2%E5%B8%82
C1036,https://upload.wikimedia.org/wikipedia/commons/thumb/b/be/Naegi_Castle_and_Mount_Ena.jpg/500px-Naegi_Castle_and_Mount_Ena.jpg,中津川市,(Wikipedia代表画像),Wikimedia Commons,https://ja.wikipedia.org/wiki/%E4%B8%AD%E6%B4%A5%E5%B7%9D%E5%B8%82
C1037,https://upload.wikimedia.org/wikipedia/commons/thumb/d/dd/%E3%81%86%E3%81%A0%E3%81%A4%E3%81%AE%E4%B8%8A%E3%81%8C%E3%82%8B%E7%94%BA%E4%B8%A6%E3%81%BF_%28%E5%B2%90%E9%98%9C%E7%9C%8C%E7%BE%8E%E6%BF%83%E5%B8%82%29-%E7%94%BA%E4%B8%A6%E3%81%BFmino_udatsu024.jpg/500px-%E3%81%86%E3%81%A0%E3%81%A4%E3%81%AE%E4%B8%8A%E3%81%8C%E3%82%8B%E7%94%BA%E4%B8%A6%E3%81%BF_%28%E5%B2%90%E9%98%9C%E7%9C%8C%E7%BE%8E%E6%BF%83%E5%B8%82%29-%E7%94%BA%E4%B8%A6%E3%81%BFmino_udatsu024.jpg,美濃市,(Wikipedia代表画像),Wikimedia Commons,https://ja.wikipedia.org/wiki/%E7%BE%8E%E6%BF%83%E5%B8%82
C1038,https://upload.wikimedia.org/wikipedia/commons/thumb/e/e4/%E5%A4%A7%E9%8D%AC%E5%AE%BF_-_panoramio_-_Yobito_KAYANUMA_%281%29.jpg/500px-%E5%A4%A7%E9%8D%AC%E5%AE%BF_-_panoramio_-_Yobito_KAYANUMA_%281%29.jpg,瑞浪市,(Wikipedia代表画像),Wikimedia Commons,https://ja.wikipedia.org/wiki/%E7%91%9E%E6%B5%AA%E5%B8%82
C1039,https://upload.wikimedia.org/wikipedia/commons/thumb/0/06/Takehana-Betsuin_Fuji2008-1.jpg/500px-Takehana-Betsuin_Fuji2008-1.jpg,羽島市,(Wikipedia代表画像),Wikimedia Commons,https://ja.wikipedia.org/wiki/%E7%BE%BD%E5%B3%B6%E5%B8%82
C1040,https://upload.wikimedia.org/wikipedia/commons/thumb/a/a9/Enakyo.jpg/500px-Enakyo.jpg,恵那市,(Wikipedia代表画像),Wikimedia Commons,https://ja.wikipedia.org/wiki/%E6%81%B5%E9%82%A3%E5%B8%82
C1041,https://upload.wikimedia.org/wikipedia/commons/thumb/4/48/Seiryu_satoyama_park_ginza.jpg/500px-Seiryu_satoyama_park_ginza.jpg,美濃加茂市,(Wikipedia代表画像),Wikimedia Commons,https://ja.wikipedia.org/wiki/%E7%BE%8E%E6%BF%83%E5%8A%A0%E8%8C%82%E5%B8%82
C1042,https://upload.wikimedia.org/wikipedia/commons/thumb/b/b4/Tokishi-minoyaki.jpg/500px-Tokishi-minoyaki.jpg,土岐市,(Wikipedia代表画像),Wikimedia Commons,https://ja.wikipedia.org/wiki/%E5%9C%9F%E5%B2%90%E5%B8%82
C1043,https://upload.wikimedia.org/wikipedia/commons/thumb/b/bd/Flower_Festival_Commemorative_Park02.jpg/500px-Flower_Festival_Commemorative_Park02.jpg,可児市,(Wikipedia代表画像),Wikimedia Commons,https://ja.wikipedia.org/wiki/%E5%8F%AF%E5%85%90%E5%B8%82
C1044,https://upload.wikimedia.org/wikipedia/commons/thumb/7/74/Ijira_lake01%2CGifu.jpeg/500px-Ijira_lake01%2CGifu.jpeg,山県市,(Wikipedia代表画像),Wikimedia Commons,https://ja.wikipedia.org/wiki/%E5%B1%B1%E7%9C%8C%E5%B8%82
C1045,https://upload.wikimedia.org/wikipedia/commons/thumb/3/3f/Ozu-kouen2008-1.jpg/500px-Ozu-kouen2008-1.jpg,瑞穂市,(Wikipedia代表画像),Wikimedia Commons,https://ja.wikipedia.org/wiki/%E7%91%9E%E7%A9%82%E5%B8%82
C1046,https://upload.wikimedia.org/wikipedia/commons/thumb/6/63/Hida_Furukawa_Seto_river_ac.jpg/500px-Hida_Furukawa_Seto_river_ac.jpg,飛騨市,(Wikipedia代表画像),Wikimedia Commons,https://ja.wikipedia.org/wiki/%E9%A3%9B%E9%A8%A8%E5%B8%82
C1047,https://upload.wikimedia.org/wikipedia/commons/thumb/b/b4/Usuzumi_zakura.jpg/500px-Usuzumi_zakura.jpg,本巣市,(Wikipedia代表画像),Wikimedia Commons,https://ja.wikipedia.org/wiki/%E6%9C%AC%E5%B7%A3%E5%B8%82
C1048,https://upload.wikimedia.org/wikipedia/commons/thumb/4/41/2017%E5%B9%B4%E7%A7%8B%E5%AD%A3%E3%81%AE%E9%83%A1%E4%B8%8A%E5%85%AB%E5%B9%A1%E5%9F%8E.jpg/500px-2017%E5%B9%B4%E7%A7%8B%E5%AD%A3%E3%81%AE%E9%83%A1%E4%B8%8A%E5%85%AB%E5%B9%A1%E5%9F%8E.jpg,郡上市,(Wikipedia代表画像),Wikimedia Commons,https://ja.wikipedia.org/wiki/%E9%83%A1%E4%B8%8A%E5%B8%82
C1049,https://upload.wikimedia.org/wikipedia/commons/thumb/e/e0/Chobo_inari_shrine_%2C_%E5%8D%83%E4%BB%A3%E4%BF%9D%E7%A8%B2%E8%8D%B7%E7%A5%9E%E7%A4%BE_-_panoramio_%287%29.jpg/500px-Chobo_inari_shrine_%2C_%E5%8D%83%E4%BB%A3%E4%BF%9D%E7%A8%B2%E8%8D%B7%E7%A5%9E%E7%A4%BE_-_panoramio_%287%29.jpg,海津市,(Wikipedia代表画像),Wikimedia Commons,https://ja.wikipedia.org/wiki/%E6%B5%B7%E6%B4%A5%E5%B8%82
C1050,https://upload.wikimedia.org/wikipedia/commons/thumb/3/36/Miyagawakejuutaku.JPG/500px-Miyagawakejuutaku.JPG,岐南町,(Wikipedia代表画像),Wikimedia Commons,https://ja.wikipedia.org/wiki/%E5%B2%90%E5%8D%97%E7%94%BA
C1051,https://upload.wikimedia.org/wikipedia/commons/thumb/1/1c/%E7%AC%A0%E6%9D%BE%E3%81%AE%E3%82%84%E3%81%A3%E3%81%93%E8%A1%8C%E5%88%97_%28%E5%B2%90%E9%98%9C%E7%9C%8C%E7%BE%BD%E5%B3%B6%E9%83%A1%E7%AC%A0%E6%9D%BE%E7%94%BA%29.jpg/500px-%E7%AC%A0%E6%9D%BE%E3%81%AE%E3%82%84%E3%81%A3%E3%81%93%E8%A1%8C%E5%88%97_%28%E5%B2%90%E9%98%9C%E7%9C%8C%E7%BE%BD%E5%B3%B6%E9%83%A1%E7%AC%A0%E6%9D%BE%E7%94%BA%29.jpg,笠松町,(Wikipedia代表画像),Wikimedia Commons,https://ja.wikipedia.org/wiki/%E7%AC%A0%E6%9D%BE%E7%94%BA
C1052,https://upload.wikimedia.org/wikipedia/commons/thumb/7/73/Yoro_Falls_09-04_%282024%29.jpg/500px-Yoro_Falls_09-04_%282024%29.jpg,養老町,(Wikipedia代表画像),Wikimedia Commons,https://ja.wikipedia.org/wiki/%E9%A4%8A%E8%80%81%E7%94%BA
C1053,https://upload.wikimedia.org/wikipedia/commons/thumb/a/af/Nangu-taisha_%28Romon%29.jpg/500px-Nangu-taisha_%28Romon%29.jpg,垂井町,(Wikipedia代表画像),Wikimedia Commons,https://ja.wikipedia.org/wiki/%E5%9E%82%E4%BA%95%E7%94%BA
C1054,https://upload.wikimedia.org/wikipedia/commons/thumb/a/af/The-Battlefield-of-Sekigahara-1.jpg/500px-The-Battlefield-of-Sekigahara-1.jpg,関ケ原町,(Wikipedia代表画像),Wikimedia Commons,https://ja.wikipedia.org/wiki/%E9%96%A2%E3%82%B1%E5%8E%9F%E7%94%BA
C1055,https://upload.wikimedia.org/wikipedia/commons/thumb/f/fc/Hiyoshi-jinjya_Godo03.JPG/500px-Hiyoshi-jinjya_Godo03.JPG,神戸町,(Wikipedia代表画像),Wikimedia Commons,https://ja.wikipedia.org/wiki/%E7%A5%9E%E6%88%B8%E7%94%BA
C1056,https://upload.wikimedia.org/wikipedia/commons/thumb/6/6a/Ogure_rier_gate_ruins_and_chisui_shrine.jpg/500px-Ogure_rier_gate_ruins_and_chisui_shrine.jpg,輪之内町,(Wikipedia代表画像),Wikimedia Commons,https://ja.wikipedia.org/wiki/%E8%BC%AA%E4%B9%8B%E5%86%85%E7%94%BA
C1057,https://upload.wikimedia.org/wikipedia/commons/thumb/1/1a/Anpachi-Hyakubaien2008-2.jpg/500px-Anpachi-Hyakubaien2008-2.jpg,安八町,(Wikipedia代表画像),Wikimedia Commons,https://ja.wikipedia.org/wiki/%E5%AE%89%E5%85%AB%E7%94%BA
C1058,https://upload.wikimedia.org/wikipedia/commons/thumb/a/ac/Okajima_Bridge.JPG/500px-Okajima_Bridge.JPG,揖斐川町,(Wikipedia代表画像),Wikimedia Commons,https://ja.wikipedia.org/wiki/%E6%8F%96%E6%96%90%E5%B7%9D%E7%94%BA
C1059,https://upload.wikimedia.org/wikipedia/commons/thumb/4/4e/Ono_rose_garden.jpg/500px-Ono_rose_garden.jpg,大野町,(Wikipedia代表画像),Wikimedia Commons,https://ja.wikipedia.org/wiki/%E5%A4%A7%E9%87%8E%E7%94%BA
C1060,https://upload.wikimedia.org/wikipedia/commons/thumb/f/fa/Kamagatani01.jpg/500px-Kamagatani01.jpg,池田町 (岐阜県),(Wikipedia代表画像),Wikimedia Commons,https://ja.wikipedia.org/wiki/%E6%B1%A0%E7%94%B0%E7%94%BA%20(%E5%B2%90%E9%98%9C%E7%9C%8C)
C1061,https://upload.wikimedia.org/wikipedia/commons/thumb/8/86/Enkyo-ji_in_Kitagata_town_ac_%281%29.jpg/500px-Enkyo-ji_in_Kitagata_town_ac_%281%29.jpg,北方町,(Wikipedia代表画像),Wikimedia Commons,https://ja.wikipedia.org/wiki/%E5%8C%97%E6%96%B9%E7%94%BA
C1062,https://upload.wikimedia.org/wikipedia/commons/thumb/e/e2/Kiso_River_from_Sarubami_Castle_2010-11-23.jpg/500px-Kiso_River_from_Sarubami_Castle_2010-11-23.jpg,坂祝町,(Wikipedia代表画像),Wikimedia Commons,https://ja.wikipedia.org/wiki/%E5%9D%82%E7%A5%9D%E7%94%BA
C1063,https://upload.wikimedia.org/wikipedia/commons/thumb/4/45/Matsuiya_Sake_Brewery_ac_%282%29.jpg/500px-Matsuiya_Sake_Brewery_ac_%282%29.jpg,富加町,(Wikipedia代表画像),Wikimedia Commons,https://ja.wikipedia.org/wiki/%E5%AF%8C%E5%8A%A0%E7%94%BA
C1064,https://upload.wikimedia.org/wikipedia/commons/thumb/b/b5/Kawabe_boat.JPG/500px-Kawabe_boat.JPG,川辺町,(Wikipedia代表画像),Wikimedia Commons,https://ja.wikipedia.org/wiki/%E5%B7%9D%E8%BE%BA%E7%94%BA
C1065,https://upload.wikimedia.org/wikipedia/commons/8/8a/Gifu%2C_Hichiso_-_Hisuikyo_2002.jpg,七宗町,(Wikipedia代表画像),Wikimedia Commons,https://ja.wikipedia.org/wiki/%E4%B8%83%E5%AE%97%E7%94%BA
C1066,https://upload.wikimedia.org/wikipedia/commons/thumb/9/93/Jindo_no_oka_koen2.jpg/500px-Jindo_no_oka_koen2.jpg,八百津町,(Wikipedia代表画像),Wikimedia Commons,https://ja.wikipedia.org/wiki/%E5%85%AB%E7%99%BE%E6%B4%A5%E7%94%BA
C1067,https://upload.wikimedia.org/wikipedia/commons/thumb/1/1a/Shirakawa_hirono_tea_farm.jpg/500px-Shirakawa_hirono_tea_farm.jpg,白川町,(Wikipedia代表画像),Wikimedia Commons,https://ja.wikipedia.org/wiki/%E7%99%BD%E5%B7%9D%E7%94%BA
C1068,https://upload.wikimedia.org/wikipedia/commons/thumb/a/a1/Goka_chiku002.jpg/500px-Goka_chiku002.jpg,東白川村,(Wikipedia代表画像),Wikimedia Commons,https://ja.wikipedia.org/wiki/%E6%9D%B1%E7%99%BD%E5%B7%9D%E6%9D%91
C1069,https://upload.wikimedia.org/wikipedia/commons/thumb/1/1f/Oniiwa.jpg/500px-Oniiwa.jpg,御嵩町,(Wikipedia代表画像),Wikimedia Commons,https://ja.wikipedia.org/wiki/%E5%BE%A1%E5%B5%A9%E7%94%BA
C1070,https://upload.wikimedia.org/wikipedia/commons/thumb/f/f7/Numazu_Montage.jpg/500px-Numazu_Montage.jpg,沼津市,(Wikipedia代表画像),Wikimedia Commons,https://ja.wikipedia.org/wiki/%E6%B2%BC%E6%B4%A5%E5%B8%82
C1071,https://upload.wikimedia.org/wikipedia/commons/thumb/e/e0/Mishima_Montage.jpg/500px-Mishima_Montage.jpg,三島市,(Wikipedia代表画像),Wikimedia Commons,https://ja.wikipedia.org/wiki/%E4%B8%89%E5%B3%B6%E5%B8%82
C1072,https://upload.wikimedia.org/wikipedia/commons/thumb/b/b1/Shimada_city_from_Makinohara_Upland.JPG/500px-Shimada_city_from_Makinohara_Upland.JPG,島田市,(Wikipedia代表画像),Wikimedia Commons,https://ja.wikipedia.org/wiki/%E5%B3%B6%E7%94%B0%E5%B8%82
C1073,https://upload.wikimedia.org/wikipedia/commons/thumb/9/94/MtFuji_FUjiCity_Obuchi.jpg/500px-MtFuji_FUjiCity_Obuchi.jpg,富士市,(Wikipedia代表画像),Wikimedia Commons,https://ja.wikipedia.org/wiki/%E5%AF%8C%E5%A3%AB%E5%B8%82
C1074,https://upload.wikimedia.org/wikipedia/commons/thumb/8/8f/Old_Mitsuke_School_front_2.jpg/500px-Old_Mitsuke_School_front_2.jpg,磐田市,(Wikipedia代表画像),Wikimedia Commons,https://ja.wikipedia.org/wiki/%E7%A3%90%E7%94%B0%E5%B8%82
C1075,https://upload.wikimedia.org/wikipedia/commons/thumb/6/65/Port_of_Yaizu_2020-04_ac_%282%29.jpg/500px-Port_of_Yaizu_2020-04_ac_%282%29.jpg,焼津市,(Wikipedia代表画像),Wikimedia Commons,https://ja.wikipedia.org/wiki/%E7%84%BC%E6%B4%A5%E5%B8%82
C1076,https://upload.wikimedia.org/wikipedia/commons/thumb/3/3b/Kakegawa_Jo_201803mid.jpg/500px-Kakegawa_Jo_201803mid.jpg,掛川市,(Wikipedia代表画像),Wikimedia Commons,https://ja.wikipedia.org/wiki/%E6%8E%9B%E5%B7%9D%E5%B8%82
C1077,https://upload.wikimedia.org/wikipedia/commons/thumb/2/22/Rengeji_ike-5.jpg/500px-Rengeji_ike-5.jpg,藤枝市,(Wikipedia代表画像),Wikimedia Commons,https://ja.wikipedia.org/wiki/%E8%97%A4%E6%9E%9D%E5%B8%82
C1078,https://upload.wikimedia.org/wikipedia/commons/thumb/3/35/Stupa_and_Fuji.jpg/500px-Stupa_and_Fuji.jpg,御殿場市,(Wikipedia代表画像),Wikimedia Commons,https://ja.wikipedia.org/wiki/%E5%BE%A1%E6%AE%BF%E5%A0%B4%E5%B8%82
C1079,https://upload.wikimedia.org/wikipedia/commons/thumb/d/d7/Ecopa030304.jpg/500px-Ecopa030304.jpg,袋井市,(Wikipedia代表画像),Wikimedia Commons,https://ja.wikipedia.org/wiki/%E8%A2%8B%E4%BA%95%E5%B8%82
C1080,https://upload.wikimedia.org/wikipedia/commons/thumb/7/75/Snowtown_Yeti.JPG/500px-Snowtown_Yeti.JPG,裾野市,(Wikipedia代表画像),Wikimedia Commons,https://ja.wikipedia.org/wiki/%E8%A3%BE%E9%87%8E%E5%B8%82
C1081,https://upload.wikimedia.org/wikipedia/commons/thumb/e/eb/Araisekisho.JPG/500px-Araisekisho.JPG,湖西市,(Wikipedia代表画像),Wikimedia Commons,https://ja.wikipedia.org/wiki/%E6%B9%96%E8%A5%BF%E5%B8%82
C1082,https://upload.wikimedia.org/wikipedia/commons/thumb/6/6d/181124_Shuzenji_Izu_Shizuoka_pref_Japan04s3.jpg/500px-181124_Shuzenji_Izu_Shizuoka_pref_Japan04s3.jpg,伊豆市,(Wikipedia代表画像),Wikimedia Commons,https://ja.wikipedia.org/wiki/%E4%BC%8A%E8%B1%86%E5%B8%82
C1083,https://upload.wikimedia.org/wikipedia/commons/thumb/6/66/Omaezaki_and_Lighthouse.jpg/500px-Omaezaki_and_Lighthouse.jpg,御前崎市,(Wikipedia代表画像),Wikimedia Commons,https://ja.wikipedia.org/wiki/%E5%BE%A1%E5%89%8D%E5%B4%8E%E5%B8%82
C1084,https://upload.wikimedia.org/wikipedia/commons/thumb/d/de/%E5%BF%9C%E5%A3%B0%E6%95%99%E9%99%A2_-_panoramio_%282%29.jpg/500px-%E5%BF%9C%E5%A3%B0%E6%95%99%E9%99%A2_-_panoramio_%282%29.jpg,菊川市,(Wikipedia代表画像),Wikimedia Commons,https://ja.wikipedia.org/wiki/%E8%8F%8A%E5%B7%9D%E5%B8%82
C1085,https://upload.wikimedia.org/wikipedia/commons/thumb/7/7a/Egawa-tei_20120927_b.jpg/500px-Egawa-tei_20120927_b.jpg,伊豆の国市,(Wikipedia代表画像),Wikimedia Commons,https://ja.wikipedia.org/wiki/%E4%BC%8A%E8%B1%86%E3%81%AE%E5%9B%BD%E5%B8%82
C1086,https://upload.wikimedia.org/wikipedia/commons/thumb/f/fc/Sagara_sun_beach.jpg/500px-Sagara_sun_beach.jpg,牧之原市,(Wikipedia代表画像),Wikimedia Commons,https://ja.wikipedia.org/wiki/%E7%89%A7%E4%B9%8B%E5%8E%9F%E5%B8%82
C1087,https://upload.wikimedia.org/wikipedia/commons/thumb/c/c4/Atagawa_Onsen_20111016.jpg/500px-Atagawa_Onsen_20111016.jpg,東伊豆町,(Wikipedia代表画像),Wikimedia Commons,https://ja.wikipedia.org/wiki/%E6%9D%B1%E4%BC%8A%E8%B1%86%E7%94%BA
C1088,https://upload.wikimedia.org/wikipedia/commons/thumb/6/6d/Shizuoka-early_spring-xl.jpg/500px-Shizuoka-early_spring-xl.jpg,河津町,(Wikipedia代表画像),Wikimedia Commons,https://ja.wikipedia.org/wiki/%E6%B2%B3%E6%B4%A5%E7%94%BA
C1089,https://upload.wikimedia.org/wikipedia/commons/thumb/7/75/Irozaki_lighthouse.JPG/500px-Irozaki_lighthouse.JPG,南伊豆町,(Wikipedia代表画像),Wikimedia Commons,https://ja.wikipedia.org/wiki/%E5%8D%97%E4%BC%8A%E8%B1%86%E7%94%BA
C1090,https://upload.wikimedia.org/wikipedia/commons/thumb/b/bd/Matsuzaki_Kaigan_-01.jpg/500px-Matsuzaki_Kaigan_-01.jpg,松崎町,(Wikipedia代表画像),Wikimedia Commons,https://ja.wikipedia.org/wiki/%E6%9D%BE%E5%B4%8E%E7%94%BA
C1091,https://upload.wikimedia.org/wikipedia/commons/thumb/e/e6/Dogashima_20121019.jpg/500px-Dogashima_20121019.jpg,西伊豆町,(Wikipedia代表画像),Wikimedia Commons,https://ja.wikipedia.org/wiki/%E8%A5%BF%E4%BC%8A%E8%B1%86%E7%94%BA
C1092,https://upload.wikimedia.org/wikipedia/commons/thumb/6/6c/Jukkokutoge_Cable_Car_2024_March_3_various_23_48_49_725000.jpeg/500px-Jukkokutoge_Cable_Car_2024_March_3_various_23_48_49_725000.jpeg,函南町,(Wikipedia代表画像),Wikimedia Commons,https://ja.wikipedia.org/wiki/%E5%87%BD%E5%8D%97%E7%94%BA
C1093,https://upload.wikimedia.org/wikipedia/commons/thumb/d/d8/Kakita_river%2C_20110918_A.jpg/500px-Kakita_river%2C_20110918_A.jpg,清水町 (静岡県),(Wikipedia代表画像),Wikimedia Commons,https://ja.wikipedia.org/wiki/%E6%B8%85%E6%B0%B4%E7%94%BA%20(%E9%9D%99%E5%B2%A1%E7%9C%8C)
C1094,https://upload.wikimedia.org/wikipedia/commons/thumb/3/3c/Ayutsubo_waterfall_20111008_b.jpg/500px-Ayutsubo_waterfall_20111008_b.jpg,長泉町,(Wikipedia代表画像),Wikimedia Commons,https://ja.wikipedia.org/wiki/%E9%95%B7%E6%B3%89%E7%94%BA
C1095,https://upload.wikimedia.org/wikipedia/commons/thumb/c/c9/Fuji_Speedway_with_Mount_Fuji.jpg/500px-Fuji_Speedway_with_Mount_Fuji.jpg,小山町,(Wikipedia代表画像),Wikimedia Commons,https://ja.wikipedia.org/wiki/%E5%B0%8F%E5%B1%B1%E7%94%BA
C1096,https://upload.wikimedia.org/wikipedia/commons/thumb/4/4b/KoyamaJo_MogiTensyu.jpg/500px-KoyamaJo_MogiTensyu.jpg,吉田町,(Wikipedia代表画像),Wikimedia Commons,https://ja.wikipedia.org/wiki/%E5%90%89%E7%94%B0%E7%94%BA
C1097,https://upload.wikimedia.org/wikipedia/commons/thumb/9/92/Yume-no-Tsuribashi_%2840896906290%29.jpg/500px-Yume-no-Tsuribashi_%2840896906290%29.jpg,川根本町,(Wikipedia代表画像),Wikimedia Commons,https://ja.wikipedia.org/wiki/%E5%B7%9D%E6%A0%B9%E6%9C%AC%E7%94%BA
C1098,https://upload.wikimedia.org/wikipedia/commons/thumb/d/d0/Okuni-jinja_%28Mori%29%2C_haiden.jpg/500px-Okuni-jinja_%28Mori%29%2C_haiden.jpg,森町 (静岡県),(Wikipedia代表画像),Wikimedia Commons,https://ja.wikipedia.org/wiki/%E6%A3%AE%E7%94%BA%20(%E9%9D%99%E5%B2%A1%E7%9C%8C)
C1099,https://upload.wikimedia.org/wikipedia/commons/thumb/2/27/Toyohashi_City_Public_Hall_%282011.09.15%29_3.jpg/500px-Toyohashi_City_Public_Hall_%282011.09.15%29_3.jpg,豊橋市,(Wikipedia代表画像),Wikimedia Commons,https://ja.wikipedia.org/wiki/%E8%B1%8A%E6%A9%8B%E5%B8%82
C1100,https://upload.wikimedia.org/wikipedia/commons/thumb/7/74/Okazakijo-3-cropped.jpg/500px-Okazakijo-3-cropped.jpg,岡崎市,(Wikipedia代表画像),Wikimedia Commons,https://ja.wikipedia.org/wiki/%E5%B2%A1%E5%B4%8E%E5%B8%82
C1101,https://upload.wikimedia.org/wikipedia/commons/thumb/1/11/138tower_park_%28cropped%29.jpg/500px-138tower_park_%28cropped%29.jpg,一宮市,(Wikipedia代表画像),Wikimedia Commons,https://ja.wikipedia.org/wiki/%E4%B8%80%E5%AE%AE%E5%B8%82
C1102,https://upload.wikimedia.org/wikipedia/commons/thumb/a/aa/Kamagaki_no_Komichi_ac_%283%29.jpg/500px-Kamagaki_no_Komichi_ac_%283%29.jpg,瀬戸市,(Wikipedia代表画像),Wikimedia Commons,https://ja.wikipedia.org/wiki/%E7%80%AC%E6%88%B8%E5%B8%82
C1103,https://upload.wikimedia.org/wikipedia/commons/thumb/c/cf/Kamezaki-Shiohi-Matsuri-1.jpg/500px-Kamezaki-Shiohi-Matsuri-1.jpg,半田市,(Wikipedia代表画像),Wikimedia Commons,https://ja.wikipedia.org/wiki/%E5%8D%8A%E7%94%B0%E5%B8%82
C1104,https://upload.wikimedia.org/wikipedia/commons/thumb/3/36/Tofu_Memorial_Museum_%28cropped%29.jpg/500px-Tofu_Memorial_Museum_%28cropped%29.jpg,春日井市,(Wikipedia代表画像),Wikimedia Commons,https://ja.wikipedia.org/wiki/%E6%98%A5%E6%97%A5%E4%BA%95%E5%B8%82
C1105,https://upload.wikimedia.org/wikipedia/commons/thumb/6/6f/Toyokawainari_honden_%28cropped%29.jpg/500px-Toyokawainari_honden_%28cropped%29.jpg,豊川市,(Wikipedia代表画像),Wikimedia Commons,https://ja.wikipedia.org/wiki/%E8%B1%8A%E5%B7%9D%E5%B8%82
C1106,https://upload.wikimedia.org/wikipedia/commons/thumb/4/49/Tsushima-jinja_Shrine_Haiden_%282%29%2C_Shimmei-cho_Tsushima_City_2023.jpg/500px-Tsushima-jinja_Shrine_Haiden_%282%29%2C_Shimmei-cho_Tsushima_City_2023.jpg,津島市,(Wikipedia代表画像),Wikimedia Commons,https://ja.wikipedia.org/wiki/%E6%B4%A5%E5%B3%B6%E5%B8%82
C1107,https://upload.wikimedia.org/wikipedia/commons/thumb/f/fe/Hekinan_City_Akashi_Park.jpg/500px-Hekinan_City_Akashi_Park.jpg,碧南市,(Wikipedia代表画像),Wikimedia Commons,https://ja.wikipedia.org/wiki/%E7%A2%A7%E5%8D%97%E5%B8%82
C1108,https://upload.wikimedia.org/wikipedia/commons/thumb/c/c2/Mando-Matsuri-2023-10.jpg/500px-Mando-Matsuri-2023-10.jpg,刈谷市,(Wikipedia代表画像),Wikimedia Commons,https://ja.wikipedia.org/wiki/%E5%88%88%E8%B0%B7%E5%B8%82
C1109,https://upload.wikimedia.org/wikipedia/commons/thumb/1/11/Anjo-Tanabata-Matsuri-2023-2.jpg/500px-Anjo-Tanabata-Matsuri-2023-2.jpg,安城市,(Wikipedia代表画像),Wikimedia Commons,https://ja.wikipedia.org/wiki/%E5%AE%89%E5%9F%8E%E5%B8%82
C1110,https://upload.wikimedia.org/wikipedia/commons/thumb/f/f0/NIshio-Castle-4.jpg/500px-NIshio-Castle-4.jpg,西尾市,(Wikipedia代表画像),Wikimedia Commons,https://ja.wikipedia.org/wiki/%E8%A5%BF%E5%B0%BE%E5%B8%82
C1111,https://upload.wikimedia.org/wikipedia/commons/thumb/4/4e/Mandarafuji1.jpg/500px-Mandarafuji1.jpg,江南市,(Wikipedia代表画像),Wikimedia Commons,https://ja.wikipedia.org/wiki/%E6%B1%9F%E5%8D%97%E5%B8%82
C1112,https://upload.wikimedia.org/wikipedia/commons/thumb/3/38/Komakishirekishikan.jpg/500px-Komakishirekishikan.jpg,小牧市,(Wikipedia代表画像),Wikimedia Commons,https://ja.wikipedia.org/wiki/%E5%B0%8F%E7%89%A7%E5%B8%82
C1113,https://upload.wikimedia.org/wikipedia/commons/thumb/9/97/Konomiya-jinja_Hall_of_Worship_ac_%281%29.jpg/500px-Konomiya-jinja_Hall_of_Worship_ac_%281%29.jpg,稲沢市,(Wikipedia代表画像),Wikimedia Commons,https://ja.wikipedia.org/wiki/%E7%A8%B2%E6%B2%A2%E5%B8%82
C1114,https://upload.wikimedia.org/wikipedia/commons/thumb/e/ef/Sakurabuchi_park2.JPG/500px-Sakurabuchi_park2.JPG,新城市,(Wikipedia代表画像),Wikimedia Commons,https://ja.wikipedia.org/wiki/%E6%96%B0%E5%9F%8E%E5%B8%82
C1115,https://upload.wikimedia.org/wikipedia/commons/thumb/0/0c/View_from_Takinomizu_Park_04%2C_Shinonokaze_Midori_Ward_Nagoya_2019.jpg/500px-View_from_Takinomizu_Park_04%2C_Shinonokaze_Midori_Ward_Nagoya_2019.jpg,東海市,(Wikipedia代表画像),Wikimedia Commons,https://ja.wikipedia.org/wiki/%E6%9D%B1%E6%B5%B7%E5%B8%82
C1116,https://upload.wikimedia.org/wikipedia/commons/thumb/c/c6/Aichikenko1.JPG/500px-Aichikenko1.JPG,大府市,(Wikipedia代表画像),Wikimedia Commons,https://ja.wikipedia.org/wiki/%E5%A4%A7%E5%BA%9C%E5%B8%82
C1117,https://upload.wikimedia.org/wikipedia/commons/thumb/d/d7/%E6%96%B0%E8%88%9E%E5%AD%90%E3%83%9E%E3%83%AA%E3%83%B3%E3%83%91%E3%83%BC%E3%82%AF_%28%E6%84%9B%E7%9F%A5%E7%9C%8C%E7%9F%A5%E5%A4%9A%E5%B8%82%E7%B7%91%E6%B5%9C%E7%94%BA%29_-_panoramio_-_gundam2345.jpg/500px-%E6%96%B0%E8%88%9E%E5%AD%90%E3%83%9E%E3%83%AA%E3%83%B3%E3%83%91%E3%83%BC%E3%82%AF_%28%E6%84%9B%E7%9F%A5%E7%9C%8C%E7%9F%A5%E5%A4%9A%E5%B8%82%E7%B7%91%E6%B5%9C%E7%94%BA%29_-_panoramio_-_gundam2345.jpg,知多市,(Wikipedia代表画像),Wikimedia Commons,https://ja.wikipedia.org/wiki/%E7%9F%A5%E5%A4%9A%E5%B8%82
C1118,https://upload.wikimedia.org/wikipedia/commons/thumb/d/d7/Tiryuumatsuri7.JPG/500px-Tiryuumatsuri7.JPG,知立市,(Wikipedia代表画像),Wikimedia Commons,https://ja.wikipedia.org/wiki/%E7%9F%A5%E7%AB%8B%E5%B8%82
C1119,https://upload.wikimedia.org/wikipedia/commons/thumb/f/f5/Pavilion_in_Forest_park_of_Aichi_Prefecture.jpg/500px-Pavilion_in_Forest_park_of_Aichi_Prefecture.jpg,尾張旭市,(Wikipedia代表画像),Wikimedia Commons,https://ja.wikipedia.org/wiki/%E5%B0%BE%E5%BC%B5%E6%97%AD%E5%B8%82
C1120,https://upload.wikimedia.org/wikipedia/commons/thumb/0/0f/Kawara_Museum_of_Takahama_city%2C_a_Hometown_Ceramics_exterior_ac.jpg/500px-Kawara_Museum_of_Takahama_city%2C_a_Hometown_Ceramics_exterior_ac.jpg,高浜市,(Wikipedia代表画像),Wikimedia Commons,https://ja.wikipedia.org/wiki/%E9%AB%98%E6%B5%9C%E5%B8%82
C1121,https://upload.wikimedia.org/wikipedia/commons/thumb/6/67/Gojo-gawa_in_Iwakura_05.JPG/500px-Gojo-gawa_in_Iwakura_05.JPG,岩倉市,(Wikipedia代表画像),Wikimedia Commons,https://ja.wikipedia.org/wiki/%E5%B2%A9%E5%80%89%E5%B8%82
C1122,https://upload.wikimedia.org/wikipedia/commons/thumb/3/3b/Okehazamakosenjou1.JPG/500px-Okehazamakosenjou1.JPG,豊明市,(Wikipedia代表画像),Wikimedia Commons,https://ja.wikipedia.org/wiki/%E8%B1%8A%E6%98%8E%E5%B8%82
C1123,https://upload.wikimedia.org/wikipedia/commons/thumb/8/89/Iwasakijou3.JPG/500px-Iwasakijou3.JPG,日進市,(Wikipedia代表画像),Wikimedia Commons,https://ja.wikipedia.org/wiki/%E6%97%A5%E9%80%B2%E5%B8%82
C1124,https://upload.wikimedia.org/wikipedia/commons/thumb/b/b3/Tahara_montage.jpg/500px-Tahara_montage.jpg,田原市,(Wikipedia代表画像),Wikimedia Commons,https://ja.wikipedia.org/wiki/%E7%94%B0%E5%8E%9F%E5%B8%82
C1125,https://upload.wikimedia.org/wikipedia/commons/thumb/d/df/Morikawa_lotus_field.jpg/500px-Morikawa_lotus_field.jpg,愛西市,(Wikipedia代表画像),Wikimedia Commons,https://ja.wikipedia.org/wiki/%E6%84%9B%E8%A5%BF%E5%B8%82
C1126,https://upload.wikimedia.org/wikipedia/commons/thumb/c/ce/Kiyosu-jo%26ote-bashi.jpg/500px-Kiyosu-jo%26ote-bashi.jpg,清須市,(Wikipedia代表画像),Wikimedia Commons,https://ja.wikipedia.org/wiki/%E6%B8%85%E9%A0%88%E5%B8%82
C1127,https://upload.wikimedia.org/wikipedia/commons/thumb/b/be/Nagoya-University-of-Arts-2.jpg/500px-Nagoya-University-of-Arts-2.jpg,北名古屋市,(Wikipedia代表画像),Wikimedia Commons,https://ja.wikipedia.org/wiki/%E5%8C%97%E5%90%8D%E5%8F%A4%E5%B1%8B%E5%B8%82
C1128,https://upload.wikimedia.org/wikipedia/commons/thumb/3/3e/Yatomi_Goldfish_Ryukin_ac.jpg/500px-Yatomi_Goldfish_Ryukin_ac.jpg,弥富市,(Wikipedia代表画像),Wikimedia Commons,https://ja.wikipedia.org/wiki/%E5%BC%A5%E5%AF%8C%E5%B8%82
C1129,https://upload.wikimedia.org/wikipedia/commons/thumb/2/2c/Miyoshidaityochin_festival.jpg/500px-Miyoshidaityochin_festival.jpg,みよし市,(Wikipedia代表画像),Wikimedia Commons,https://ja.wikipedia.org/wiki/%E3%81%BF%E3%82%88%E3%81%97%E5%B8%82
C1130,https://upload.wikimedia.org/wikipedia/commons/thumb/8/84/Jimokuji.JPG/500px-Jimokuji.JPG,あま市,(Wikipedia代表画像),Wikimedia Commons,https://ja.wikipedia.org/wiki/%E3%81%82%E3%81%BE%E5%B8%82
C1131,https://upload.wikimedia.org/wikipedia/commons/thumb/f/fb/%E3%83%A2%E3%83%AA%E3%82%B3%E3%83%AD%E3%83%91%E3%83%BC%E3%82%AF1.JPG/500px-%E3%83%A2%E3%83%AA%E3%82%B3%E3%83%AD%E3%83%91%E3%83%BC%E3%82%AF1.JPG,長久手市,(Wikipedia代表画像),Wikimedia Commons,https://ja.wikipedia.org/wiki/%E9%95%B7%E4%B9%85%E6%89%8B%E5%B8%82
C1132,https://upload.wikimedia.org/wikipedia/commons/thumb/2/2a/Aichi-ike.jpg/500px-Aichi-ike.jpg,東郷町,(Wikipedia代表画像),Wikimedia Commons,https://ja.wikipedia.org/wiki/%E6%9D%B1%E9%83%B7%E7%94%BA
C1133,https://upload.wikimedia.org/wikipedia/commons/thumb/f/f5/Airport_Walk_NAGOYA_01.JPG/500px-Airport_Walk_NAGOYA_01.JPG,豊山町,(Wikipedia代表画像),Wikimedia Commons,https://ja.wikipedia.org/wiki/%E8%B1%8A%E5%B1%B1%E7%94%BA
C1134,https://upload.wikimedia.org/wikipedia/commons/thumb/d/dd/Oguchi-jo.jpg/500px-Oguchi-jo.jpg,大口町,(Wikipedia代表画像),Wikimedia Commons,https://ja.wikipedia.org/wiki/%E5%A4%A7%E5%8F%A3%E7%94%BA
C1135,https://upload.wikimedia.org/wikipedia/commons/thumb/8/8f/Kiso_River_Fuso_Green_Park.jpg/500px-Kiso_River_Fuso_Green_Park.jpg,扶桑町,(Wikipedia代表画像),Wikimedia Commons,https://ja.wikipedia.org/wiki/%E6%89%B6%E6%A1%91%E7%94%BA
C1136,https://upload.wikimedia.org/wikipedia/commons/thumb/b/b2/Oharu_Myogen-in_two_nio_statues_ac_%281%29.jpg/500px-Oharu_Myogen-in_two_nio_statues_ac_%281%29.jpg,大治町,(Wikipedia代表画像),Wikimedia Commons,https://ja.wikipedia.org/wiki/%E5%A4%A7%E6%B2%BB%E7%94%BA
C1137,https://upload.wikimedia.org/wikipedia/commons/thumb/4/43/Owari_Onsen_Hotsprings_ac.jpg/500px-Owari_Onsen_Hotsprings_ac.jpg,蟹江町,(Wikipedia代表画像),Wikimedia Commons,https://ja.wikipedia.org/wiki/%E8%9F%B9%E6%B1%9F%E7%94%BA
C1138,https://upload.wikimedia.org/wikipedia/commons/thumb/e/ea/Odakara-Rokkaku-Rengagura01.jpg/500px-Odakara-Rokkaku-Rengagura01.jpg,飛島村,(Wikipedia代表画像),Wikimedia Commons,https://ja.wikipedia.org/wiki/%E9%A3%9B%E5%B3%B6%E6%9D%91
C1139,https://upload.wikimedia.org/wikipedia/commons/thumb/9/9f/T%C5%8Dunin2.JPG/500px-T%C5%8Dunin2.JPG,阿久比町,(Wikipedia代表画像),Wikimedia Commons,https://ja.wikipedia.org/wiki/%E9%98%BF%E4%B9%85%E6%AF%94%E7%94%BA
C1140,https://upload.wikimedia.org/wikipedia/commons/thumb/f/fd/Odaimatsuri.JPG/500px-Odaimatsuri.JPG,東浦町,(Wikipedia代表画像),Wikimedia Commons,https://ja.wikipedia.org/wiki/%E6%9D%B1%E6%B5%A6%E7%94%BA
C1141,https://upload.wikimedia.org/wikipedia/commons/thumb/0/03/Himakajima8.JPG/500px-Himakajima8.JPG,南知多町,(Wikipedia代表画像),Wikimedia Commons,https://ja.wikipedia.org/wiki/%E5%8D%97%E7%9F%A5%E5%A4%9A%E7%94%BA
C1142,https://upload.wikimedia.org/wikipedia/commons/thumb/a/a4/Noma_lighthouse.jpg/500px-Noma_lighthouse.jpg,美浜町 (愛知県),(Wikipedia代表画像),Wikimedia Commons,https://ja.wikipedia.org/wiki/%E7%BE%8E%E6%B5%9C%E7%94%BA%20(%E6%84%9B%E7%9F%A5%E7%9C%8C)
C1143,https://upload.wikimedia.org/wikipedia/commons/thumb/6/65/Itchoda_Wetland2.jpg/500px-Itchoda_Wetland2.jpg,武豊町,(Wikipedia代表画像),Wikimedia Commons,https://ja.wikipedia.org/wiki/%E6%AD%A6%E8%B1%8A%E7%94%BA
C1144,https://upload.wikimedia.org/wikipedia/commons/thumb/f/f1/Honkoji1_%28cropped%29.jpg/500px-Honkoji1_%28cropped%29.jpg,幸田町,(Wikipedia代表画像),Wikimedia Commons,https://ja.wikipedia.org/wiki/%E5%B9%B8%E7%94%B0%E7%94%BA
C1145,https://upload.wikimedia.org/wikipedia/commons/thumb/6/62/Toyohashi_Railway_Moha_14_ac_%282%29.jpg/500px-Toyohashi_Railway_Moha_14_ac_%282%29.jpg,設楽町,(Wikipedia代表画像),Wikimedia Commons,https://ja.wikipedia.org/wiki/%E8%A8%AD%E6%A5%BD%E7%94%BA
C1146,https://upload.wikimedia.org/wikipedia/commons/thumb/a/a7/Toei-Onsen-1.jpg/500px-Toei-Onsen-1.jpg,東栄町,(Wikipedia代表画像),Wikimedia Commons,https://ja.wikipedia.org/wiki/%E6%9D%B1%E6%A0%84%E7%94%BA
C1147,https://upload.wikimedia.org/wikipedia/commons/thumb/a/ab/Mt.Tyausu_Moss_phlox.jpg/500px-Mt.Tyausu_Moss_phlox.jpg,豊根村,(Wikipedia代表画像),Wikimedia Commons,https://ja.wikipedia.org/wiki/%E8%B1%8A%E6%A0%B9%E6%9D%91
C1148,https://upload.wikimedia.org/wikipedia/commons/thumb/9/9c/Yokkaichi_Montage.jpg/500px-Yokkaichi_Montage.jpg,四日市市,(Wikipedia代表画像),Wikimedia Commons,https://ja.wikipedia.org/wiki/%E5%9B%9B%E6%97%A5%E5%B8%82%E5%B8%82
C1149,https://upload.wikimedia.org/wikipedia/commons/thumb/6/6b/%E5%85%AD%E8%8F%AF%E5%AE%9B%E5%BA%AD%E5%9C%92%E3%81%AE%E6%B1%A0%E3%81%AB%E5%86%99%E3%82%8B%E9%82%B8%E5%AE%85.jpg/500px-%E5%85%AD%E8%8F%AF%E5%AE%9B%E5%BA%AD%E5%9C%92%E3%81%AE%E6%B1%A0%E3%81%AB%E5%86%99%E3%82%8B%E9%82%B8%E5%AE%85.jpg,桑名市,(Wikipedia代表画像),Wikimedia Commons,https://ja.wikipedia.org/wiki/%E6%A1%91%E5%90%8D%E5%B8%82
C1150,https://upload.wikimedia.org/wikipedia/commons/thumb/c/c5/SUZUKA_CIRCUIT_on_26th_November_2022.jpg/500px-SUZUKA_CIRCUIT_on_26th_November_2022.jpg,鈴鹿市,(Wikipedia代表画像),Wikimedia Commons,https://ja.wikipedia.org/wiki/%E9%88%B4%E9%B9%BF%E5%B8%82
C1151,https://upload.wikimedia.org/wikipedia/commons/thumb/4/46/Akame48Taki_NinaiTaki.jpg/500px-Akame48Taki_NinaiTaki.jpg,名張市,(Wikipedia代表画像),Wikimedia Commons,https://ja.wikipedia.org/wiki/%E5%90%8D%E5%BC%B5%E5%B8%82
C1152,https://upload.wikimedia.org/wikipedia/commons/thumb/c/cc/Owase%2C_Mie.JPG/500px-Owase%2C_Mie.JPG,尾鷲市,(Wikipedia代表画像),Wikimedia Commons,https://ja.wikipedia.org/wiki/%E5%B0%BE%E9%B7%B2%E5%B8%82
C1153,https://upload.wikimedia.org/wikipedia/commons/thumb/b/b0/%E4%BA%80%E5%B1%B1%E5%9F%8E%E5%A4%9A%E8%81%9E%E6%AB%93.JPG/500px-%E4%BA%80%E5%B1%B1%E5%9F%8E%E5%A4%9A%E8%81%9E%E6%AB%93.JPG,亀山市,(Wikipedia代表画像),Wikimedia Commons,https://ja.wikipedia.org/wiki/%E4%BA%80%E5%B1%B1%E5%B8%82
C1154,https://upload.wikimedia.org/wikipedia/commons/thumb/a/a7/Shishiiwa_Onigajo_Shichirimihama.jpg/500px-Shishiiwa_Onigajo_Shichirimihama.jpg,熊野市,(Wikipedia代表画像),Wikimedia Commons,https://ja.wikipedia.org/wiki/%E7%86%8A%E9%87%8E%E5%B8%82
C1155,https://upload.wikimedia.org/wikipedia/commons/thumb/d/df/Mount_Ryu_and_Mount_Fujiwara_with_Sunflower_field.jpg/500px-Mount_Ryu_and_Mount_Fujiwara_with_Sunflower_field.jpg,いなべ市,(Wikipedia代表画像),Wikimedia Commons,https://ja.wikipedia.org/wiki/%E3%81%84%E3%81%AA%E3%81%B9%E5%B8%82
C1156,https://upload.wikimedia.org/wikipedia/commons/thumb/a/a0/Igauenozyo.jpg/500px-Igauenozyo.jpg,伊賀市,(Wikipedia代表画像),Wikimedia Commons,https://ja.wikipedia.org/wiki/%E4%BC%8A%E8%B3%80%E5%B8%82
C1157,https://upload.wikimedia.org/wikipedia/commons/thumb/1/11/%E6%BA%80%E9%96%8B%E3%81%AE%E6%A1%9C%E3%81%AE%E3%83%88%E3%83%B3%E3%83%8D%E3%83%AB%E7%8A%B6%E3%81%AE%E6%99%AF%E8%A6%B3.jpg/500px-%E6%BA%80%E9%96%8B%E3%81%AE%E6%A1%9C%E3%81%AE%E3%83%88%E3%83%B3%E3%83%8D%E3%83%AB%E7%8A%B6%E3%81%AE%E6%99%AF%E8%A6%B3.jpg,木曽岬町,(Wikipedia代表画像),Wikimedia Commons,https://ja.wikipedia.org/wiki/%E6%9C%A8%E6%9B%BD%E5%B2%AC%E7%94%BA
C1158,https://upload.wikimedia.org/wikipedia/commons/thumb/c/c3/Toin_Town_Library_calil.jpg/500px-Toin_Town_Library_calil.jpg,東員町,(Wikipedia代表画像),Wikimedia Commons,https://ja.wikipedia.org/wiki/%E6%9D%B1%E5%93%A1%E7%94%BA
C1159,https://upload.wikimedia.org/wikipedia/commons/thumb/4/4f/Gozaisho_Ropeway_and_Komono_Mie.jpg/500px-Gozaisho_Ropeway_and_Komono_Mie.jpg,菰野町,(Wikipedia代表画像),Wikimedia Commons,https://ja.wikipedia.org/wiki/%E8%8F%B0%E9%87%8E%E7%94%BA
C1160,https://upload.wikimedia.org/wikipedia/commons/thumb/7/7a/%E6%9C%9D%E6%97%A5%E7%94%BA%E6%AD%B4%E5%8F%B2%E5%8D%9A%E7%89%A9%E9%A4%A8.jpg/500px-%E6%9C%9D%E6%97%A5%E7%94%BA%E6%AD%B4%E5%8F%B2%E5%8D%9A%E7%89%A9%E9%A4%A8.jpg,朝日町 (三重県),(Wikipedia代表画像),Wikimedia Commons,https://ja.wikipedia.org/wiki/%E6%9C%9D%E6%97%A5%E7%94%BA%20(%E4%B8%89%E9%87%8D%E7%9C%8C)
C1161,https://upload.wikimedia.org/wikipedia/commons/thumb/a/ae/Kawagoe_Thermal_power_plant-03.jpg/500px-Kawagoe_Thermal_power_plant-03.jpg,川越町,(Wikipedia代表画像),Wikimedia Commons,https://ja.wikipedia.org/wiki/%E5%B7%9D%E8%B6%8A%E7%94%BA
C1162,https://upload.wikimedia.org/wikipedia/commons/thumb/5/55/Mago_no_Mise.jpg/500px-Mago_no_Mise.jpg,多気町,(Wikipedia代表画像),Wikimedia Commons,https://ja.wikipedia.org/wiki/%E5%A4%9A%E6%B0%97%E7%94%BA
C1163,https://upload.wikimedia.org/wikipedia/commons/thumb/b/ba/Saiku_Heian_no_Mori_1.jpg/500px-Saiku_Heian_no_Mori_1.jpg,明和町 (三重県),(Wikipedia代表画像),Wikimedia Commons,https://ja.wikipedia.org/wiki/%E6%98%8E%E5%92%8C%E7%94%BA%20(%E4%B8%89%E9%87%8D%E7%9C%8C)
C1164,https://upload.wikimedia.org/wikipedia/commons/thumb/0/0c/%E5%A0%82%E5%80%89%E6%BB%9D.jpg/500px-%E5%A0%82%E5%80%89%E6%BB%9D.jpg,大台町,(Wikipedia代表画像),Wikimedia Commons,https://ja.wikipedia.org/wiki/%E5%A4%A7%E5%8F%B0%E7%94%BA
C1165,https://upload.wikimedia.org/wikipedia/commons/thumb/9/91/Tamaru_Castle_Site_in_Spring_2013.jpg/500px-Tamaru_Castle_Site_in_Spring_2013.jpg,玉城町,(Wikipedia代表画像),Wikimedia Commons,https://ja.wikipedia.org/wiki/%E7%8E%89%E5%9F%8E%E7%94%BA
C1166,https://upload.wikimedia.org/wikipedia/commons/thumb/7/74/Kugutsuhime-jinja.jpg/500px-Kugutsuhime-jinja.jpg,度会町,(Wikipedia代表画像),Wikimedia Commons,https://ja.wikipedia.org/wiki/%E5%BA%A6%E4%BC%9A%E7%94%BA
C1167,https://upload.wikimedia.org/wikipedia/commons/thumb/5/58/Takihara-no-miya_01.JPG/500px-Takihara-no-miya_01.JPG,大紀町,(Wikipedia代表画像),Wikimedia Commons,https://ja.wikipedia.org/wiki/%E5%A4%A7%E7%B4%80%E7%94%BA
C1168,https://upload.wikimedia.org/wikipedia/commons/thumb/8/81/Views_from_Tachibana_Tembodai_1.jpg/500px-Views_from_Tachibana_Tembodai_1.jpg,南伊勢町,(Wikipedia代表画像),Wikimedia Commons,https://ja.wikipedia.org/wiki/%E5%8D%97%E4%BC%8A%E5%8B%A2%E7%94%BA
C1169,https://upload.wikimedia.org/wikipedia/commons/thumb/c/c0/Uotobikei03.jpg/500px-Uotobikei03.jpg,紀北町,(Wikipedia代表画像),Wikimedia Commons,https://ja.wikipedia.org/wiki/%E7%B4%80%E5%8C%97%E7%94%BA
C1170,https://upload.wikimedia.org/wikipedia/commons/thumb/6/69/Shichirimihama.jpg/500px-Shichirimihama.jpg,御浜町,(Wikipedia代表画像),Wikimedia Commons,https://ja.wikipedia.org/wiki/%E5%BE%A1%E6%B5%9C%E7%94%BA
C1171,https://upload.wikimedia.org/wikipedia/commons/thumb/0/07/Kiho-cho_Umigame-Koen.JPG/500px-Kiho-cho_Umigame-Koen.JPG,紀宝町,(Wikipedia代表画像),Wikimedia Commons,https://ja.wikipedia.org/wiki/%E7%B4%80%E5%AE%9D%E7%94%BA
C1172,https://upload.wikimedia.org/wikipedia/commons/thumb/9/94/Kusatsujuku_Kusatsu_Shiga_Pref01n4592.jpg/500px-Kusatsujuku_Kusatsu_Shiga_Pref01n4592.jpg,草津市,(Wikipedia代表画像),Wikimedia Commons,https://ja.wikipedia.org/wiki/%E8%8D%89%E6%B4%A5%E5%B8%82
C1173,https://upload.wikimedia.org/wikipedia/commons/thumb/1/11/Moriyama-juku01s3200.jpg/500px-Moriyama-juku01s3200.jpg,守山市,(Wikipedia代表画像),Wikimedia Commons,https://ja.wikipedia.org/wiki/%E5%AE%88%E5%B1%B1%E5%B8%82
C1174,https://upload.wikimedia.org/wikipedia/commons/thumb/9/95/%E6%A0%97%E6%9D%B1%E3%83%88%E3%83%AC%E3%83%BC%E3%83%8B%E3%83%B3%E3%82%B0%E3%82%BB%E3%83%B3%E3%82%BF%E3%83%BC%E5%89%8D.jpg/500px-%E6%A0%97%E6%9D%B1%E3%83%88%E3%83%AC%E3%83%BC%E3%83%8B%E3%83%B3%E3%82%B0%E3%82%BB%E3%83%B3%E3%82%BF%E3%83%BC%E5%89%8D.jpg,栗東市,(Wikipedia代表画像),Wikimedia Commons,https://ja.wikipedia.org/wiki/%E6%A0%97%E6%9D%B1%E5%B8%82
C1175,https://upload.wikimedia.org/wikipedia/commons/thumb/e/ef/Koga-no-sato_Ninja_village_%2C_%E7%94%B2%E8%B3%80%E3%81%AE%E9%87%8C_%E5%BF%8D%E8%A1%93%E6%9D%91_-_panoramio_%288%29.jpg/500px-Koga-no-sato_Ninja_village_%2C_%E7%94%B2%E8%B3%80%E3%81%AE%E9%87%8C_%E5%BF%8D%E8%A1%93%E6%9D%91_-_panoramio_%288%29.jpg,甲賀市,(Wikipedia代表画像),Wikimedia Commons,https://ja.wikipedia.org/wiki/%E7%94%B2%E8%B3%80%E5%B8%82
C1176,https://upload.wikimedia.org/wikipedia/commons/thumb/f/fa/Mikamiyama.jpg/500px-Mikamiyama.jpg,野洲市,(Wikipedia代表画像),Wikimedia Commons,https://ja.wikipedia.org/wiki/%E9%87%8E%E6%B4%B2%E5%B8%82
C1177,https://upload.wikimedia.org/wikipedia/commons/thumb/8/81/Shiga_Zensuiji.jpg/500px-Shiga_Zensuiji.jpg,湖南市,(Wikipedia代表画像),Wikimedia Commons,https://ja.wikipedia.org/wiki/%E6%B9%96%E5%8D%97%E5%B8%82
C1178,https://upload.wikimedia.org/wikipedia/commons/thumb/9/92/Kaizu-Osaki1621.JPG/500px-Kaizu-Osaki1621.JPG,高島市,(Wikipedia代表画像),Wikimedia Commons,https://ja.wikipedia.org/wiki/%E9%AB%98%E5%B3%B6%E5%B8%82
C1179,https://upload.wikimedia.org/wikipedia/commons/thumb/c/cb/%E5%85%AB%E6%97%A5%E5%B8%82%E5%A4%A7%E5%87%A7%E3%81%BE%E3%81%A4%E3%82%8A.jpg/500px-%E5%85%AB%E6%97%A5%E5%B8%82%E5%A4%A7%E5%87%A7%E3%81%BE%E3%81%A4%E3%82%8A.jpg,東近江市,(Wikipedia代表画像),Wikimedia Commons,https://ja.wikipedia.org/wiki/%E6%9D%B1%E8%BF%91%E6%B1%9F%E5%B8%82
C1180,https://upload.wikimedia.org/wikipedia/commons/thumb/7/7a/Samegai02s3872.jpg/500px-Samegai02s3872.jpg,米原市,(Wikipedia代表画像),Wikimedia Commons,https://ja.wikipedia.org/wiki/%E7%B1%B3%E5%8E%9F%E5%B8%82
C1181,https://upload.wikimedia.org/wikipedia/commons/thumb/5/57/Blumen_Hugel%2C_Nishioji%2C_Hino-cho%2C_Shiga-ken%2C_%E3%83%96%E3%83%AB%E3%83%BC%E3%83%A1%E3%81%AE%E4%B8%98_-_panoramio_%282%29.jpg/500px-Blumen_Hugel%2C_Nishioji%2C_Hino-cho%2C_Shiga-ken%2C_%E3%83%96%E3%83%AB%E3%83%BC%E3%83%A1%E3%81%AE%E4%B8%98_-_panoramio_%282%29.jpg,日野町 (滋賀県),(Wikipedia代表画像),Wikimedia Commons,https://ja.wikipedia.org/wiki/%E6%97%A5%E9%87%8E%E7%94%BA%20(%E6%BB%8B%E8%B3%80%E7%9C%8C)
C1182,https://upload.wikimedia.org/wikipedia/commons/thumb/5/5c/Shiga_Namura1.jpg/500px-Shiga_Namura1.jpg,竜王町,(Wikipedia代表画像),Wikimedia Commons,https://ja.wikipedia.org/wiki/%E7%AB%9C%E7%8E%8B%E7%94%BA
C1183,https://upload.wikimedia.org/wikipedia/commons/thumb/f/f1/Kongourinji_hondou_01.jpg/500px-Kongourinji_hondou_01.jpg,愛荘町,(Wikipedia代表画像),Wikimedia Commons,https://ja.wikipedia.org/wiki/%E6%84%9B%E8%8D%98%E7%94%BA
C1184,https://upload.wikimedia.org/wikipedia/commons/thumb/4/43/Toyosato_Elementary_School_old_building._May%2C_2015.A.JPG/500px-Toyosato_Elementary_School_old_building._May%2C_2015.A.JPG,豊郷町,(Wikipedia代表画像),Wikimedia Commons,https://ja.wikipedia.org/wiki/%E8%B1%8A%E9%83%B7%E7%94%BA
C1185,https://upload.wikimedia.org/wikipedia/commons/thumb/0/00/Saimyoji_Kora_Shiga_pref11bs4592.jpg/500px-Saimyoji_Kora_Shiga_pref11bs4592.jpg,甲良町,(Wikipedia代表画像),Wikimedia Commons,https://ja.wikipedia.org/wiki/%E7%94%B2%E8%89%AF%E7%94%BA
C1186,https://upload.wikimedia.org/wikipedia/commons/thumb/f/ff/Taga-taisha_Haiden-b.jpg/500px-Taga-taisha_Haiden-b.jpg,多賀町,(Wikipedia代表画像),Wikimedia Commons,https://ja.wikipedia.org/wiki/%E5%A4%9A%E8%B3%80%E7%94%BA
C1187,https://upload.wikimedia.org/wikipedia/commons/thumb/2/2b/Fukuchiyama_Castle%2C_tenshu.jpg/500px-Fukuchiyama_Castle%2C_tenshu.jpg,福知山市,(Wikipedia代表画像),Wikimedia Commons,https://ja.wikipedia.org/wiki/%E7%A6%8F%E7%9F%A5%E5%B1%B1%E5%B8%82
C1188,https://upload.wikimedia.org/wikipedia/commons/thumb/6/65/Gunze01s3200.jpg/500px-Gunze01s3200.jpg,綾部市,(Wikipedia代表画像),Wikimedia Commons,https://ja.wikipedia.org/wiki/%E7%B6%BE%E9%83%A8%E5%B8%82
C1189,https://upload.wikimedia.org/wikipedia/commons/thumb/b/bc/Hozukyo_Station_seen_from_Sagano_Scenic_Railway_train_2016-08-26.jpg/500px-Hozukyo_Station_seen_from_Sagano_Scenic_Railway_train_2016-08-26.jpg,亀岡市,(Wikipedia代表画像),Wikimedia Commons,https://ja.wikipedia.org/wiki/%E4%BA%80%E5%B2%A1%E5%B8%82
C1190,https://upload.wikimedia.org/wikipedia/commons/thumb/f/f0/Shoudoukanga-iseki_006.jpg/500px-Shoudoukanga-iseki_006.jpg,城陽市,(Wikipedia代表画像),Wikimedia Commons,https://ja.wikipedia.org/wiki/%E5%9F%8E%E9%99%BD%E5%B8%82
C1191,https://upload.wikimedia.org/wikipedia/commons/thumb/6/60/Muko-jinja%2C_shaden.jpg/500px-Muko-jinja%2C_shaden.jpg,向日市,(Wikipedia代表画像),Wikimedia Commons,https://ja.wikipedia.org/wiki/%E5%90%91%E6%97%A5%E5%B8%82
C1192,https://upload.wikimedia.org/wikipedia/commons/thumb/d/db/NagaokaTenmangu.jpg/500px-NagaokaTenmangu.jpg,長岡京市,(Wikipedia代表画像),Wikimedia Commons,https://ja.wikipedia.org/wiki/%E9%95%B7%E5%B2%A1%E4%BA%AC%E5%B8%82
C1193,https://upload.wikimedia.org/wikipedia/commons/thumb/f/f1/Iwashimizu_hachimangu02s3200.jpg/500px-Iwashimizu_hachimangu02s3200.jpg,八幡市,(Wikipedia代表画像),Wikimedia Commons,https://ja.wikipedia.org/wiki/%E5%85%AB%E5%B9%A1%E5%B8%82
C1194,https://upload.wikimedia.org/wikipedia/commons/thumb/0/08/Ikkyuji_Hondo3_DSCN1336_20101117.JPG/500px-Ikkyuji_Hondo3_DSCN1336_20101117.JPG,京田辺市,(Wikipedia代表画像),Wikimedia Commons,https://ja.wikipedia.org/wiki/%E4%BA%AC%E7%94%B0%E8%BE%BA%E5%B8%82
C1195,https://upload.wikimedia.org/wikipedia/commons/thumb/f/f2/%E4%B8%B9%E5%BE%8C%E6%9D%BE%E5%B3%B6.jpg/500px-%E4%B8%B9%E5%BE%8C%E6%9D%BE%E5%B3%B6.jpg,京丹後市,(Wikipedia代表画像),Wikimedia Commons,https://ja.wikipedia.org/wiki/%E4%BA%AC%E4%B8%B9%E5%BE%8C%E5%B8%82
C1196,https://upload.wikimedia.org/wikipedia/commons/thumb/f/fd/Kayabukinosato01.JPG/500px-Kayabukinosato01.JPG,南丹市,(Wikipedia代表画像),Wikimedia Commons,https://ja.wikipedia.org/wiki/%E5%8D%97%E4%B8%B9%E5%B8%82
C1197,https://upload.wikimedia.org/wikipedia/commons/thumb/1/1b/Kaijusenji03s1920.jpg/500px-Kaijusenji03s1920.jpg,木津川市,(Wikipedia代表画像),Wikimedia Commons,https://ja.wikipedia.org/wiki/%E6%9C%A8%E6%B4%A5%E5%B7%9D%E5%B8%82
C1198,https://upload.wikimedia.org/wikipedia/commons/thumb/9/9d/Yamazaki04.jpg/500px-Yamazaki04.jpg,大山崎町,(Wikipedia代表画像),Wikimedia Commons,https://ja.wikipedia.org/wiki/%E5%A4%A7%E5%B1%B1%E5%B4%8E%E7%94%BA
C1199,https://upload.wikimedia.org/wikipedia/commons/thumb/6/6f/Nagarebashi-02.jpg/500px-Nagarebashi-02.jpg,久御山町,(Wikipedia代表画像),Wikimedia Commons,https://ja.wikipedia.org/wiki/%E4%B9%85%E5%BE%A1%E5%B1%B1%E7%94%BA
C1200,https://upload.wikimedia.org/wikipedia/commons/thumb/1/19/Taish%C5%8Dike_Kyoto_JPN_003.jpg/500px-Taish%C5%8Dike_Kyoto_JPN_003.jpg,井手町,(Wikipedia代表画像),Wikimedia Commons,https://ja.wikipedia.org/wiki/%E4%BA%95%E6%89%8B%E7%94%BA
C1201,https://upload.wikimedia.org/wikipedia/commons/thumb/f/f3/Shojuin_main_hall_in_Okuyamada%2C_Ujitawara%2C_Kyoto_August_11%2C_2018.jpg/500px-Shojuin_main_hall_in_Okuyamada%2C_Ujitawara%2C_Kyoto_August_11%2C_2018.jpg,宇治田原町,(Wikipedia代表画像),Wikimedia Commons,https://ja.wikipedia.org/wiki/%E5%AE%87%E6%B2%BB%E7%94%B0%E5%8E%9F%E7%94%BA
C1202,https://upload.wikimedia.org/wikipedia/commons/thumb/7/7c/Shogatsudo.JPG/500px-Shogatsudo.JPG,笠置町,(Wikipedia代表画像),Wikimedia Commons,https://ja.wikipedia.org/wiki/%E7%AC%A0%E7%BD%AE%E7%94%BA
C1203,https://upload.wikimedia.org/wikipedia/commons/thumb/9/92/Wazuka%2CKyotoIMG_1428.jpg/500px-Wazuka%2CKyotoIMG_1428.jpg,和束町,(Wikipedia代表画像),Wikimedia Commons,https://ja.wikipedia.org/wiki/%E5%92%8C%E6%9D%9F%E7%94%BA
C1204,https://upload.wikimedia.org/wikipedia/commons/thumb/c/c2/Keihanna_Plaza.jpg/500px-Keihanna_Plaza.jpg,精華町,(Wikipedia代表画像),Wikimedia Commons,https://ja.wikipedia.org/wiki/%E7%B2%BE%E8%8F%AF%E7%94%BA
C1205,https://upload.wikimedia.org/wikipedia/commons/thumb/6/6e/Tea_Minami-yamashiro%2C_Kyoto_01.jpg/500px-Tea_Minami-yamashiro%2C_Kyoto_01.jpg,南山城村,(Wikipedia代表画像),Wikimedia Commons,https://ja.wikipedia.org/wiki/%E5%8D%97%E5%B1%B1%E5%9F%8E%E6%9D%91
C1206,https://upload.wikimedia.org/wikipedia/commons/thumb/c/c5/Kotataki_Fall%2C_Kyotanba.jpg/500px-Kotataki_Fall%2C_Kyotanba.jpg,京丹波町,(Wikipedia代表画像),Wikimedia Commons,https://ja.wikipedia.org/wiki/%E4%BA%AC%E4%B8%B9%E6%B3%A2%E7%94%BA
C1207,https://upload.wikimedia.org/wikipedia/commons/thumb/b/bc/Funaya_in_Ine_Town%2C_Yosa_District%2C_Kyoto_Prefecture_003.jpg/500px-Funaya_in_Ine_Town%2C_Yosa_District%2C_Kyoto_Prefecture_003.jpg,伊根町,(Wikipedia代表画像),Wikimedia Commons,https://ja.wikipedia.org/wiki/%E4%BC%8A%E6%A0%B9%E7%94%BA
C1208,https://upload.wikimedia.org/wikipedia/commons/thumb/8/8a/Yosano-cho_Kaya%2C_Kyoto%2C_historic_industrial_town.JPG/500px-Yosano-cho_Kaya%2C_Kyoto%2C_historic_industrial_town.JPG,与謝野町,(Wikipedia代表画像),Wikimedia Commons,https://ja.wikipedia.org/wiki/%E4%B8%8E%E8%AC%9D%E9%87%8E%E7%94%BA
C1209,https://upload.wikimedia.org/wikipedia/commons/thumb/1/10/Kishiwada-Danjiri-Matsuri_Osaka_Japan.jpg/500px-Kishiwada-Danjiri-Matsuri_Osaka_Japan.jpg,岸和田市,(Wikipedia代表画像),Wikimedia Commons,https://ja.wikipedia.org/wiki/%E5%B2%B8%E5%92%8C%E7%94%B0%E5%B8%82
C1210,https://upload.wikimedia.org/wikipedia/commons/thumb/4/4b/151128_Hattori_Ryokuchi_Park_Osaka_pref_Japan02s3.jpg/500px-151128_Hattori_Ryokuchi_Park_Osaka_pref_Japan02s3.jpg,豊中市,(Wikipedia代表画像),Wikimedia Commons,https://ja.wikipedia.org/wiki/%E8%B1%8A%E4%B8%AD%E5%B8%82
C1211,https://upload.wikimedia.org/wikipedia/commons/thumb/1/10/240810_Cupnoodles_Museum_Osaka_Ikeda_Ikeda_Osaka_pref_Japan01s3.jpg/500px-240810_Cupnoodles_Museum_Osaka_Ikeda_Ikeda_Osaka_pref_Japan01s3.jpg,池田市,(Wikipedia代表画像),Wikimedia Commons,https://ja.wikipedia.org/wiki/%E6%B1%A0%E7%94%B0%E5%B8%82
C1212,https://upload.wikimedia.org/wikipedia/commons/thumb/1/12/Suita_City_hall.JPG/500px-Suita_City_hall.JPG,吹田市,(Wikipedia代表画像),Wikimedia Commons,https://ja.wikipedia.org/wiki/%E5%90%B9%E7%94%B0%E5%B8%82
C1213,https://upload.wikimedia.org/wikipedia/commons/thumb/1/18/Izumiotsu-Sta004.JPG/500px-Izumiotsu-Sta004.JPG,泉大津市,(Wikipedia代表画像),Wikimedia Commons,https://ja.wikipedia.org/wiki/%E6%B3%89%E5%A4%A7%E6%B4%A5%E5%B8%82
C1214,https://upload.wikimedia.org/wikipedia/commons/thumb/5/56/130928_Settsu-kyo_Gorge_Takatsuki_Osaka_pref_Japan03s3.jpg/500px-130928_Settsu-kyo_Gorge_Takatsuki_Osaka_pref_Japan03s3.jpg,高槻市,(Wikipedia代表画像),Wikimedia Commons,https://ja.wikipedia.org/wiki/%E9%AB%98%E6%A7%BB%E5%B8%82
C1215,https://upload.wikimedia.org/wikipedia/commons/thumb/7/74/Mizumadera_Sanzyunotou.jpg/500px-Mizumadera_Sanzyunotou.jpg,貝塚市,(Wikipedia代表画像),Wikimedia Commons,https://ja.wikipedia.org/wiki/%E8%B2%9D%E5%A1%9A%E5%B8%82
C1216,https://upload.wikimedia.org/wikipedia/commons/thumb/b/b7/KeihanDept-Moriguchi%26KH-Moriguchishi.jpg/500px-KeihanDept-Moriguchi%26KH-Moriguchishi.jpg,守口市,(Wikipedia代表画像),Wikimedia Commons,https://ja.wikipedia.org/wiki/%E5%AE%88%E5%8F%A3%E5%B8%82
C1217,https://upload.wikimedia.org/wikipedia/commons/thumb/4/4b/Ibaraki_Kasugaoka_Church_light_cross.jpg/500px-Ibaraki_Kasugaoka_Church_light_cross.jpg,茨木市,(Wikipedia代表画像),Wikimedia Commons,https://ja.wikipedia.org/wiki/%E8%8C%A8%E6%9C%A8%E5%B8%82
C1218,https://upload.wikimedia.org/wikipedia/commons/thumb/0/0e/%E7%8E%89%E4%B8%B2%E5%B7%9D2007%E5%B9%B4%E6%98%A504.JPG/500px-%E7%8E%89%E4%B8%B2%E5%B7%9D2007%E5%B9%B4%E6%98%A504.JPG,八尾市,(Wikipedia代表画像),Wikimedia Commons,https://ja.wikipedia.org/wiki/%E5%85%AB%E5%B0%BE%E5%B8%82
C1219,https://upload.wikimedia.org/wikipedia/commons/thumb/c/c8/%E5%AF%8C%E7%94%B0%E6%9E%97_%E5%AF%BA%E5%86%85%E7%94%BA_2022.jpg/500px-%E5%AF%8C%E7%94%B0%E6%9E%97_%E5%AF%BA%E5%86%85%E7%94%BA_2022.jpg,富田林市,(Wikipedia代表画像),Wikimedia Commons,https://ja.wikipedia.org/wiki/%E5%AF%8C%E7%94%B0%E6%9E%97%E5%B8%82
C1220,https://upload.wikimedia.org/wikipedia/commons/thumb/f/f1/Naritasanhudoson.jpg/500px-Naritasanhudoson.jpg,寝屋川市,(Wikipedia代表画像),Wikimedia Commons,https://ja.wikipedia.org/wiki/%E5%AF%9D%E5%B1%8B%E5%B7%9D%E5%B8%82
C1221,https://upload.wikimedia.org/wikipedia/commons/thumb/5/57/MtIwawaki.JPG/500px-MtIwawaki.JPG,河内長野市,(Wikipedia代表画像),Wikimedia Commons,https://ja.wikipedia.org/wiki/%E6%B2%B3%E5%86%85%E9%95%B7%E9%87%8E%E5%B8%82
C1222,https://upload.wikimedia.org/wikipedia/commons/thumb/c/ce/Shibagaki-jinja2.jpg/500px-Shibagaki-jinja2.jpg,松原市,(Wikipedia代表画像),Wikimedia Commons,https://ja.wikipedia.org/wiki/%E6%9D%BE%E5%8E%9F%E5%B8%82
C1223,https://upload.wikimedia.org/wikipedia/commons/thumb/a/a7/Nozaki-kannon.jpg/500px-Nozaki-kannon.jpg,大東市,(Wikipedia代表画像),Wikimedia Commons,https://ja.wikipedia.org/wiki/%E5%A4%A7%E6%9D%B1%E5%B8%82
C1224,https://upload.wikimedia.org/wikipedia/commons/thumb/e/e8/Ikegami-sone_ruins01s3200.jpg/500px-Ikegami-sone_ruins01s3200.jpg,和泉市,(Wikipedia代表画像),Wikimedia Commons,https://ja.wikipedia.org/wiki/%E5%92%8C%E6%B3%89%E5%B8%82
C1225,https://upload.wikimedia.org/wikipedia/commons/thumb/b/bc/Minoh_no_Taki_2009-4-27.jpg/500px-Minoh_no_Taki_2009-4-27.jpg,箕面市,(Wikipedia代表画像),Wikimedia Commons,https://ja.wikipedia.org/wiki/%E7%AE%95%E9%9D%A2%E5%B8%82
C1226,https://upload.wikimedia.org/wikipedia/commons/thumb/9/91/Tamateyama_koen4.jpg/500px-Tamateyama_koen4.jpg,柏原市,(Wikipedia代表画像),Wikimedia Commons,https://ja.wikipedia.org/wiki/%E6%9F%8F%E5%8E%9F%E5%B8%82
C1227,https://upload.wikimedia.org/wikipedia/commons/thumb/a/ae/Konda_Gobyoyama_Kofun%2C_haisho-2.jpg/500px-Konda_Gobyoyama_Kofun%2C_haisho-2.jpg,羽曳野市,(Wikipedia代表画像),Wikimedia Commons,https://ja.wikipedia.org/wiki/%E7%BE%BD%E6%9B%B3%E9%87%8E%E5%B8%82
C1228,https://upload.wikimedia.org/wikipedia/commons/thumb/0/05/PanasonicHeadquarters.JPG/500px-PanasonicHeadquarters.JPG,門真市,(Wikipedia代表画像),Wikimedia Commons,https://ja.wikipedia.org/wiki/%E9%96%80%E7%9C%9F%E5%B8%82
C1229,https://upload.wikimedia.org/wikipedia/commons/thumb/7/78/%E6%96%B0%E5%B9%B9%E7%B7%9A%E5%85%AC%E5%9C%92.JPG/500px-%E6%96%B0%E5%B9%B9%E7%B7%9A%E5%85%AC%E5%9C%92.JPG,摂津市,(Wikipedia代表画像),Wikimedia Commons,https://ja.wikipedia.org/wiki/%E6%91%82%E6%B4%A5%E5%B8%82
C1230,https://upload.wikimedia.org/wikipedia/commons/thumb/2/24/D51_469_at_hamadera_transportation_Park.jpg/500px-D51_469_at_hamadera_transportation_Park.jpg,高石市,(Wikipedia代表画像),Wikimedia Commons,https://ja.wikipedia.org/wiki/%E9%AB%98%E7%9F%B3%E5%B8%82
C1231,https://upload.wikimedia.org/wikipedia/commons/thumb/5/5a/Fujiidera_hondo1024.jpg/500px-Fujiidera_hondo1024.jpg,藤井寺市,(Wikipedia代表画像),Wikimedia Commons,https://ja.wikipedia.org/wiki/%E8%97%A4%E4%BA%95%E5%AF%BA%E5%B8%82
C1232,https://upload.wikimedia.org/wikipedia/commons/thumb/6/67/%E3%82%A4%E3%83%B3%E3%82%B0%E3%83%AA%E3%83%83%E3%82%B7%E3%83%A5%E3%82%AC%E3%83%BC%E3%83%87%E3%83%B3_%2813%29.jpg/500px-%E3%82%A4%E3%83%B3%E3%82%B0%E3%83%AA%E3%83%83%E3%82%B7%E3%83%A5%E3%82%AC%E3%83%BC%E3%83%87%E3%83%B3_%2813%29.jpg,泉南市,(Wikipedia代表画像),Wikimedia Commons,https://ja.wikipedia.org/wiki/%E6%B3%89%E5%8D%97%E5%B8%82
C1233,https://upload.wikimedia.org/wikipedia/commons/thumb/2/2b/Shijonawate_Jinja_Honden_2018.jpg/500px-Shijonawate_Jinja_Honden_2018.jpg,四條畷市,(Wikipedia代表画像),Wikimedia Commons,https://ja.wikipedia.org/wiki/%E5%9B%9B%E6%A2%9D%E7%95%B7%E5%B8%82
C1234,https://upload.wikimedia.org/wikipedia/commons/thumb/d/d1/%E7%A3%90%E8%88%B9%E7%A5%9E%E7%A4%BE%E6%8B%9D%E6%AE%BF%E5%BE%A1%E7%A5%9E%E4%BD%93.JPG/500px-%E7%A3%90%E8%88%B9%E7%A5%9E%E7%A4%BE%E6%8B%9D%E6%AE%BF%E5%BE%A1%E7%A5%9E%E4%BD%93.JPG,交野市,(Wikipedia代表画像),Wikimedia Commons,https://ja.wikipedia.org/wiki/%E4%BA%A4%E9%87%8E%E5%B8%82
C1235,https://upload.wikimedia.org/wikipedia/commons/thumb/f/fb/%E7%8B%AD%E5%B1%B1%E6%B1%A0%E3%82%92%E4%B8%AD%E5%BF%83%E3%81%A8%E3%81%97%E3%81%9F%E8%A1%97%E4%B8%A6%E3%81%BF.jpg/500px-%E7%8B%AD%E5%B1%B1%E6%B1%A0%E3%82%92%E4%B8%AD%E5%BF%83%E3%81%A8%E3%81%97%E3%81%9F%E8%A1%97%E4%B8%A6%E3%81%BF.jpg,大阪狭山市,(Wikipedia代表画像),Wikimedia Commons,https://ja.wikipedia.org/wiki/%E5%A4%A7%E9%98%AA%E7%8B%AD%E5%B1%B1%E5%B8%82
C1236,https://upload.wikimedia.org/wikipedia/commons/thumb/8/8e/Pichipichi.jpg/500px-Pichipichi.jpg,阪南市,(Wikipedia代表画像),Wikimedia Commons,https://ja.wikipedia.org/wiki/%E9%98%AA%E5%8D%97%E5%B8%82
C1237,https://upload.wikimedia.org/wikipedia/commons/thumb/0/02/%E3%82%B5%E3%83%B3%E3%83%88%E3%83%AA%E3%83%BC%E5%B1%B1%E5%B4%8E%E8%92%B8%E7%95%99%E6%89%80.JPG/500px-%E3%82%B5%E3%83%B3%E3%83%88%E3%83%AA%E3%83%BC%E5%B1%B1%E5%B4%8E%E8%92%B8%E7%95%99%E6%89%80.JPG,島本町,(Wikipedia代表画像),Wikimedia Commons,https://ja.wikipedia.org/wiki/%E5%B3%B6%E6%9C%AC%E7%94%BA
C1238,https://upload.wikimedia.org/wikipedia/commons/thumb/9/9f/Toyono_cosmos_park_in_2015-10-10_No%2C1.JPG/500px-Toyono_cosmos_park_in_2015-10-10_No%2C1.JPG,豊能町,(Wikipedia代表画像),Wikimedia Commons,https://ja.wikipedia.org/wiki/%E8%B1%8A%E8%83%BD%E7%94%BA
C1239,https://upload.wikimedia.org/wikipedia/commons/thumb/9/91/Nose_Myokenzan_kaiunden.jpg/500px-Nose_Myokenzan_kaiunden.jpg,能勢町,(Wikipedia代表画像),Wikimedia Commons,https://ja.wikipedia.org/wiki/%E8%83%BD%E5%8B%A2%E7%94%BA
C1240,https://upload.wikimedia.org/wikipedia/commons/thumb/2/2a/Masaki_Memorial1.jpg/500px-Masaki_Memorial1.jpg,忠岡町,(Wikipedia代表画像),Wikimedia Commons,https://ja.wikipedia.org/wiki/%E5%BF%A0%E5%B2%A1%E7%94%BA
C1241,https://upload.wikimedia.org/wikipedia/commons/thumb/2/27/Eiraku_Dam2.jpg/500px-Eiraku_Dam2.jpg,熊取町,(Wikipedia代表画像),Wikimedia Commons,https://ja.wikipedia.org/wiki/%E7%86%8A%E5%8F%96%E7%94%BA
C1242,https://upload.wikimedia.org/wikipedia/commons/thumb/b/b7/Shinko-ji%2C_Tajiri.jpg/500px-Shinko-ji%2C_Tajiri.jpg,田尻町,(Wikipedia代表画像),Wikimedia Commons,https://ja.wikipedia.org/wiki/%E7%94%B0%E5%B0%BB%E7%94%BA
C1243,https://upload.wikimedia.org/wikipedia/commons/thumb/3/38/Tannowa_beach_202402-2.jpg/500px-Tannowa_beach_202402-2.jpg,岬町,(Wikipedia代表画像),Wikimedia Commons,https://ja.wikipedia.org/wiki/%E5%B2%AC%E7%94%BA
C1244,https://upload.wikimedia.org/wikipedia/commons/thumb/2/22/Eifukuji02s3200.jpg/500px-Eifukuji02s3200.jpg,太子町 (大阪府),(Wikipedia代表画像),Wikimedia Commons,https://ja.wikipedia.org/wiki/%E5%A4%AA%E5%AD%90%E7%94%BA%20(%E5%A4%A7%E9%98%AA%E5%BA%9C)
C1245,https://upload.wikimedia.org/wikipedia/commons/thumb/e/e5/Hirokawadera-200001.jpg/500px-Hirokawadera-200001.jpg,河南町,(Wikipedia代表画像),Wikimedia Commons,https://ja.wikipedia.org/wiki/%E6%B2%B3%E5%8D%97%E7%94%BA
C1246,https://upload.wikimedia.org/wikipedia/commons/thumb/c/cf/Chihaya_Castle3.jpg/500px-Chihaya_Castle3.jpg,千早赤阪村,(Wikipedia代表画像),Wikimedia Commons,https://ja.wikipedia.org/wiki/%E5%8D%83%E6%97%A9%E8%B5%A4%E9%98%AA%E6%9D%91
C1247,https://upload.wikimedia.org/wikipedia/commons/thumb/8/81/Akashi-Minicipal-Planetarium3387.JPG/500px-Akashi-Minicipal-Planetarium3387.JPG,明石市,(Wikipedia代表画像),Wikimedia Commons,https://ja.wikipedia.org/wiki/%E6%98%8E%E7%9F%B3%E5%B8%82
C1248,https://upload.wikimedia.org/wikipedia/commons/thumb/b/b9/Koshien_Stadium_Ginsan_and_Liner_Vision.jpg/500px-Koshien_Stadium_Ginsan_and_Liner_Vision.jpg,西宮市,(Wikipedia代表画像),Wikimedia Commons,https://ja.wikipedia.org/wiki/%E8%A5%BF%E5%AE%AE%E5%B8%82
C1249,https://upload.wikimedia.org/wikipedia/commons/thumb/2/2b/Sumoto_city_view_from_Sumoto_Castle_Awaji_Island_Japan01n.jpg/500px-Sumoto_city_view_from_Sumoto_Castle_Awaji_Island_Japan01n.jpg,洲本市,(Wikipedia代表画像),Wikimedia Commons,https://ja.wikipedia.org/wiki/%E6%B4%B2%E6%9C%AC%E5%B8%82
C1250,https://upload.wikimedia.org/wikipedia/commons/thumb/1/1e/Ashiya_Tanizaki_Junichiro_Memorial_Museum01s3200.jpg/500px-Ashiya_Tanizaki_Junichiro_Memorial_Museum01s3200.jpg,芦屋市,(Wikipedia代表画像),Wikimedia Commons,https://ja.wikipedia.org/wiki/%E8%8A%A6%E5%B1%8B%E5%B8%82
C1251,https://upload.wikimedia.org/wikipedia/commons/thumb/5/58/%E4%BC%8A%E4%B8%B9%E3%82%B9%E3%82%AB%E3%82%A4%E3%83%91%E3%83%BC%E3%82%AF_%E5%86%92%E9%99%BA%E3%81%AE%E4%B8%98_%E3%82%AD%E3%83%A5%E3%83%BC%E3%83%96%E3%82%A2%E3%83%89%E3%83%99%E3%83%B3%E3%83%81%E3%83%A3%E3%83%BC.jpg/500px-%E4%BC%8A%E4%B8%B9%E3%82%B9%E3%82%AB%E3%82%A4%E3%83%91%E3%83%BC%E3%82%AF_%E5%86%92%E9%99%BA%E3%81%AE%E4%B8%98_%E3%82%AD%E3%83%A5%E3%83%BC%E3%83%96%E3%82%A2%E3%83%89%E3%83%99%E3%83%B3%E3%83%81%E3%83%A3%E3%83%BC.jpg,伊丹市,(Wikipedia代表画像),Wikimedia Commons,https://ja.wikipedia.org/wiki/%E4%BC%8A%E4%B8%B9%E5%B8%82
C1252,https://upload.wikimedia.org/wikipedia/commons/thumb/9/9f/Aioi_Peron_Matsuri_July09_328.jpg/500px-Aioi_Peron_Matsuri_July09_328.jpg,相生市,(Wikipedia代表画像),Wikimedia Commons,https://ja.wikipedia.org/wiki/%E7%9B%B8%E7%94%9F%E5%B8%82
C1253,https://upload.wikimedia.org/wikipedia/commons/thumb/d/d0/Kakogawa_Kakurinji12n4592.jpg/500px-Kakogawa_Kakurinji12n4592.jpg,加古川市,(Wikipedia代表画像),Wikimedia Commons,https://ja.wikipedia.org/wiki/%E5%8A%A0%E5%8F%A4%E5%B7%9D%E5%B8%82
C1254,https://upload.wikimedia.org/wikipedia/commons/thumb/f/fd/Ako_montage.JPG/500px-Ako_montage.JPG,赤穂市,(Wikipedia代表画像),Wikimedia Commons,https://ja.wikipedia.org/wiki/%E8%B5%A4%E7%A9%82%E5%B8%82
C1255,https://upload.wikimedia.org/wikipedia/commons/thumb/d/da/%E3%83%86%E3%83%A9%E3%83%BB%E3%83%89%E3%83%BC%E3%83%A01.jpg/500px-%E3%83%86%E3%83%A9%E3%83%BB%E3%83%89%E3%83%BC%E3%83%A01.jpg,西脇市,(Wikipedia代表画像),Wikimedia Commons,https://ja.wikipedia.org/wiki/%E8%A5%BF%E8%84%87%E5%B8%82
C1256,https://upload.wikimedia.org/wikipedia/commons/thumb/8/82/Miki_hardware_Festival_15.JPG/500px-Miki_hardware_Festival_15.JPG,三木市,(Wikipedia代表画像),Wikimedia Commons,https://ja.wikipedia.org/wiki/%E4%B8%89%E6%9C%A8%E5%B8%82
C1257,https://upload.wikimedia.org/wikipedia/commons/thumb/2/2d/Takasago-jinja_aioinomatsu.JPG/500px-Takasago-jinja_aioinomatsu.JPG,高砂市,(Wikipedia代表画像),Wikimedia Commons,https://ja.wikipedia.org/wiki/%E9%AB%98%E7%A0%82%E5%B8%82
C1258,https://upload.wikimedia.org/wikipedia/commons/thumb/9/90/Hitokura_Dam.jpg/500px-Hitokura_Dam.jpg,川西市,(Wikipedia代表画像),Wikimedia Commons,https://ja.wikipedia.org/wiki/%E5%B7%9D%E8%A5%BF%E5%B8%82
C1259,https://upload.wikimedia.org/wikipedia/commons/thumb/0/09/2017-07-15_Ono-himawarino-oka-park_%28%E5%B0%8F%E9%87%8E%E5%B8%82%E7%AB%8B%E3%81%B2%E3%81%BE%E3%82%8F%E3%82%8A%E3%81%AE%E4%B8%98%E5%85%AC%E5%9C%92%29_6274%E2%98%86%E5%BD%A1.jpg/500px-2017-07-15_Ono-himawarino-oka-park_%28%E5%B0%8F%E9%87%8E%E5%B8%82%E7%AB%8B%E3%81%B2%E3%81%BE%E3%82%8F%E3%82%8A%E3%81%AE%E4%B8%98%E5%85%AC%E5%9C%92%29_6274%E2%98%86%E5%BD%A1.jpg,小野市,(Wikipedia代表画像),Wikimedia Commons,https://ja.wikipedia.org/wiki/%E5%B0%8F%E9%87%8E%E5%B8%82
C1260,https://upload.wikimedia.org/wikipedia/commons/thumb/5/54/Hitohaku_vew.JPG/500px-Hitohaku_vew.JPG,三田市,(Wikipedia代表画像),Wikimedia Commons,https://ja.wikipedia.org/wiki/%E4%B8%89%E7%94%B0%E5%B8%82
C1261,https://upload.wikimedia.org/wikipedia/commons/thumb/a/a7/Ichijoji_Kasai13bs4272.jpg/500px-Ichijoji_Kasai13bs4272.jpg,加西市,(Wikipedia代表画像),Wikimedia Commons,https://ja.wikipedia.org/wiki/%E5%8A%A0%E8%A5%BF%E5%B8%82
C1262,https://upload.wikimedia.org/wikipedia/commons/thumb/c/c8/Sasayama_Kawara-machi18n4592.jpg/500px-Sasayama_Kawara-machi18n4592.jpg,丹波篠山市,(Wikipedia代表画像),Wikimedia Commons,https://ja.wikipedia.org/wiki/%E4%B8%B9%E6%B3%A2%E7%AF%A0%E5%B1%B1%E5%B8%82
C1263,https://upload.wikimedia.org/wikipedia/commons/thumb/3/3b/Hyonosen02s1760.jpg/500px-Hyonosen02s1760.jpg,養父市,(Wikipedia代表画像),Wikimedia Commons,https://ja.wikipedia.org/wiki/%E9%A4%8A%E7%88%B6%E5%B8%82
C1264,https://upload.wikimedia.org/wikipedia/commons/thumb/6/60/Entsu-ji%2C_Precincts_-1_%28November_2012%29_-_panoramio.jpg/500px-Entsu-ji%2C_Precincts_-1_%28November_2012%29_-_panoramio.jpg,丹波市,(Wikipedia代表画像),Wikimedia Commons,https://ja.wikipedia.org/wiki/%E4%B8%B9%E6%B3%A2%E5%B8%82
C1265,https://upload.wikimedia.org/wikipedia/commons/thumb/b/b5/2016-11-12_Fukiage-hama_%E5%90%B9%E4%B8%8A%E6%B5%9C%EF%BC%88%E5%85%B5%E5%BA%AB%E7%9C%8C%E5%8D%97%E3%81%82%E3%82%8F%E3%81%98%E5%B8%82%E9%98%BF%E4%B8%87%E5%90%B9%E4%B8%8A%E7%94%BA%EF%BC%89DSCF4092%E2%98%86%E5%BD%A1.jpg/500px-2016-11-12_Fukiage-hama_%E5%90%B9%E4%B8%8A%E6%B5%9C%EF%BC%88%E5%85%B5%E5%BA%AB%E7%9C%8C%E5%8D%97%E3%81%82%E3%82%8F%E3%81%98%E5%B8%82%E9%98%BF%E4%B8%87%E5%90%B9%E4%B8%8A%E7%94%BA%EF%BC%89DSCF4092%E2%98%86%E5%BD%A1.jpg,南あわじ市,(Wikipedia代表画像),Wikimedia Commons,https://ja.wikipedia.org/wiki/%E5%8D%97%E3%81%82%E3%82%8F%E3%81%98%E5%B8%82
C1266,https://upload.wikimedia.org/wikipedia/commons/thumb/2/26/%E7%AB%B9%E7%94%B0%E5%9F%8E.JPG/500px-%E7%AB%B9%E7%94%B0%E5%9F%8E.JPG,朝来市,(Wikipedia代表画像),Wikimedia Commons,https://ja.wikipedia.org/wiki/%E6%9C%9D%E6%9D%A5%E5%B8%82
C1267,https://upload.wikimedia.org/wikipedia/commons/thumb/f/f0/Harafudou_Falls_02.JPG/500px-Harafudou_Falls_02.JPG,宍粟市,(Wikipedia代表画像),Wikimedia Commons,https://ja.wikipedia.org/wiki/%E5%AE%8D%E7%B2%9F%E5%B8%82
C1268,https://upload.wikimedia.org/wikipedia/commons/thumb/6/6c/Tojo-ko.jpg/500px-Tojo-ko.jpg,加東市,(Wikipedia代表画像),Wikimedia Commons,https://ja.wikipedia.org/wiki/%E5%8A%A0%E6%9D%B1%E5%B8%82
C1269,https://upload.wikimedia.org/wikipedia/commons/8/8c/Tatsuno_montage.JPG,たつの市,(Wikipedia代表画像),Wikimedia Commons,https://ja.wikipedia.org/wiki/%E3%81%9F%E3%81%A4%E3%81%AE%E5%B8%82
C1270,https://upload.wikimedia.org/wikipedia/commons/thumb/5/58/%E5%AE%B6%E6%97%8F_028.jpg/500px-%E5%AE%B6%E6%97%8F_028.jpg,猪名川町,(Wikipedia代表画像),Wikimedia Commons,https://ja.wikipedia.org/wiki/%E7%8C%AA%E5%90%8D%E5%B7%9D%E7%94%BA
C1271,https://upload.wikimedia.org/wikipedia/commons/thumb/f/f4/%E3%83%A9%E3%83%99%E3%83%B3%E3%83%80%E3%83%BC%E3%83%91%E3%82%AF%E5%A4%9A%E5%8F%AF4.jpg/500px-%E3%83%A9%E3%83%99%E3%83%B3%E3%83%80%E3%83%BC%E3%83%91%E3%82%AF%E5%A4%9A%E5%8F%AF4.jpg,多可町,(Wikipedia代表画像),Wikimedia Commons,https://ja.wikipedia.org/wiki/%E5%A4%9A%E5%8F%AF%E7%94%BA
C1272,https://upload.wikimedia.org/wikipedia/commons/thumb/1/10/Kako_Ohike_Ashihara.JPG/500px-Kako_Ohike_Ashihara.JPG,稲美町,(Wikipedia代表画像),Wikimedia Commons,https://ja.wikipedia.org/wiki/%E7%A8%B2%E7%BE%8E%E7%94%BA
C1273,https://upload.wikimedia.org/wikipedia/commons/thumb/3/31/%E5%A4%A7%E4%B8%AD%E9%81%BA%E8%B7%A1%E5%BE%A9%E5%85%83%E4%BD%8F%E5%B1%85.jpg/500px-%E5%A4%A7%E4%B8%AD%E9%81%BA%E8%B7%A1%E5%BE%A9%E5%85%83%E4%BD%8F%E5%B1%85.jpg,播磨町,(Wikipedia代表画像),Wikimedia Commons,https://ja.wikipedia.org/wiki/%E6%92%AD%E7%A3%A8%E7%94%BA
C1274,https://upload.wikimedia.org/wikipedia/commons/thumb/1/16/Kasagata_Onsen.jpg/500px-Kasagata_Onsen.jpg,市川町,(Wikipedia代表画像),Wikimedia Commons,https://ja.wikipedia.org/wiki/%E5%B8%82%E5%B7%9D%E7%94%BA
C1275,https://upload.wikimedia.org/wikipedia/commons/thumb/e/e3/Kunio_yanagita01_1920.jpg/500px-Kunio_yanagita01_1920.jpg,福崎町,(Wikipedia代表画像),Wikimedia Commons,https://ja.wikipedia.org/wiki/%E7%A6%8F%E5%B4%8E%E7%94%BA
C1276,https://upload.wikimedia.org/wikipedia/commons/thumb/0/02/Tonomine_highland_Kamikawa_Hyogo_pref_Japan01bs5.jpg/500px-Tonomine_highland_Kamikawa_Hyogo_pref_Japan01bs5.jpg,神河町,(Wikipedia代表画像),Wikimedia Commons,https://ja.wikipedia.org/wiki/%E7%A5%9E%E6%B2%B3%E7%94%BA
C1277,https://upload.wikimedia.org/wikipedia/commons/thumb/c/c8/Hankyuji_Taishi_Hyoto_Pref14s3s4272.jpg/500px-Hankyuji_Taishi_Hyoto_Pref14s3s4272.jpg,太子町 (兵庫県),(Wikipedia代表画像),Wikimedia Commons,https://ja.wikipedia.org/wiki/%E5%A4%AA%E5%AD%90%E7%94%BA%20(%E5%85%B5%E5%BA%AB%E7%9C%8C)
C1278,https://upload.wikimedia.org/wikipedia/commons/thumb/1/1b/Shirohata_Cstle.JPG/500px-Shirohata_Cstle.JPG,上郡町,(Wikipedia代表画像),Wikimedia Commons,https://ja.wikipedia.org/wiki/%E4%B8%8A%E9%83%A1%E7%94%BA
C1279,https://upload.wikimedia.org/wikipedia/commons/thumb/4/4c/NHAO_buildings_in_winter.jpg/500px-NHAO_buildings_in_winter.jpg,佐用町,(Wikipedia代表画像),Wikimedia Commons,https://ja.wikipedia.org/wiki/%E4%BD%90%E7%94%A8%E7%94%BA
C1280,https://upload.wikimedia.org/wikipedia/commons/thumb/e/e2/Imagoura_Kasumi_Coast04bs4440.jpg/500px-Imagoura_Kasumi_Coast04bs4440.jpg,香美町,(Wikipedia代表画像),Wikimedia Commons,https://ja.wikipedia.org/wiki/%E9%A6%99%E7%BE%8E%E7%94%BA
C1281,https://upload.wikimedia.org/wikipedia/commons/thumb/c/ce/Yumura_onsen11s1920.jpg/500px-Yumura_onsen11s1920.jpg,新温泉町,(Wikipedia代表画像),Wikimedia Commons,https://ja.wikipedia.org/wiki/%E6%96%B0%E6%B8%A9%E6%B3%89%E7%94%BA
C1282,https://upload.wikimedia.org/wikipedia/commons/thumb/2/2a/%E7%9F%B3%E5%9C%92%E5%9D%90%E5%A4%9A%E4%B9%85%E8%99%AB%E7%8E%89%E7%A5%9E%E7%A4%BE_%E5%A4%A7%E5%92%8C%E9%AB%98%E7%94%B0%E5%B8%82%E7%89%87%E5%A1%A9%E7%94%BA_Isono-ni-masu-takumushitama-jinja_2013.8.16_-_panoramio_%281%29.jpg/500px-%E7%9F%B3%E5%9C%92%E5%9D%90%E5%A4%9A%E4%B9%85%E8%99%AB%E7%8E%89%E7%A5%9E%E7%A4%BE_%E5%A4%A7%E5%92%8C%E9%AB%98%E7%94%B0%E5%B8%82%E7%89%87%E5%A1%A9%E7%94%BA_Isono-ni-masu-takumushitama-jinja_2013.8.16_-_panoramio_%281%29.jpg,大和高田市,(Wikipedia代表画像),Wikimedia Commons,https://ja.wikipedia.org/wiki/%E5%A4%A7%E5%92%8C%E9%AB%98%E7%94%B0%E5%B8%82
C1283,https://upload.wikimedia.org/wikipedia/commons/thumb/1/1f/Koriyama_Castle_Nara-b.jpg/500px-Koriyama_Castle_Nara-b.jpg,大和郡山市,(Wikipedia代表画像),Wikimedia Commons,https://ja.wikipedia.org/wiki/%E5%A4%A7%E5%92%8C%E9%83%A1%E5%B1%B1%E5%B8%82
C1284,https://upload.wikimedia.org/wikipedia/commons/thumb/8/83/%E5%A4%A9%E7%90%86%E6%95%99%E6%9C%AC%E9%83%A8_%E7%A5%9E%E6%AE%BF_2022.jpg/500px-%E5%A4%A9%E7%90%86%E6%95%99%E6%9C%AC%E9%83%A8_%E7%A5%9E%E6%AE%BF_2022.jpg,天理市,(Wikipedia代表画像),Wikimedia Commons,https://ja.wikipedia.org/wiki/%E5%A4%A9%E7%90%86%E5%B8%82
C1285,https://upload.wikimedia.org/wikipedia/commons/thumb/d/d6/Sakurai_Montage.jpg/500px-Sakurai_Montage.jpg,桜井市,(Wikipedia代表画像),Wikimedia Commons,https://ja.wikipedia.org/wiki/%E6%A1%9C%E4%BA%95%E5%B8%82
C1286,https://upload.wikimedia.org/wikipedia/commons/thumb/4/40/%E4%BA%94%E6%A2%9D%E5%B8%82%E8%BF%91%E5%86%85%E7%94%BA%E3%81%8B%E3%82%89%E9%87%91%E5%89%9B%E5%B1%B1%E3%82%92%E6%9C%9B%E3%82%80_Kong%C5%8Dsan_2011.4.29_-_panoramio.jpg/500px-%E4%BA%94%E6%A2%9D%E5%B8%82%E8%BF%91%E5%86%85%E7%94%BA%E3%81%8B%E3%82%89%E9%87%91%E5%89%9B%E5%B1%B1%E3%82%92%E6%9C%9B%E3%82%80_Kong%C5%8Dsan_2011.4.29_-_panoramio.jpg,五條市,(Wikipedia代表画像),Wikimedia Commons,https://ja.wikipedia.org/wiki/%E4%BA%94%E6%A2%9D%E5%B8%82
C1287,https://upload.wikimedia.org/wikipedia/commons/thumb/2/21/Mount_Yamatokatsurag9.jpg/500px-Mount_Yamatokatsurag9.jpg,御所市,(Wikipedia代表画像),Wikimedia Commons,https://ja.wikipedia.org/wiki/%E5%BE%A1%E6%89%80%E5%B8%82
C1288,https://upload.wikimedia.org/wikipedia/commons/a/a4/Ikoma_montage.JPG,生駒市,(Wikipedia代表画像),Wikimedia Commons,https://ja.wikipedia.org/wiki/%E7%94%9F%E9%A7%92%E5%B8%82
C1289,https://upload.wikimedia.org/wikipedia/commons/thumb/5/55/Donzurubo%2C_gaikan.jpg/500px-Donzurubo%2C_gaikan.jpg,香芝市,(Wikipedia代表画像),Wikimedia Commons,https://ja.wikipedia.org/wiki/%E9%A6%99%E8%8A%9D%E5%B8%82
C1290,https://upload.wikimedia.org/wikipedia/commons/thumb/d/df/Taimadera_Mandarahall_201905b.jpg/500px-Taimadera_Mandarahall_201905b.jpg,葛城市,(Wikipedia代表画像),Wikimedia Commons,https://ja.wikipedia.org/wiki/%E8%91%9B%E5%9F%8E%E5%B8%82
C1291,https://upload.wikimedia.org/wikipedia/commons/thumb/4/4e/Murouji_honndou.jpg/500px-Murouji_honndou.jpg,宇陀市,(Wikipedia代表画像),Wikimedia Commons,https://ja.wikipedia.org/wiki/%E5%AE%87%E9%99%80%E5%B8%82
C1292,https://upload.wikimedia.org/wikipedia/commons/thumb/f/fd/Yamazoe_tyabatake.jpg/500px-Yamazoe_tyabatake.jpg,山添村,(Wikipedia代表画像),Wikimedia Commons,https://ja.wikipedia.org/wiki/%E5%B1%B1%E6%B7%BB%E6%9D%91
C1293,https://upload.wikimedia.org/wikipedia/commons/thumb/5/52/Chyogosonshi-ji1.jpg/500px-Chyogosonshi-ji1.jpg,平群町,(Wikipedia代表画像),Wikimedia Commons,https://ja.wikipedia.org/wiki/%E5%B9%B3%E7%BE%A4%E7%94%BA
C1294,https://upload.wikimedia.org/wikipedia/commons/thumb/b/bc/Tatsuta-taisha%2C_haiden.jpg/500px-Tatsuta-taisha%2C_haiden.jpg,三郷町,(Wikipedia代表画像),Wikimedia Commons,https://ja.wikipedia.org/wiki/%E4%B8%89%E9%83%B7%E7%94%BA
C1295,https://upload.wikimedia.org/wikipedia/commons/thumb/e/e7/Horyu-ji10s3200.jpg/500px-Horyu-ji10s3200.jpg,斑鳩町,(Wikipedia代表画像),Wikimedia Commons,https://ja.wikipedia.org/wiki/%E6%96%91%E9%B3%A9%E7%94%BA
C1296,https://upload.wikimedia.org/wikipedia/commons/thumb/4/40/Kenkichi_Tomimoto_Memorial_Hall03s3200.jpg/500px-Kenkichi_Tomimoto_Memorial_Hall03s3200.jpg,安堵町,(Wikipedia代表画像),Wikimedia Commons,https://ja.wikipedia.org/wiki/%E5%AE%89%E5%A0%B5%E7%94%BA
C1297,https://upload.wikimedia.org/wikipedia/commons/thumb/7/7a/Shimanoyama-kofun.jpg/500px-Shimanoyama-kofun.jpg,川西町 (奈良県),(Wikipedia代表画像),Wikimedia Commons,https://ja.wikipedia.org/wiki/%E5%B7%9D%E8%A5%BF%E7%94%BA%20(%E5%A5%88%E8%89%AF%E7%9C%8C)
C1298,https://upload.wikimedia.org/wikipedia/commons/thumb/4/4b/%E4%B8%89%E5%AE%85%E7%94%BA%E5%B1%8F%E9%A2%A8_%E7%99%BD%E5%B1%B1%E7%A5%9E%E7%A4%BE_2012.2.05_-_panoramio.jpg/500px-%E4%B8%89%E5%AE%85%E7%94%BA%E5%B1%8F%E9%A2%A8_%E7%99%BD%E5%B1%B1%E7%A5%9E%E7%A4%BE_2012.2.05_-_panoramio.jpg,三宅町,(Wikipedia代表画像),Wikimedia Commons,https://ja.wikipedia.org/wiki/%E4%B8%89%E5%AE%85%E7%94%BA
C1299,https://upload.wikimedia.org/wikipedia/commons/thumb/8/87/Karako-Kagi_Site%2C_gaikan.jpg/500px-Karako-Kagi_Site%2C_gaikan.jpg,田原本町,(Wikipedia代表画像),Wikimedia Commons,https://ja.wikipedia.org/wiki/%E7%94%B0%E5%8E%9F%E6%9C%AC%E7%94%BA
C1300,https://upload.wikimedia.org/wikipedia/commons/thumb/2/27/Sonikougen.JPG/500px-Sonikougen.JPG,曽爾村,(Wikipedia代表画像),Wikimedia Commons,https://ja.wikipedia.org/wiki/%E6%9B%BD%E7%88%BE%E6%9D%91
C1301,https://upload.wikimedia.org/wikipedia/commons/thumb/3/33/%E3%81%BF%E3%81%A4%E3%81%88%E9%9D%92%E5%B0%91%E5%B9%B4%E6%97%85%E8%A1%8C%E6%9D%91%E4%BB%98%E8%BF%91%E3%81%8B%E3%82%89%E8%A6%8B%E3%81%9F%E4%B8%89%E5%B3%B0%E5%B1%B1.jpg/500px-%E3%81%BF%E3%81%A4%E3%81%88%E9%9D%92%E5%B0%91%E5%B9%B4%E6%97%85%E8%A1%8C%E6%9D%91%E4%BB%98%E8%BF%91%E3%81%8B%E3%82%89%E8%A6%8B%E3%81%9F%E4%B8%89%E5%B3%B0%E5%B1%B1.jpg,御杖村,(Wikipedia代表画像),Wikimedia Commons,https://ja.wikipedia.org/wiki/%E5%BE%A1%E6%9D%96%E6%9D%91
C1302,https://upload.wikimedia.org/wikipedia/commons/thumb/f/f6/%E5%8D%97%E6%B3%95%E8%8F%AF%E5%AF%BA_%E4%B8%89%E9%87%8D%E5%A1%94_2022.jpg/500px-%E5%8D%97%E6%B3%95%E8%8F%AF%E5%AF%BA_%E4%B8%89%E9%87%8D%E5%A1%94_2022.jpg,高取町,(Wikipedia代表画像),Wikimedia Commons,https://ja.wikipedia.org/wiki/%E9%AB%98%E5%8F%96%E7%94%BA
C1303,https://upload.wikimedia.org/wikipedia/commons/thumb/4/4a/Kataokaj5.jpg/500px-Kataokaj5.jpg,上牧町,(Wikipedia代表画像),Wikimedia Commons,https://ja.wikipedia.org/wiki/%E4%B8%8A%E7%89%A7%E7%94%BA
C1304,https://upload.wikimedia.org/wikipedia/commons/thumb/0/08/Darumaj1.jpg/500px-Darumaj1.jpg,王寺町,(Wikipedia代表画像),Wikimedia Commons,https://ja.wikipedia.org/wiki/%E7%8E%8B%E5%AF%BA%E7%94%BA
C1305,https://upload.wikimedia.org/wikipedia/commons/thumb/7/75/%E7%AB%B9%E5%8F%96%E5%85%AC%E5%9C%92_Taketori_k%C5%8Den_2010.11.14_-_panoramio.jpg/500px-%E7%AB%B9%E5%8F%96%E5%85%AC%E5%9C%92_Taketori_k%C5%8Den_2010.11.14_-_panoramio.jpg,広陵町,(Wikipedia代表画像),Wikimedia Commons,https://ja.wikipedia.org/wiki/%E5%BA%83%E9%99%B5%E7%94%BA
C1306,https://upload.wikimedia.org/wikipedia/commons/thumb/2/2e/%E9%A6%AC%E8%A6%8B%E4%B8%98%E9%99%B5%E5%85%AC%E5%9C%92_%E5%85%AC%E5%9C%92%E9%A4%A8_2012.6.07_-_panoramio.jpg/500px-%E9%A6%AC%E8%A6%8B%E4%B8%98%E9%99%B5%E5%85%AC%E5%9C%92_%E5%85%AC%E5%9C%92%E9%A4%A8_2012.6.07_-_panoramio.jpg,河合町,(Wikipedia代表画像),Wikimedia Commons,https://ja.wikipedia.org/wiki/%E6%B2%B3%E5%90%88%E7%94%BA
C1307,https://upload.wikimedia.org/wikipedia/commons/thumb/0/03/Sesonji201410d_%28Oyodo%2CNara%29.JPG/500px-Sesonji201410d_%28Oyodo%2CNara%29.JPG,大淀町,(Wikipedia代表画像),Wikimedia Commons,https://ja.wikipedia.org/wiki/%E5%A4%A7%E6%B7%80%E7%94%BA
C1308,https://upload.wikimedia.org/wikipedia/commons/thumb/3/36/%E4%B8%B9%E7%94%9F%E5%B7%9D%E4%B8%8A%E7%A5%9E%E7%A4%BE%E4%B8%8B%E7%A4%BE_Niu-kawakami-jinja_Shimosha_2013.4.05_-_panoramio.jpg/500px-%E4%B8%B9%E7%94%9F%E5%B7%9D%E4%B8%8A%E7%A5%9E%E7%A4%BE%E4%B8%8B%E7%A4%BE_Niu-kawakami-jinja_Shimosha_2013.4.05_-_panoramio.jpg,下市町,(Wikipedia代表画像),Wikimedia Commons,https://ja.wikipedia.org/wiki/%E4%B8%8B%E5%B8%82%E7%94%BA
C1309,https://upload.wikimedia.org/wikipedia/commons/thumb/0/04/Kawawake-jinja05.JPG/500px-Kawawake-jinja05.JPG,黒滝村,(Wikipedia代表画像),Wikimedia Commons,https://ja.wikipedia.org/wiki/%E9%BB%92%E6%BB%9D%E6%9D%91
C1310,https://upload.wikimedia.org/wikipedia/commons/thumb/3/38/Mount_Misen_and_Omine_Mountains.jpg/500px-Mount_Misen_and_Omine_Mountains.jpg,天川村,(Wikipedia代表画像),Wikimedia Commons,https://ja.wikipedia.org/wiki/%E5%A4%A9%E5%B7%9D%E6%9D%91
C1311,https://upload.wikimedia.org/wikipedia/commons/thumb/b/b2/%E8%8D%92%E7%A5%9E%E7%A4%BE.jpg/500px-%E8%8D%92%E7%A5%9E%E7%A4%BE.jpg,野迫川村,(Wikipedia代表画像),Wikimedia Commons,https://ja.wikipedia.org/wiki/%E9%87%8E%E8%BF%AB%E5%B7%9D%E6%9D%91
C1312,https://upload.wikimedia.org/wikipedia/commons/thumb/6/61/Ya-en_in_Totsukawa-mura.jpg/500px-Ya-en_in_Totsukawa-mura.jpg,十津川村,(Wikipedia代表画像),Wikimedia Commons,https://ja.wikipedia.org/wiki/%E5%8D%81%E6%B4%A5%E5%B7%9D%E6%9D%91
C1313,https://upload.wikimedia.org/wikipedia/commons/thumb/c/cd/%E4%B8%8D%E5%8B%95%E4%B8%83%E9%87%8D%E6%BB%9D%EF%BC%88%E6%97%A5%E6%9C%AC%E3%81%AE%E6%BB%9D%E7%99%BE%E9%81%B8%EF%BC%89_-_panoramio.jpg/500px-%E4%B8%8D%E5%8B%95%E4%B8%83%E9%87%8D%E6%BB%9D%EF%BC%88%E6%97%A5%E6%9C%AC%E3%81%AE%E6%BB%9D%E7%99%BE%E9%81%B8%EF%BC%89_-_panoramio.jpg,下北山村,(Wikipedia代表画像),Wikimedia Commons,https://ja.wikipedia.org/wiki/%E4%B8%8B%E5%8C%97%E5%B1%B1%E6%9D%91
C1314,https://upload.wikimedia.org/wikipedia/commons/thumb/3/3c/Daijagura_202010a.jpg/500px-Daijagura_202010a.jpg,上北山村,(Wikipedia代表画像),Wikimedia Commons,https://ja.wikipedia.org/wiki/%E4%B8%8A%E5%8C%97%E5%B1%B1%E6%9D%91
C1315,https://upload.wikimedia.org/wikipedia/commons/thumb/a/a5/Niukawakami-jinja_Kamisha%2C_haiden.jpg/500px-Niukawakami-jinja_Kamisha%2C_haiden.jpg,川上村 (奈良県),(Wikipedia代表画像),Wikimedia Commons,https://ja.wikipedia.org/wiki/%E5%B7%9D%E4%B8%8A%E6%9D%91%20(%E5%A5%88%E8%89%AF%E7%9C%8C)
C1316,https://upload.wikimedia.org/wikipedia/commons/thumb/6/67/Takamisan08.JPG/500px-Takamisan08.JPG,東吉野村,(Wikipedia代表画像),Wikimedia Commons,https://ja.wikipedia.org/wiki/%E6%9D%B1%E5%90%89%E9%87%8E%E6%9D%91
C1317,https://upload.wikimedia.org/wikipedia/commons/thumb/f/fd/241006_Kuroe_Nurimono-kan_cafe_shop_Kainan_Wakayama_pref_Japan01s3.jpg/500px-241006_Kuroe_Nurimono-kan_cafe_shop_Kainan_Wakayama_pref_Japan01s3.jpg,海南市,(Wikipedia代表画像),Wikimedia Commons,https://ja.wikipedia.org/wiki/%E6%B5%B7%E5%8D%97%E5%B8%82
C1318,https://upload.wikimedia.org/wikipedia/commons/thumb/7/76/KoyasuJizouji005.JPG/500px-KoyasuJizouji005.JPG,橋本市,(Wikipedia代表画像),Wikimedia Commons,https://ja.wikipedia.org/wiki/%E6%A9%8B%E6%9C%AC%E5%B8%82
C1319,https://upload.wikimedia.org/wikipedia/commons/thumb/9/99/Wakayama-Mount_Arida_mandarin_orange-xl.jpg/500px-Wakayama-Mount_Arida_mandarin_orange-xl.jpg,有田市,(Wikipedia代表画像),Wikimedia Commons,https://ja.wikipedia.org/wiki/%E6%9C%89%E7%94%B0%E5%B8%82
C1320,https://upload.wikimedia.org/wikipedia/commons/thumb/1/16/Honganji_Hidaka-betsuin01n3200.jpg/500px-Honganji_Hidaka-betsuin01n3200.jpg,御坊市,(Wikipedia代表画像),Wikimedia Commons,https://ja.wikipedia.org/wiki/%E5%BE%A1%E5%9D%8A%E5%B8%82
C1321,https://upload.wikimedia.org/wikipedia/commons/thumb/d/d1/Tanabe_Montage.jpg/500px-Tanabe_Montage.jpg,田辺市,(Wikipedia代表画像),Wikimedia Commons,https://ja.wikipedia.org/wiki/%E7%94%B0%E8%BE%BA%E5%B8%82
C1322,https://upload.wikimedia.org/wikipedia/commons/thumb/f/fa/Kumanohayatama-taisha12s5s4200.jpg/500px-Kumanohayatama-taisha12s5s4200.jpg,新宮市,(Wikipedia代表画像),Wikimedia Commons,https://ja.wikipedia.org/wiki/%E6%96%B0%E5%AE%AE%E5%B8%82
C1323,https://upload.wikimedia.org/wikipedia/commons/thumb/9/9d/Kokawadera-N0176.JPG/500px-Kokawadera-N0176.JPG,紀の川市,(Wikipedia代表画像),Wikimedia Commons,https://ja.wikipedia.org/wiki/%E7%B4%80%E3%81%AE%E5%B7%9D%E5%B8%82
C1324,https://upload.wikimedia.org/wikipedia/commons/thumb/0/01/Negoroji01s3200.jpg/500px-Negoroji01s3200.jpg,岩出市,(Wikipedia代表画像),Wikimedia Commons,https://ja.wikipedia.org/wiki/%E5%B2%A9%E5%87%BA%E5%B8%82
C1325,https://upload.wikimedia.org/wikipedia/commons/thumb/e/e8/%E6%98%9F%E3%81%AE%E5%A1%94%E5%8F%8A%E3%81%B3%E7%A9%BA%E3%81%AE%E5%AD%A6%E8%88%8E%EF%BC%88%E3%83%97%E3%83%A9%E3%83%8D%E3%82%BF%E3%83%AA%E3%82%A6%E3%83%A0%E6%A3%9F%EF%BC%89%E3%80%818%EF%BD%8D%E9%9B%BB%E6%B3%A2%E6%9C%9B%E9%81%A0%E9%8F%A1.jpg/500px-%E6%98%9F%E3%81%AE%E5%A1%94%E5%8F%8A%E3%81%B3%E7%A9%BA%E3%81%AE%E5%AD%A6%E8%88%8E%EF%BC%88%E3%83%97%E3%83%A9%E3%83%8D%E3%82%BF%E3%83%AA%E3%82%A6%E3%83%A0%E6%A3%9F%EF%BC%89%E3%80%818%EF%BD%8D%E9%9B%BB%E6%B3%A2%E6%9C%9B%E9%81%A0%E9%8F%A1.jpg,紀美野町,(Wikipedia代表画像),Wikimedia Commons,https://ja.wikipedia.org/wiki/%E7%B4%80%E7%BE%8E%E9%87%8E%E7%94%BA
C1326,https://upload.wikimedia.org/wikipedia/commons/thumb/f/fa/Niutsuhime-jinja_romon.jpg/500px-Niutsuhime-jinja_romon.jpg,かつらぎ町,(Wikipedia代表画像),Wikimedia Commons,https://ja.wikipedia.org/wiki/%E3%81%8B%E3%81%A4%E3%82%89%E3%81%8E%E7%94%BA
C1327,https://upload.wikimedia.org/wikipedia/commons/thumb/3/3a/Jisonin_hondo.jpg/500px-Jisonin_hondo.jpg,九度山町,(Wikipedia代表画像),Wikimedia Commons,https://ja.wikipedia.org/wiki/%E4%B9%9D%E5%BA%A6%E5%B1%B1%E7%94%BA
C1328,https://upload.wikimedia.org/wikipedia/commons/thumb/6/68/260516_Kadocho_Yuasa_Wakayama_pref_Japan02s3.jpg/500px-260516_Kadocho_Yuasa_Wakayama_pref_Japan02s3.jpg,湯浅町,(Wikipedia代表画像),Wikimedia Commons,https://ja.wikipedia.org/wiki/%E6%B9%AF%E6%B5%85%E7%94%BA
C1329,https://upload.wikimedia.org/wikipedia/commons/thumb/d/d2/260516_Inamura-no-Hi_no_Yakata_Hirogawa_Wakayama_pref_Japan04s3.jpg/500px-260516_Inamura-no-Hi_no_Yakata_Hirogawa_Wakayama_pref_Japan04s3.jpg,広川町 (和歌山県),(Wikipedia代表画像),Wikimedia Commons,https://ja.wikipedia.org/wiki/%E5%BA%83%E5%B7%9D%E7%94%BA%20(%E5%92%8C%E6%AD%8C%E5%B1%B1%E7%9C%8C)
C1330,https://upload.wikimedia.org/wikipedia/commons/thumb/7/77/Aragijima003.JPG/500px-Aragijima003.JPG,有田川町,(Wikipedia代表画像),Wikimedia Commons,https://ja.wikipedia.org/wiki/%E6%9C%89%E7%94%B0%E5%B7%9D%E7%94%BA
C1331,https://upload.wikimedia.org/wikipedia/commons/thumb/a/a5/Enjugahama.jpg/500px-Enjugahama.jpg,美浜町 (和歌山県),(Wikipedia代表画像),Wikimedia Commons,https://ja.wikipedia.org/wiki/%E7%BE%8E%E6%B5%9C%E7%94%BA%20(%E5%92%8C%E6%AD%8C%E5%B1%B1%E7%9C%8C)
C1332,https://upload.wikimedia.org/wikipedia/commons/thumb/b/b4/Wakayama_hidaka_townhall.JPG/500px-Wakayama_hidaka_townhall.JPG,日高町 (和歌山県),(Wikipedia代表画像),Wikimedia Commons,https://ja.wikipedia.org/wiki/%E6%97%A5%E9%AB%98%E7%94%BA%20(%E5%92%8C%E6%AD%8C%E5%B1%B1%E7%9C%8C)
C1333,https://upload.wikimedia.org/wikipedia/commons/thumb/e/eb/Shirasakicoast.JPG/500px-Shirasakicoast.JPG,由良町,(Wikipedia代表画像),Wikimedia Commons,https://ja.wikipedia.org/wiki/%E7%94%B1%E8%89%AF%E7%94%BA
C1334,https://upload.wikimedia.org/wikipedia/commons/thumb/b/b8/Kaeruoohashi.jpg/500px-Kaeruoohashi.jpg,印南町,(Wikipedia代表画像),Wikimedia Commons,https://ja.wikipedia.org/wiki/%E5%8D%B0%E5%8D%97%E7%94%BA
C1335,https://upload.wikimedia.org/wikipedia/commons/thumb/9/9b/Minabe-Bairin_Minabe_Wakayama05n4272.jpg/500px-Minabe-Bairin_Minabe_Wakayama05n4272.jpg,みなべ町,(Wikipedia代表画像),Wikimedia Commons,https://ja.wikipedia.org/wiki/%E3%81%BF%E3%81%AA%E3%81%B9%E7%94%BA
C1336,https://upload.wikimedia.org/wikipedia/commons/thumb/d/dd/Dojoji_Gobo_Wakayama15s3200.jpg/500px-Dojoji_Gobo_Wakayama15s3200.jpg,日高川町,(Wikipedia代表画像),Wikimedia Commons,https://ja.wikipedia.org/wiki/%E6%97%A5%E9%AB%98%E5%B7%9D%E7%94%BA
C1337,https://upload.wikimedia.org/wikipedia/commons/thumb/9/9f/Yagami-oji_sacred_arch.jpg/500px-Yagami-oji_sacred_arch.jpg,上富田町,(Wikipedia代表画像),Wikimedia Commons,https://ja.wikipedia.org/wiki/%E4%B8%8A%E5%AF%8C%E7%94%B0%E7%94%BA
C1338,https://upload.wikimedia.org/wikipedia/commons/thumb/0/02/Susami_Town_Shrimp_and_Crab_Aquarium.jpg/500px-Susami_Town_Shrimp_and_Crab_Aquarium.jpg,すさみ町,(Wikipedia代表画像),Wikimedia Commons,https://ja.wikipedia.org/wiki/%E3%81%99%E3%81%95%E3%81%BF%E7%94%BA
C1339,https://upload.wikimedia.org/wikipedia/commons/thumb/d/d1/Taiji_Town_Whale_Museum.jpg/500px-Taiji_Town_Whale_Museum.jpg,太地町,(Wikipedia代表画像),Wikimedia Commons,https://ja.wikipedia.org/wiki/%E5%A4%AA%E5%9C%B0%E7%94%BA
C1340,https://upload.wikimedia.org/wikipedia/commons/thumb/c/c7/Ichimai-iwa%2C_Kozagawa01.JPG/500px-Ichimai-iwa%2C_Kozagawa01.JPG,古座川町,(Wikipedia代表画像),Wikimedia Commons,https://ja.wikipedia.org/wiki/%E5%8F%A4%E5%BA%A7%E5%B7%9D%E7%94%BA
C1341,https://upload.wikimedia.org/wikipedia/commons/thumb/d/df/Raft_river_descent_of_Kitayama_River_D.jpg/500px-Raft_river_descent_of_Kitayama_River_D.jpg,北山村,(Wikipedia代表画像),Wikimedia Commons,https://ja.wikipedia.org/wiki/%E5%8C%97%E5%B1%B1%E6%9D%91
C1342,https://upload.wikimedia.org/wikipedia/commons/thumb/3/31/ShionoMisakiMonument2.JPG/500px-ShionoMisakiMonument2.JPG,串本町,(Wikipedia代表画像),Wikimedia Commons,https://ja.wikipedia.org/wiki/%E4%B8%B2%E6%9C%AC%E7%94%BA
C1343,https://upload.wikimedia.org/wikipedia/commons/thumb/e/ec/Kurayoshi_Utsubuki-Tamagawa33bs3s4410.jpg/500px-Kurayoshi_Utsubuki-Tamagawa33bs3s4410.jpg,倉吉市,(Wikipedia代表画像),Wikimedia Commons,https://ja.wikipedia.org/wiki/%E5%80%89%E5%90%89%E5%B8%82
C1344,https://upload.wikimedia.org/wikipedia/commons/thumb/f/f6/Uradome_Coast_Sengan-Matsushima.JPG/500px-Uradome_Coast_Sengan-Matsushima.JPG,岩美町,(Wikipedia代表画像),Wikimedia Commons,https://ja.wikipedia.org/wiki/%E5%B2%A9%E7%BE%8E%E7%94%BA
C1345,https://upload.wikimedia.org/wikipedia/commons/thumb/4/42/Fudoin_iwayado01st3200.jpg/500px-Fudoin_iwayado01st3200.jpg,若桜町,(Wikipedia代表画像),Wikimedia Commons,https://ja.wikipedia.org/wiki/%E8%8B%A5%E6%A1%9C%E7%94%BA
C1346,https://upload.wikimedia.org/wikipedia/commons/thumb/5/58/150425_Chizu-shuku_Chizu_Tottori_pref_Japan04n.jpg/500px-150425_Chizu-shuku_Chizu_Tottori_pref_Japan04n.jpg,智頭町,(Wikipedia代表画像),Wikimedia Commons,https://ja.wikipedia.org/wiki/%E6%99%BA%E9%A0%AD%E7%94%BA
C1347,https://upload.wikimedia.org/wikipedia/commons/thumb/c/cd/Tottori_Yazu-cho_Hakuto_Shrine_Koma_Usagi.jpg/500px-Tottori_Yazu-cho_Hakuto_Shrine_Koma_Usagi.jpg,八頭町,(Wikipedia代表画像),Wikimedia Commons,https://ja.wikipedia.org/wiki/%E5%85%AB%E9%A0%AD%E7%94%BA
C1348,https://upload.wikimedia.org/wikipedia/commons/c/ce/Misasa_montage.JPG,三朝町,(Wikipedia代表画像),Wikimedia Commons,https://ja.wikipedia.org/wiki/%E4%B8%89%E6%9C%9D%E7%94%BA
C1349,https://upload.wikimedia.org/wikipedia/commons/thumb/0/05/Togo_Onsen06bs4592.jpg/500px-Togo_Onsen06bs4592.jpg,湯梨浜町,(Wikipedia代表画像),Wikimedia Commons,https://ja.wikipedia.org/wiki/%E6%B9%AF%E6%A2%A8%E6%B5%9C%E7%94%BA
C1350,https://upload.wikimedia.org/wikipedia/commons/thumb/2/21/Senjosan_02.jpg/500px-Senjosan_02.jpg,琴浦町,(Wikipedia代表画像),Wikimedia Commons,https://ja.wikipedia.org/wiki/%E7%90%B4%E6%B5%A6%E7%94%BA
C1351,https://upload.wikimedia.org/wikipedia/commons/thumb/7/7e/Gosho_Aoyama_Manga_Factory.jpg/500px-Gosho_Aoyama_Manga_Factory.jpg,北栄町,(Wikipedia代表画像),Wikimedia Commons,https://ja.wikipedia.org/wiki/%E5%8C%97%E6%A0%84%E7%94%BA
C1352,https://upload.wikimedia.org/wikipedia/commons/thumb/3/3f/Hiezu_village_beach_park_-_camp_area_2.jpg/500px-Hiezu_village_beach_park_-_camp_area_2.jpg,日吉津村,(Wikipedia代表画像),Wikimedia Commons,https://ja.wikipedia.org/wiki/%E6%97%A5%E5%90%89%E6%B4%A5%E6%9D%91
C1353,https://upload.wikimedia.org/wikipedia/commons/thumb/a/ad/%E6%A3%AE%E3%81%AE%E5%9B%BD%E5%A4%A7%E5%B1%B1%E3%83%95%E3%82%A3%E3%83%BC%E3%83%AB%E3%83%89%E3%82%A2%E3%82%B9%E3%83%AC%E3%83%81%E3%83%83%E3%82%AF%E3%81%8B%E3%82%89%E8%A6%8B%E3%81%9F%E5%A4%A7%E5%B1%B1_-_panoramio.jpg/500px-%E6%A3%AE%E3%81%AE%E5%9B%BD%E5%A4%A7%E5%B1%B1%E3%83%95%E3%82%A3%E3%83%BC%E3%83%AB%E3%83%89%E3%82%A2%E3%82%B9%E3%83%AC%E3%83%81%E3%83%83%E3%82%AF%E3%81%8B%E3%82%89%E8%A6%8B%E3%81%9F%E5%A4%A7%E5%B1%B1_-_panoramio.jpg,大山町,(Wikipedia代表画像),Wikimedia Commons,https://ja.wikipedia.org/wiki/%E5%A4%A7%E5%B1%B1%E7%94%BA
C1354,https://upload.wikimedia.org/wikipedia/commons/thumb/8/8e/Mt_Daisen_in_Spring_bs1500.jpg/500px-Mt_Daisen_in_Spring_bs1500.jpg,南部町 (鳥取県),(Wikipedia代表画像),Wikimedia Commons,https://ja.wikipedia.org/wiki/%E5%8D%97%E9%83%A8%E7%94%BA%20(%E9%B3%A5%E5%8F%96%E7%9C%8C)
C1355,https://upload.wikimedia.org/wikipedia/commons/thumb/4/44/Mizokuchi-oni.JPG/500px-Mizokuchi-oni.JPG,伯耆町,(Wikipedia代表画像),Wikimedia Commons,https://ja.wikipedia.org/wiki/%E4%BC%AF%E8%80%86%E7%94%BA
C1356,https://upload.wikimedia.org/wikipedia/commons/thumb/e/ed/Sekkakei_01.jpg/500px-Sekkakei_01.jpg,日南町,(Wikipedia代表画像),Wikimedia Commons,https://ja.wikipedia.org/wiki/%E6%97%A5%E5%8D%97%E7%94%BA
C1357,https://upload.wikimedia.org/wikipedia/commons/thumb/8/89/Kamochi_Jinja.jpg/500px-Kamochi_Jinja.jpg,日野町 (鳥取県),(Wikipedia代表画像),Wikimedia Commons,https://ja.wikipedia.org/wiki/%E6%97%A5%E9%87%8E%E7%94%BA%20(%E9%B3%A5%E5%8F%96%E7%9C%8C)
C1358,https://upload.wikimedia.org/wikipedia/commons/thumb/5/55/Kagikake_Pass.JPG/500px-Kagikake_Pass.JPG,江府町,(Wikipedia代表画像),Wikimedia Commons,https://ja.wikipedia.org/wiki/%E6%B1%9F%E5%BA%9C%E7%94%BA
C1359,https://upload.wikimedia.org/wikipedia/commons/thumb/6/61/Nodule_at_Iwami_Tatami-ga-ura.jpg/500px-Nodule_at_Iwami_Tatami-ga-ura.jpg,浜田市,(Wikipedia代表画像),Wikimedia Commons,https://ja.wikipedia.org/wiki/%E6%B5%9C%E7%94%B0%E5%B8%82
C1360,https://upload.wikimedia.org/wikipedia/commons/thumb/0/05/%E8%90%AC%E7%A6%8F%E5%AF%BA%E5%BA%AD%E5%9C%92%28%E7%9B%8A%E7%94%B0%E5%B8%82%29.jpg/500px-%E8%90%AC%E7%A6%8F%E5%AF%BA%E5%BA%AD%E5%9C%92%28%E7%9B%8A%E7%94%B0%E5%B8%82%29.jpg,益田市,(Wikipedia代表画像),Wikimedia Commons,https://ja.wikipedia.org/wiki/%E7%9B%8A%E7%94%B0%E5%B8%82
C1361,https://upload.wikimedia.org/wikipedia/commons/thumb/f/f3/Iwami-Ginzan-03578_%2852651572987%29.jpg/500px-Iwami-Ginzan-03578_%2852651572987%29.jpg,大田市,(Wikipedia代表画像),Wikimedia Commons,https://ja.wikipedia.org/wiki/%E5%A4%A7%E7%94%B0%E5%B8%82
C1362,https://upload.wikimedia.org/wikipedia/commons/thumb/2/2f/Adachi_Museum_of_Art01st3200.jpg/500px-Adachi_Museum_of_Art01st3200.jpg,安来市,(Wikipedia代表画像),Wikimedia Commons,https://ja.wikipedia.org/wiki/%E5%AE%89%E6%9D%A5%E5%B8%82
C1363,https://upload.wikimedia.org/wikipedia/commons/thumb/7/72/Arifukuonsen01.jpg/500px-Arifukuonsen01.jpg,江津市,(Wikipedia代表画像),Wikimedia Commons,https://ja.wikipedia.org/wiki/%E6%B1%9F%E6%B4%A5%E5%B8%82
C1364,https://upload.wikimedia.org/wikipedia/commons/thumb/6/60/%E6%96%90%E4%BC%8A%E5%B7%9D%E5%A0%A4%E9%98%B2%E6%A1%9C%E4%B8%A6%E6%9C%A8%EF%BC%92.JPG/500px-%E6%96%90%E4%BC%8A%E5%B7%9D%E5%A0%A4%E9%98%B2%E6%A1%9C%E4%B8%A6%E6%9C%A8%EF%BC%92.JPG,雲南市,(Wikipedia代表画像),Wikimedia Commons,https://ja.wikipedia.org/wiki/%E9%9B%B2%E5%8D%97%E5%B8%82
C1365,https://upload.wikimedia.org/wikipedia/commons/thumb/9/9f/Oninoshitaburui.jpg/500px-Oninoshitaburui.jpg,奥出雲町,(Wikipedia代表画像),Wikimedia Commons,https://ja.wikipedia.org/wiki/%E5%A5%A5%E5%87%BA%E9%9B%B2%E7%94%BA
C1366,https://upload.wikimedia.org/wikipedia/commons/thumb/7/71/%E9%A3%AF%E5%8D%97%E7%94%BA%E5%BF%97%E6%B4%A5%E8%A6%8B%E3%80%81%E5%9B%BD%E9%81%93184%E5%8F%B7%E7%B7%9A%E6%B2%BF%E3%81%84%E3%81%AE%E3%82%B3%E3%82%B9%E3%83%A2%E3%82%B9.jpg/500px-%E9%A3%AF%E5%8D%97%E7%94%BA%E5%BF%97%E6%B4%A5%E8%A6%8B%E3%80%81%E5%9B%BD%E9%81%93184%E5%8F%B7%E7%B7%9A%E6%B2%BF%E3%81%84%E3%81%AE%E3%82%B3%E3%82%B9%E3%83%A2%E3%82%B9.jpg,飯南町,(Wikipedia代表画像),Wikimedia Commons,https://ja.wikipedia.org/wiki/%E9%A3%AF%E5%8D%97%E7%94%BA
C1367,https://upload.wikimedia.org/wikipedia/commons/thumb/3/38/Maruyamacastle02.JPG/500px-Maruyamacastle02.JPG,川本町,(Wikipedia代表画像),Wikimedia Commons,https://ja.wikipedia.org/wiki/%E5%B7%9D%E6%9C%AC%E7%94%BA
C1368,https://upload.wikimedia.org/wikipedia/commons/thumb/b/b0/Hamahara-1731-r1.JPG/500px-Hamahara-1731-r1.JPG,美郷町 (島根県),(Wikipedia代表画像),Wikimedia Commons,https://ja.wikipedia.org/wiki/%E7%BE%8E%E9%83%B7%E7%94%BA%20(%E5%B3%B6%E6%A0%B9%E7%9C%8C)
C1369,https://upload.wikimedia.org/wikipedia/commons/thumb/c/c1/Dangyokei.jpg/500px-Dangyokei.jpg,邑南町,(Wikipedia代表画像),Wikimedia Commons,https://ja.wikipedia.org/wiki/%E9%82%91%E5%8D%97%E7%94%BA
C1370,https://upload.wikimedia.org/wikipedia/commons/thumb/0/06/%C5%8Cidani_rice_terraces.jpg/500px-%C5%8Cidani_rice_terraces.jpg,吉賀町,(Wikipedia代表画像),Wikimedia Commons,https://ja.wikipedia.org/wiki/%E5%90%89%E8%B3%80%E7%94%BA
C1371,https://upload.wikimedia.org/wikipedia/commons/thumb/6/6d/Ama_town_Oki_Shrine_ac_%281%29.jpg/500px-Ama_town_Oki_Shrine_ac_%281%29.jpg,海士町,(Wikipedia代表画像),Wikimedia Commons,https://ja.wikipedia.org/wiki/%E6%B5%B7%E5%A3%AB%E7%94%BA
C1372,https://upload.wikimedia.org/wikipedia/commons/thumb/5/55/Matengai_Cliff_at_Kuniga_coast%2C_Nishinoshima.jpg/500px-Matengai_Cliff_at_Kuniga_coast%2C_Nishinoshima.jpg,西ノ島町,(Wikipedia代表画像),Wikimedia Commons,https://ja.wikipedia.org/wiki/%E8%A5%BF%E3%83%8E%E5%B3%B6%E7%94%BA
C1373,https://upload.wikimedia.org/wikipedia/commons/thumb/3/39/%E6%B5%B7%E3%81%8B%E3%82%89%E8%A6%8B%E3%82%8B%E7%9F%A5%E5%A4%AB%E8%B5%A4%E5%A3%81.jpg/500px-%E6%B5%B7%E3%81%8B%E3%82%89%E8%A6%8B%E3%82%8B%E7%9F%A5%E5%A4%AB%E8%B5%A4%E5%A3%81.jpg,知夫村,(Wikipedia代表画像),Wikimedia Commons,https://ja.wikipedia.org/wiki/%E7%9F%A5%E5%A4%AB%E6%9D%91
C1374,https://upload.wikimedia.org/wikipedia/commons/thumb/c/c1/%E6%B4%A5%E5%B1%B1%E5%9F%8E_%E5%82%99%E4%B8%AD%E6%AB%93%E3%81%A8%E6%A1%9C.jpg/500px-%E6%B4%A5%E5%B1%B1%E5%9F%8E_%E5%82%99%E4%B8%AD%E6%AB%93%E3%81%A8%E6%A1%9C.jpg,津山市,(Wikipedia代表画像),Wikimedia Commons,https://ja.wikipedia.org/wiki/%E6%B4%A5%E5%B1%B1%E5%B8%82
C1375,https://upload.wikimedia.org/wikipedia/commons/thumb/0/0e/Shibukawa.jpg/500px-Shibukawa.jpg,玉野市,(Wikipedia代表画像),Wikimedia Commons,https://ja.wikipedia.org/wiki/%E7%8E%89%E9%87%8E%E5%B8%82
C1376,https://upload.wikimedia.org/wikipedia/commons/thumb/9/98/Kasaoka_City_Horseshoe_Crab_Museum_-_Apr_12%2C_2007.jpg/500px-Kasaoka_City_Horseshoe_Crab_Museum_-_Apr_12%2C_2007.jpg,笠岡市,(Wikipedia代表画像),Wikimedia Commons,https://ja.wikipedia.org/wiki/%E7%AC%A0%E5%B2%A1%E5%B8%82
C1377,https://upload.wikimedia.org/wikipedia/commons/thumb/b/bd/Aibara_park%2C_Ibara.jpg/500px-Aibara_park%2C_Ibara.jpg,井原市,(Wikipedia代表画像),Wikimedia Commons,https://ja.wikipedia.org/wiki/%E4%BA%95%E5%8E%9F%E5%B8%82
C1378,https://upload.wikimedia.org/wikipedia/commons/thumb/a/a0/Bitchu_Kokubunji%2C_zenkei.jpg/500px-Bitchu_Kokubunji%2C_zenkei.jpg,総社市,(Wikipedia代表画像),Wikimedia Commons,https://ja.wikipedia.org/wiki/%E7%B7%8F%E7%A4%BE%E5%B8%82
C1379,https://upload.wikimedia.org/wikipedia/commons/thumb/1/17/%E6%BA%80%E5%A5%87%E6%B4%9E_-_panoramio.jpg/500px-%E6%BA%80%E5%A5%87%E6%B4%9E_-_panoramio.jpg,新見市,(Wikipedia代表画像),Wikimedia Commons,https://ja.wikipedia.org/wiki/%E6%96%B0%E8%A6%8B%E5%B8%82
C1380,https://upload.wikimedia.org/wikipedia/commons/thumb/2/24/Imbe_Bizen_Okayama_pref_Japan01n.jpg/500px-Imbe_Bizen_Okayama_pref_Japan01n.jpg,備前市,(Wikipedia代表画像),Wikimedia Commons,https://ja.wikipedia.org/wiki/%E5%82%99%E5%89%8D%E5%B8%82
C1381,https://upload.wikimedia.org/wikipedia/commons/thumb/f/f7/Setouchi_Ushimado_Port01n4272.jpg/500px-Setouchi_Ushimado_Port01n4272.jpg,瀬戸内市,(Wikipedia代表画像),Wikimedia Commons,https://ja.wikipedia.org/wiki/%E7%80%AC%E6%88%B8%E5%86%85%E5%B8%82
C1382,https://upload.wikimedia.org/wikipedia/commons/thumb/8/8c/%E7%86%8A%E5%B1%B1%E9%81%BA%E8%B7%A1%EF%BC%92_-_panoramio.jpg/500px-%E7%86%8A%E5%B1%B1%E9%81%BA%E8%B7%A1%EF%BC%92_-_panoramio.jpg,赤磐市,(Wikipedia代表画像),Wikimedia Commons,https://ja.wikipedia.org/wiki/%E8%B5%A4%E7%A3%90%E5%B8%82
C1383,https://upload.wikimedia.org/wikipedia/commons/thumb/1/17/Hiruzen_02.jpg/500px-Hiruzen_02.jpg,真庭市,(Wikipedia代表画像),Wikimedia Commons,https://ja.wikipedia.org/wiki/%E7%9C%9F%E5%BA%AD%E5%B8%82
C1384,https://upload.wikimedia.org/wikipedia/commons/thumb/a/a9/%E6%B9%AF%E9%83%B7%E6%B8%A9%E6%B3%89_-_panoramio.jpg/500px-%E6%B9%AF%E9%83%B7%E6%B8%A9%E6%B3%89_-_panoramio.jpg,美作市,(Wikipedia代表画像),Wikimedia Commons,https://ja.wikipedia.org/wiki/%E7%BE%8E%E4%BD%9C%E5%B8%82
C1385,https://upload.wikimedia.org/wikipedia/commons/thumb/9/9c/Konkokyo_Headquarters_Central_Worship_Hall.jpg/500px-Konkokyo_Headquarters_Central_Worship_Hall.jpg,浅口市,(Wikipedia代表画像),Wikimedia Commons,https://ja.wikipedia.org/wiki/%E6%B5%85%E5%8F%A3%E5%B8%82
C1386,https://upload.wikimedia.org/wikipedia/commons/thumb/2/2c/Wake_fuji_park01.jpg/500px-Wake_fuji_park01.jpg,和気町,(Wikipedia代表画像),Wikimedia Commons,https://ja.wikipedia.org/wiki/%E5%92%8C%E6%B0%97%E7%94%BA
C1387,https://upload.wikimedia.org/wikipedia/commons/thumb/2/27/Sakura_in_Hayashima_Park.jpg/500px-Sakura_in_Hayashima_Park.jpg,早島町,(Wikipedia代表画像),Wikimedia Commons,https://ja.wikipedia.org/wiki/%E6%97%A9%E5%B3%B6%E7%94%BA
C1388,https://upload.wikimedia.org/wikipedia/commons/thumb/d/d5/%E4%BB%81%E7%A7%91%E8%8A%B3%E9%9B%84%E7%94%9F%E5%AE%B6.jpg/500px-%E4%BB%81%E7%A7%91%E8%8A%B3%E9%9B%84%E7%94%9F%E5%AE%B6.jpg,里庄町,(Wikipedia代表画像),Wikimedia Commons,https://ja.wikipedia.org/wiki/%E9%87%8C%E5%BA%84%E7%94%BA
C1389,https://upload.wikimedia.org/wikipedia/commons/thumb/8/8e/160320_Former_Yakage_Waki-honjin_Takakusa_Family_Residence_Yakage_Okayama_pref_Japan27s3.jpg/500px-160320_Former_Yakage_Waki-honjin_Takakusa_Family_Residence_Yakage_Okayama_pref_Japan27s3.jpg,矢掛町,(Wikipedia代表画像),Wikimedia Commons,https://ja.wikipedia.org/wiki/%E7%9F%A2%E6%8E%9B%E7%94%BA
C1390,https://upload.wikimedia.org/wikipedia/commons/thumb/2/28/Shinjo-juku_-01.jpg/500px-Shinjo-juku_-01.jpg,新庄村,(Wikipedia代表画像),Wikimedia Commons,https://ja.wikipedia.org/wiki/%E6%96%B0%E5%BA%84%E6%9D%91
C1391,https://upload.wikimedia.org/wikipedia/commons/thumb/9/94/Okutsu_Onsen_04.jpg/500px-Okutsu_Onsen_04.jpg,鏡野町,(Wikipedia代表画像),Wikimedia Commons,https://ja.wikipedia.org/wiki/%E9%8F%A1%E9%87%8E%E7%94%BA
C1392,https://upload.wikimedia.org/wikipedia/commons/thumb/c/ca/Farmer_Katsuta-countryoffice.jpg/500px-Farmer_Katsuta-countryoffice.jpg,勝央町,(Wikipedia代表画像),Wikimedia Commons,https://ja.wikipedia.org/wiki/%E5%8B%9D%E5%A4%AE%E7%94%BA
C1393,https://upload.wikimedia.org/wikipedia/commons/thumb/c/c5/Mt_Nagisan.jpg/500px-Mt_Nagisan.jpg,奈義町,(Wikipedia代表画像),Wikimedia Commons,https://ja.wikipedia.org/wiki/%E5%A5%88%E7%BE%A9%E7%94%BA
C1394,https://upload.wikimedia.org/wikipedia/commons/thumb/9/98/Awakura_Onsen_Motoyu_%28former%29_20040102.jpg/500px-Awakura_Onsen_Motoyu_%28former%29_20040102.jpg,西粟倉村,(Wikipedia代表画像),Wikimedia Commons,https://ja.wikipedia.org/wiki/%E8%A5%BF%E7%B2%9F%E5%80%89%E6%9D%91
C1395,https://upload.wikimedia.org/wikipedia/commons/thumb/7/70/Tochikorozan_Tanjoji_02.JPG/500px-Tochikorozan_Tanjoji_02.JPG,久米南町,(Wikipedia代表画像),Wikimedia Commons,https://ja.wikipedia.org/wiki/%E4%B9%85%E7%B1%B3%E5%8D%97%E7%94%BA
C1396,https://upload.wikimedia.org/wikipedia/commons/thumb/5/51/Ohaga-nishi_-06.jpg/500px-Ohaga-nishi_-06.jpg,美咲町,(Wikipedia代表画像),Wikimedia Commons,https://ja.wikipedia.org/wiki/%E7%BE%8E%E5%92%B2%E7%94%BA
C1397,https://upload.wikimedia.org/wikipedia/commons/thumb/c/c4/Tenraian_02.JPG/500px-Tenraian_02.JPG,吉備中央町,(Wikipedia代表画像),Wikimedia Commons,https://ja.wikipedia.org/wiki/%E5%90%89%E5%82%99%E4%B8%AD%E5%A4%AE%E7%94%BA
C1398,https://upload.wikimedia.org/wikipedia/commons/thumb/2/24/Taketsuru_house_Takehara.jpg/500px-Taketsuru_house_Takehara.jpg,竹原市,(Wikipedia代表画像),Wikimedia Commons,https://ja.wikipedia.org/wiki/%E7%AB%B9%E5%8E%9F%E5%B8%82
C1399,https://upload.wikimedia.org/wikipedia/commons/thumb/e/e2/%E3%82%84%E3%81%A3%E3%81%95%E7%A5%AD%E3%82%8A2.jpg/500px-%E3%82%84%E3%81%A3%E3%81%95%E7%A5%AD%E3%82%8A2.jpg,三原市,(Wikipedia代表画像),Wikimedia Commons,https://ja.wikipedia.org/wiki/%E4%B8%89%E5%8E%9F%E5%B8%82
C1400,https://upload.wikimedia.org/wikipedia/commons/thumb/4/45/Fukuyama_Montage.jpg/500px-Fukuyama_Montage.jpg,福山市,(Wikipedia代表画像),Wikimedia Commons,https://ja.wikipedia.org/wiki/%E7%A6%8F%E5%B1%B1%E5%B8%82
C1401,https://upload.wikimedia.org/wikipedia/commons/thumb/0/0c/%E5%BA%9C%E4%B8%AD%E5%85%AC%E5%9C%92_Fuchu_park_-_panoramio.jpg/500px-%E5%BA%9C%E4%B8%AD%E5%85%AC%E5%9C%92_Fuchu_park_-_panoramio.jpg,府中市 (広島県),(Wikipedia代表画像),Wikimedia Commons,https://ja.wikipedia.org/wiki/%E5%BA%9C%E4%B8%AD%E5%B8%82%20(%E5%BA%83%E5%B3%B6%E7%9C%8C)
C1402,https://upload.wikimedia.org/wikipedia/commons/thumb/7/76/Tomoe_bridge_Miyoshi.jpg/500px-Tomoe_bridge_Miyoshi.jpg,三次市,(Wikipedia代表画像),Wikimedia Commons,https://ja.wikipedia.org/wiki/%E4%B8%89%E6%AC%A1%E5%B8%82
C1403,https://upload.wikimedia.org/wikipedia/commons/thumb/3/3c/Bihoku-kyuryo_Park.jpg/500px-Bihoku-kyuryo_Park.jpg,庄原市,(Wikipedia代表画像),Wikimedia Commons,https://ja.wikipedia.org/wiki/%E5%BA%84%E5%8E%9F%E5%B8%82
C1404,https://upload.wikimedia.org/wikipedia/commons/thumb/5/54/%E4%B8%89%E5%80%89%E5%B2%B3_Mikuradake_-_panoramio.jpg/500px-%E4%B8%89%E5%80%89%E5%B2%B3_Mikuradake_-_panoramio.jpg,大竹市,(Wikipedia代表画像),Wikimedia Commons,https://ja.wikipedia.org/wiki/%E5%A4%A7%E7%AB%B9%E5%B8%82
C1405,https://upload.wikimedia.org/wikipedia/commons/thumb/2/28/%E9%85%92%E8%94%B5%E9%80%9A%E3%82%8A.JPG/500px-%E9%85%92%E8%94%B5%E9%80%9A%E3%82%8A.JPG,東広島市,(Wikipedia代表画像),Wikimedia Commons,https://ja.wikipedia.org/wiki/%E6%9D%B1%E5%BA%83%E5%B3%B6%E5%B8%82
C1406,https://upload.wikimedia.org/wikipedia/commons/thumb/7/73/Yoshida-kouriyama_Castle_Honmaru.JPG/500px-Yoshida-kouriyama_Castle_Honmaru.JPG,安芸高田市,(Wikipedia代表画像),Wikimedia Commons,https://ja.wikipedia.org/wiki/%E5%AE%89%E8%8A%B8%E9%AB%98%E7%94%B0%E5%B8%82
C1407,https://upload.wikimedia.org/wikipedia/commons/thumb/5/50/JMSDF-Officer-Candidate-School-Former-Japanese-Naval-Academy.png/500px-JMSDF-Officer-Candidate-School-Former-Japanese-Naval-Academy.png,江田島市,(Wikipedia代表画像),Wikimedia Commons,https://ja.wikipedia.org/wiki/%E6%B1%9F%E7%94%B0%E5%B3%B6%E5%B8%82
C1408,https://upload.wikimedia.org/wikipedia/commons/thumb/2/29/Mikumari-kyo_20121020-5.JPG/500px-Mikumari-kyo_20121020-5.JPG,府中町,(Wikipedia代表画像),Wikimedia Commons,https://ja.wikipedia.org/wiki/%E5%BA%9C%E4%B8%AD%E7%94%BA
C1409,https://upload.wikimedia.org/wikipedia/commons/thumb/a/a8/%E9%99%B8%E4%B8%8A%E8%87%AA%E8%A1%9B%E9%9A%8A%E6%B5%B7%E7%94%B0%E9%A7%90%E5%B1%AF%E5%9C%B001.jpg/500px-%E9%99%B8%E4%B8%8A%E8%87%AA%E8%A1%9B%E9%9A%8A%E6%B5%B7%E7%94%B0%E9%A7%90%E5%B1%AF%E5%9C%B001.jpg,海田町,(Wikipedia代表画像),Wikimedia Commons,https://ja.wikipedia.org/wiki/%E6%B5%B7%E7%94%B0%E7%94%BA
C1410,https://upload.wikimedia.org/wikipedia/commons/thumb/b/b2/%E5%B7%A8%E5%A4%A7%E7%86%8A%E9%87%8E%E7%AD%8601.jpg/500px-%E5%B7%A8%E5%A4%A7%E7%86%8A%E9%87%8E%E7%AD%8601.jpg,熊野町,(Wikipedia代表画像),Wikimedia Commons,https://ja.wikipedia.org/wiki/%E7%86%8A%E9%87%8E%E7%94%BA
C1411,https://upload.wikimedia.org/wikipedia/commons/thumb/f/f9/%E3%83%99%E3%82%A4%E3%82%B5%E3%82%A4%E3%83%89%E3%83%93%E3%83%BC%E3%83%81%E5%9D%82.jpg/500px-%E3%83%99%E3%82%A4%E3%82%B5%E3%82%A4%E3%83%89%E3%83%93%E3%83%BC%E3%83%81%E5%9D%82.jpg,坂町,(Wikipedia代表画像),Wikimedia Commons,https://ja.wikipedia.org/wiki/%E5%9D%82%E7%94%BA
C1412,https://upload.wikimedia.org/wikipedia/commons/thumb/d/d4/Sandan_Falls_%2815231790506%29.jpg/500px-Sandan_Falls_%2815231790506%29.jpg,安芸太田町,(Wikipedia代表画像),Wikimedia Commons,https://ja.wikipedia.org/wiki/%E5%AE%89%E8%8A%B8%E5%A4%AA%E7%94%B0%E7%94%BA
C1413,https://upload.wikimedia.org/wikipedia/commons/thumb/4/4a/Mibu-hanadaue02.JPG/500px-Mibu-hanadaue02.JPG,北広島町,(Wikipedia代表画像),Wikimedia Commons,https://ja.wikipedia.org/wiki/%E5%8C%97%E5%BA%83%E5%B3%B6%E7%94%BA
C1414,https://upload.wikimedia.org/wikipedia/commons/thumb/8/85/%E5%A4%A7%E5%B4%8E%E4%B8%8A%E5%B3%B6_%E6%B5%B7%E3%81%A8%E5%B3%B6%E3%81%AE%E6%AD%B4%E5%8F%B2%E8%B3%87%E6%96%99%E9%A4%A8_2013-08.JPG/500px-%E5%A4%A7%E5%B4%8E%E4%B8%8A%E5%B3%B6_%E6%B5%B7%E3%81%A8%E5%B3%B6%E3%81%AE%E6%AD%B4%E5%8F%B2%E8%B3%87%E6%96%99%E9%A4%A8_2013-08.JPG,大崎上島町,(Wikipedia代表画像),Wikimedia Commons,https://ja.wikipedia.org/wiki/%E5%A4%A7%E5%B4%8E%E4%B8%8A%E5%B3%B6%E7%94%BA
C1415,https://upload.wikimedia.org/wikipedia/commons/thumb/4/45/%E3%81%9B%E3%82%89%E3%83%AF%E3%82%A4%E3%83%8A%E3%83%AA%E3%83%BC_Sera_Winery_-_panoramio.jpg/500px-%E3%81%9B%E3%82%89%E3%83%AF%E3%82%A4%E3%83%8A%E3%83%AA%E3%83%BC_Sera_Winery_-_panoramio.jpg,世羅町,(Wikipedia代表画像),Wikimedia Commons,https://ja.wikipedia.org/wiki/%E4%B8%96%E7%BE%85%E7%94%BA
C1416,https://upload.wikimedia.org/wikipedia/commons/thumb/f/f6/Sakurabashi_in_Taishakukyo.JPG/500px-Sakurabashi_in_Taishakukyo.JPG,神石高原町,(Wikipedia代表画像),Wikimedia Commons,https://ja.wikipedia.org/wiki/%E7%A5%9E%E7%9F%B3%E9%AB%98%E5%8E%9F%E7%94%BA
C1417,https://upload.wikimedia.org/wikipedia/commons/thumb/8/87/Tokiwa_park.jpg/500px-Tokiwa_park.jpg,宇部市,(Wikipedia代表画像),Wikimedia Commons,https://ja.wikipedia.org/wiki/%E5%AE%87%E9%83%A8%E5%B8%82
C1418,https://upload.wikimedia.org/wikipedia/commons/thumb/7/7b/Hofu-tenmangu%2C_roumon-1.jpg/500px-Hofu-tenmangu%2C_roumon-1.jpg,防府市,(Wikipedia代表画像),Wikimedia Commons,https://ja.wikipedia.org/wiki/%E9%98%B2%E5%BA%9C%E5%B8%82
C1419,https://upload.wikimedia.org/wikipedia/commons/thumb/5/59/KudamatsuKasadoBridge.jpg/500px-KudamatsuKasadoBridge.jpg,下松市,(Wikipedia代表画像),Wikimedia Commons,https://ja.wikipedia.org/wiki/%E4%B8%8B%E6%9D%BE%E5%B8%82
C1420,https://upload.wikimedia.org/wikipedia/commons/thumb/d/db/%E5%AE%A4%E7%A9%8D%E6%B5%B7%E5%B2%B8.jpg/500px-%E5%AE%A4%E7%A9%8D%E6%B5%B7%E5%B2%B8.jpg,光市,(Wikipedia代表画像),Wikimedia Commons,https://ja.wikipedia.org/wiki/%E5%85%89%E5%B8%82
C1421,https://upload.wikimedia.org/wikipedia/commons/thumb/5/56/Omijima20090301.jpg/500px-Omijima20090301.jpg,長門市,(Wikipedia代表画像),Wikimedia Commons,https://ja.wikipedia.org/wiki/%E9%95%B7%E9%96%80%E5%B8%82
C1422,https://upload.wikimedia.org/wikipedia/commons/thumb/9/99/Yanai_City_01.JPG/500px-Yanai_City_01.JPG,柳井市,(Wikipedia代表画像),Wikimedia Commons,https://ja.wikipedia.org/wiki/%E6%9F%B3%E4%BA%95%E5%B8%82
C1423,https://upload.wikimedia.org/wikipedia/commons/thumb/4/4b/%E7%A7%8B%E5%90%89%E5%8F%B0%E9%A2%A8%E6%99%AF.jpg/500px-%E7%A7%8B%E5%90%89%E5%8F%B0%E9%A2%A8%E6%99%AF.jpg,美祢市,(Wikipedia代表画像),Wikimedia Commons,https://ja.wikipedia.org/wiki/%E7%BE%8E%E7%A5%A2%E5%B8%82
C1424,https://upload.wikimedia.org/wikipedia/commons/thumb/c/c0/Tokuyamazoo.jpg/500px-Tokuyamazoo.jpg,周南市,(Wikipedia代表画像),Wikimedia Commons,https://ja.wikipedia.org/wiki/%E5%91%A8%E5%8D%97%E5%B8%82
C1425,https://upload.wikimedia.org/wikipedia/commons/thumb/8/86/Ryuo-zan_Park_Onoda_2022_03.jpg/500px-Ryuo-zan_Park_Onoda_2022_03.jpg,山陽小野田市,(Wikipedia代表画像),Wikimedia Commons,https://ja.wikipedia.org/wiki/%E5%B1%B1%E9%99%BD%E5%B0%8F%E9%87%8E%E7%94%B0%E5%B8%82
C1426,https://upload.wikimedia.org/wikipedia/commons/thumb/7/7f/%E7%89%87%E6%B7%BB%E3%83%B6%E6%B5%9C%E6%B5%B7%E6%B0%B4%E6%B5%B4%E5%A0%B4.jpg/500px-%E7%89%87%E6%B7%BB%E3%83%B6%E6%B5%9C%E6%B5%B7%E6%B0%B4%E6%B5%B4%E5%A0%B4.jpg,周防大島町,(Wikipedia代表画像),Wikimedia Commons,https://ja.wikipedia.org/wiki/%E5%91%A8%E9%98%B2%E5%A4%A7%E5%B3%B6%E7%94%BA
C1427,https://upload.wikimedia.org/wikipedia/commons/thumb/d/d4/%E8%9C%82%E3%83%B6%E5%B3%AF%E7%B7%8F%E5%90%88%E5%85%AC%E5%9C%92%E8%A6%B3%E8%A6%A7%E8%BB%8A.jpg/500px-%E8%9C%82%E3%83%B6%E5%B3%AF%E7%B7%8F%E5%90%88%E5%85%AC%E5%9C%92%E8%A6%B3%E8%A6%A7%E8%BB%8A.jpg,和木町,(Wikipedia代表画像),Wikimedia Commons,https://ja.wikipedia.org/wiki/%E5%92%8C%E6%9C%A8%E7%94%BA
C1428,https://upload.wikimedia.org/wikipedia/commons/thumb/5/56/%E5%9B%9B%E9%9A%8E%E6%A5%BC_01.jpg/500px-%E5%9B%9B%E9%9A%8E%E6%A5%BC_01.jpg,上関町,(Wikipedia代表画像),Wikimedia Commons,https://ja.wikipedia.org/wiki/%E4%B8%8A%E9%96%A2%E7%94%BA
C1429,https://upload.wikimedia.org/wikipedia/commons/thumb/c/cc/Wax_tree_in_Syukui.jpg/500px-Wax_tree_in_Syukui.jpg,田布施町,(Wikipedia代表画像),Wikimedia Commons,https://ja.wikipedia.org/wiki/%E7%94%B0%E5%B8%83%E6%96%BD%E7%94%BA
C1430,https://upload.wikimedia.org/wikipedia/commons/thumb/6/63/%E9%A6%AC%E5%B3%B6%EF%BC%88Umashima_from_Oohoshi%EF%BC%89_-_panoramio_%281%29.jpg/500px-%E9%A6%AC%E5%B3%B6%EF%BC%88Umashima_from_Oohoshi%EF%BC%89_-_panoramio_%281%29.jpg,平生町,(Wikipedia代表画像),Wikimedia Commons,https://ja.wikipedia.org/wiki/%E5%B9%B3%E7%94%9F%E7%94%BA
C1431,https://upload.wikimedia.org/wikipedia/commons/thumb/4/46/JRW_Sanin-main-line_Kiha47_Sogo-river-bridge.jpg/500px-JRW_Sanin-main-line_Kiha47_Sogo-river-bridge.jpg,阿武町,(Wikipedia代表画像),Wikimedia Commons,https://ja.wikipedia.org/wiki/%E9%98%BF%E6%AD%A6%E7%94%BA
C1432,https://upload.wikimedia.org/wikipedia/commons/thumb/5/50/JIN_MAN_HAI_at_Tokushima_Komatsushima_Port_Container_Terminal2.jpg/500px-JIN_MAN_HAI_at_Tokushima_Komatsushima_Port_Container_Terminal2.jpg,小松島市,(Wikipedia代表画像),Wikimedia Commons,https://ja.wikipedia.org/wiki/%E5%B0%8F%E6%9D%BE%E5%B3%B6%E5%B8%82
C1433,https://upload.wikimedia.org/wikipedia/commons/thumb/4/49/Kamodamisaki_Lighthouse.jpg/500px-Kamodamisaki_Lighthouse.jpg,阿南市,(Wikipedia代表画像),Wikimedia Commons,https://ja.wikipedia.org/wiki/%E9%98%BF%E5%8D%97%E5%B8%82
C1434,https://upload.wikimedia.org/wikipedia/commons/thumb/d/da/Huziidera12.jpg/500px-Huziidera12.jpg,吉野川市,(Wikipedia代表画像),Wikimedia Commons,https://ja.wikipedia.org/wiki/%E5%90%89%E9%87%8E%E5%B7%9D%E5%B8%82
C1435,https://upload.wikimedia.org/wikipedia/commons/thumb/a/a7/Awano-dochu_Hatougatake.JPG/500px-Awano-dochu_Hatougatake.JPG,阿波市,(Wikipedia代表画像),Wikimedia Commons,https://ja.wikipedia.org/wiki/%E9%98%BF%E6%B3%A2%E5%B8%82
C1436,https://upload.wikimedia.org/wikipedia/commons/thumb/0/0f/Wakimati_minamimati_20250828_4.jpg/500px-Wakimati_minamimati_20250828_4.jpg,美馬市,(Wikipedia代表画像),Wikimedia Commons,https://ja.wikipedia.org/wiki/%E7%BE%8E%E9%A6%AC%E5%B8%82
C1437,https://upload.wikimedia.org/wikipedia/commons/thumb/c/c1/Big-hinamatsuri%28tokushima%29.JPG/500px-Big-hinamatsuri%28tokushima%29.JPG,勝浦町,(Wikipedia代表画像),Wikimedia Commons,https://ja.wikipedia.org/wiki/%E5%8B%9D%E6%B5%A6%E7%94%BA
C1438,https://upload.wikimedia.org/wikipedia/commons/thumb/8/8d/%E5%A4%A7%E5%B7%9D%E5%8E%9F%E9%AB%98%E5%8E%9F_-_panoramio.jpg/500px-%E5%A4%A7%E5%B7%9D%E5%8E%9F%E9%AB%98%E5%8E%9F_-_panoramio.jpg,佐那河内村,(Wikipedia代表画像),Wikimedia Commons,https://ja.wikipedia.org/wiki/%E4%BD%90%E9%82%A3%E6%B2%B3%E5%86%85%E6%9D%91
C1439,https://upload.wikimedia.org/wikipedia/commons/thumb/f/f5/Jifuku-ji2.jpeg/500px-Jifuku-ji2.jpeg,石井町,(Wikipedia代表画像),Wikimedia Commons,https://ja.wikipedia.org/wiki/%E7%9F%B3%E4%BA%95%E7%94%BA
C1440,https://upload.wikimedia.org/wikipedia/commons/thumb/e/e7/Il_rosa_20221115_1.jpg/500px-Il_rosa_20221115_1.jpg,神山町,(Wikipedia代表画像),Wikimedia Commons,https://ja.wikipedia.org/wiki/%E7%A5%9E%E5%B1%B1%E7%94%BA
C1441,https://upload.wikimedia.org/wikipedia/commons/thumb/3/30/Ogama_Falls_01.JPG/500px-Ogama_Falls_01.JPG,那賀町,(Wikipedia代表画像),Wikimedia Commons,https://ja.wikipedia.org/wiki/%E9%82%A3%E8%B3%80%E7%94%BA
C1442,https://upload.wikimedia.org/wikipedia/commons/thumb/7/79/Morasukomugi20220524_1.jpg/500px-Morasukomugi20220524_1.jpg,牟岐町,(Wikipedia代表画像),Wikimedia Commons,https://ja.wikipedia.org/wiki/%E7%89%9F%E5%B2%90%E7%94%BA
C1443,https://upload.wikimedia.org/wikipedia/commons/thumb/6/62/%C5%8Chama_Beach_02.jpg/500px-%C5%8Chama_Beach_02.jpg,美波町,(Wikipedia代表画像),Wikimedia Commons,https://ja.wikipedia.org/wiki/%E7%BE%8E%E6%B3%A2%E7%94%BA
C1444,https://upload.wikimedia.org/wikipedia/commons/thumb/3/3a/Todoroki_Watefalls_02.JPG/500px-Todoroki_Watefalls_02.JPG,海陽町,(Wikipedia代表画像),Wikimedia Commons,https://ja.wikipedia.org/wiki/%E6%B5%B7%E9%99%BD%E7%94%BA
C1445,https://upload.wikimedia.org/wikipedia/commons/thumb/c/c6/Tsukimigaoka-Kaihin-Koen.jpg/500px-Tsukimigaoka-Kaihin-Koen.jpg,松茂町,(Wikipedia代表画像),Wikimedia Commons,https://ja.wikipedia.org/wiki/%E6%9D%BE%E8%8C%82%E7%94%BA
C1446,https://upload.wikimedia.org/wikipedia/commons/thumb/9/9e/Kitajima_Tulip_Park_01.jpg/500px-Kitajima_Tulip_Park_01.jpg,北島町,(Wikipedia代表画像),Wikimedia Commons,https://ja.wikipedia.org/wiki/%E5%8C%97%E5%B3%B6%E7%94%BA
C1447,https://upload.wikimedia.org/wikipedia/commons/thumb/4/44/Aizumi_Ai_no_Yakata.jpg/500px-Aizumi_Ai_no_Yakata.jpg,藍住町,(Wikipedia代表画像),Wikimedia Commons,https://ja.wikipedia.org/wiki/%E8%97%8D%E4%BD%8F%E7%94%BA
C1448,https://upload.wikimedia.org/wikipedia/commons/thumb/a/aa/Konsenji_02.JPG/500px-Konsenji_02.JPG,板野町,(Wikipedia代表画像),Wikimedia Commons,https://ja.wikipedia.org/wiki/%E6%9D%BF%E9%87%8E%E7%94%BA
C1449,https://upload.wikimedia.org/wikipedia/commons/thumb/a/a7/%E4%B9%B3%E4%BF%9D%E7%A5%9E%E7%A4%BE%E3%81%AE%E3%82%A4%E3%83%81%E3%83%A7%E3%82%A6.jpeg/500px-%E4%B9%B3%E4%BF%9D%E7%A5%9E%E7%A4%BE%E3%81%AE%E3%82%A4%E3%83%81%E3%83%A7%E3%82%A6.jpeg,上板町,(Wikipedia代表画像),Wikimedia Commons,https://ja.wikipedia.org/wiki/%E4%B8%8A%E6%9D%BF%E7%94%BA
C1450,https://upload.wikimedia.org/wikipedia/commons/thumb/3/39/%EF%BC%B5%EF%BD%84%EF%BD%81%EF%BD%94%EF%BD%95%EF%BD%8D%EF%BD%81%EF%BD%94%EF%BD%89%EF%BD%8E%EF%BD%81%EF%BD%8D%EF%BD%89_%EF%BD%94%EF%BD%95%EF%BD%92%EF%BD%95%EF%BD%87%EF%BD%89.jpg/500px-%EF%BC%B5%EF%BD%84%EF%BD%81%EF%BD%94%EF%BD%95%EF%BD%8D%EF%BD%81%EF%BD%94%EF%BD%89%EF%BD%8E%EF%BD%81%EF%BD%8D%EF%BD%89_%EF%BD%94%EF%BD%95%EF%BD%92%EF%BD%95%EF%BD%87%EF%BD%89.jpg,つるぎ町,(Wikipedia代表画像),Wikimedia Commons,https://ja.wikipedia.org/wiki/%E3%81%A4%E3%82%8B%E3%81%8E%E7%94%BA
C1451,https://upload.wikimedia.org/wikipedia/commons/thumb/0/0c/Kamo-no-Okusu-1.jpg/500px-Kamo-no-Okusu-1.jpg,東みよし町,(Wikipedia代表画像),Wikimedia Commons,https://ja.wikipedia.org/wiki/%E6%9D%B1%E3%81%BF%E3%82%88%E3%81%97%E7%94%BA
C1452,https://upload.wikimedia.org/wikipedia/commons/thumb/2/28/JP-Kagawa-Great-Seto-Bridge-Minami_Bisan-Seto-Bridge.jpg/500px-JP-Kagawa-Great-Seto-Bridge-Minami_Bisan-Seto-Bridge.jpg,坂出市,(Wikipedia代表画像),Wikimedia Commons,https://ja.wikipedia.org/wiki/%E5%9D%82%E5%87%BA%E5%B8%82
C1453,https://upload.wikimedia.org/wikipedia/commons/thumb/9/93/Zentsu-ji_in_Zentsu-ji_City_Kagawa_pref46n4350.jpg/500px-Zentsu-ji_in_Zentsu-ji_City_Kagawa_pref46n4350.jpg,善通寺市,(Wikipedia代表画像),Wikimedia Commons,https://ja.wikipedia.org/wiki/%E5%96%84%E9%80%9A%E5%AF%BA%E5%B8%82
C1454,https://upload.wikimedia.org/wikipedia/commons/thumb/4/4a/Zenigata_sunae.jpg/500px-Zenigata_sunae.jpg,観音寺市,(Wikipedia代表画像),Wikimedia Commons,https://ja.wikipedia.org/wiki/%E8%A6%B3%E9%9F%B3%E5%AF%BA%E5%B8%82
C1455,https://upload.wikimedia.org/wikipedia/commons/thumb/7/70/Oogusi_20221022_11.jpg/500px-Oogusi_20221022_11.jpg,さぬき市,(Wikipedia代表画像),Wikimedia Commons,https://ja.wikipedia.org/wiki/%E3%81%95%E3%81%AC%E3%81%8D%E5%B8%82
C1456,https://upload.wikimedia.org/wikipedia/commons/thumb/2/2a/Toramaru_park04ds3872.jpg/500px-Toramaru_park04ds3872.jpg,東かがわ市,(Wikipedia代表画像),Wikimedia Commons,https://ja.wikipedia.org/wiki/%E6%9D%B1%E3%81%8B%E3%81%8C%E3%82%8F%E5%B8%82
C1457,https://upload.wikimedia.org/wikipedia/commons/thumb/5/52/Siudeyama01.jpg/500px-Siudeyama01.jpg,三豊市,(Wikipedia代表画像),Wikimedia Commons,https://ja.wikipedia.org/wiki/%E4%B8%89%E8%B1%8A%E5%B8%82
C1458,https://upload.wikimedia.org/wikipedia/commons/thumb/9/92/Angel_Road_Shodo_Island_Japan01s3.jpg/500px-Angel_Road_Shodo_Island_Japan01s3.jpg,土庄町,(Wikipedia代表画像),Wikimedia Commons,https://ja.wikipedia.org/wiki/%E5%9C%9F%E5%BA%84%E7%94%BA
C1459,https://upload.wikimedia.org/wikipedia/commons/thumb/8/83/Mt_shirayama_South_side_at_SanukiMiki.jpg/500px-Mt_shirayama_South_side_at_SanukiMiki.jpg,三木町,(Wikipedia代表画像),Wikimedia Commons,https://ja.wikipedia.org/wiki/%E4%B8%89%E6%9C%A8%E7%94%BA
C1460,https://upload.wikimedia.org/wikipedia/commons/thumb/5/50/Utazu-kamaya%2CGold_Tower_201207.jpg/500px-Utazu-kamaya%2CGold_Tower_201207.jpg,宇多津町,(Wikipedia代表画像),Wikimedia Commons,https://ja.wikipedia.org/wiki/%E5%AE%87%E5%A4%9A%E6%B4%A5%E7%94%BA
C1461,https://upload.wikimedia.org/wikipedia/commons/thumb/a/a0/Takinomiya_tenmangu.jpg/500px-Takinomiya_tenmangu.jpg,綾川町,(Wikipedia代表画像),Wikimedia Commons,https://ja.wikipedia.org/wiki/%E7%B6%BE%E5%B7%9D%E7%94%BA
C1462,https://upload.wikimedia.org/wikipedia/commons/thumb/1/1d/%E5%B0%91%E6%9E%97%E5%AF%BA%E6%8B%B3%E6%B3%95%E7%B7%8F%E6%9C%AC%E9%83%A8.JPG/500px-%E5%B0%91%E6%9E%97%E5%AF%BA%E6%8B%B3%E6%B3%95%E7%B7%8F%E6%9C%AC%E9%83%A8.JPG,多度津町,(Wikipedia代表画像),Wikimedia Commons,https://ja.wikipedia.org/wiki/%E5%A4%9A%E5%BA%A6%E6%B4%A5%E7%94%BA
C1463,https://upload.wikimedia.org/wikipedia/commons/thumb/e/ec/Mannouike_01.jpg/500px-Mannouike_01.jpg,まんのう町,(Wikipedia代表画像),Wikimedia Commons,https://ja.wikipedia.org/wiki/%E3%81%BE%E3%82%93%E3%81%AE%E3%81%86%E7%94%BA
C1464,https://upload.wikimedia.org/wikipedia/commons/thumb/1/12/Yawatahama_Port_-_panoramio_%281%29.jpg/500px-Yawatahama_Port_-_panoramio_%281%29.jpg,八幡浜市,(Wikipedia代表画像),Wikimedia Commons,https://ja.wikipedia.org/wiki/%E5%85%AB%E5%B9%A1%E6%B5%9C%E5%B8%82
C1465,https://upload.wikimedia.org/wikipedia/commons/thumb/8/8a/Niihamataikomatsuri001.jpg/500px-Niihamataikomatsuri001.jpg,新居浜市,(Wikipedia代表画像),Wikimedia Commons,https://ja.wikipedia.org/wiki/%E6%96%B0%E5%B1%85%E6%B5%9C%E5%B8%82
C1466,https://upload.wikimedia.org/wikipedia/commons/thumb/b/b6/Saijyo_Matsuri_Syunuri_Danjiri.jpg/500px-Saijyo_Matsuri_Syunuri_Danjiri.jpg,西条市,(Wikipedia代表画像),Wikimedia Commons,https://ja.wikipedia.org/wiki/%E8%A5%BF%E6%9D%A1%E5%B8%82
C1467,https://upload.wikimedia.org/wikipedia/commons/thumb/f/f5/Ozu_Castle_05.JPG/500px-Ozu_Castle_05.JPG,大洲市,(Wikipedia代表画像),Wikimedia Commons,https://ja.wikipedia.org/wiki/%E5%A4%A7%E6%B4%B2%E5%B8%82
C1468,https://upload.wikimedia.org/wikipedia/commons/thumb/f/f3/Former_Bananko_Lighthouse_20250510_%282%29.jpg/500px-Former_Bananko_Lighthouse_20250510_%282%29.jpg,伊予市,(Wikipedia代表画像),Wikimedia Commons,https://ja.wikipedia.org/wiki/%E4%BC%8A%E4%BA%88%E5%B8%82
C1469,https://upload.wikimedia.org/wikipedia/commons/thumb/3/3e/Suiha10.jpg/500px-Suiha10.jpg,四国中央市,(Wikipedia代表画像),Wikimedia Commons,https://ja.wikipedia.org/wiki/%E5%9B%9B%E5%9B%BD%E4%B8%AD%E5%A4%AE%E5%B8%82
C1470,https://upload.wikimedia.org/wikipedia/commons/thumb/6/69/Kaimei_Gakko_03.JPG/500px-Kaimei_Gakko_03.JPG,西予市,(Wikipedia代表画像),Wikimedia Commons,https://ja.wikipedia.org/wiki/%E8%A5%BF%E4%BA%88%E5%B8%82
C1471,https://upload.wikimedia.org/wikipedia/commons/thumb/6/6e/Sirainotaki20220118_1.jpg/500px-Sirainotaki20220118_1.jpg,東温市,(Wikipedia代表画像),Wikimedia Commons,https://ja.wikipedia.org/wiki/%E6%9D%B1%E6%B8%A9%E5%B8%82
C1472,https://upload.wikimedia.org/wikipedia/commons/thumb/d/d1/%E5%B2%A9%E5%9F%8E%E5%B3%B6_%E7%A9%8D%E5%96%84%E5%B1%B1%E5%B1%B1%E9%A0%82%EF%BC%88%EF%BC%93%EF%BC%97%EF%BC%90%EF%BD%8D%EF%BC%89.jpg/500px-%E5%B2%A9%E5%9F%8E%E5%B3%B6_%E7%A9%8D%E5%96%84%E5%B1%B1%E5%B1%B1%E9%A0%82%EF%BC%88%EF%BC%93%EF%BC%97%EF%BC%90%EF%BD%8D%EF%BC%89.jpg,上島町,(Wikipedia代表画像),Wikimedia Commons,https://ja.wikipedia.org/wiki/%E4%B8%8A%E5%B3%B6%E7%94%BA
C1473,https://upload.wikimedia.org/wikipedia/commons/thumb/1/1a/Omogokeikoku.jpg/500px-Omogokeikoku.jpg,久万高原町,(Wikipedia代表画像),Wikimedia Commons,https://ja.wikipedia.org/wiki/%E4%B9%85%E4%B8%87%E9%AB%98%E5%8E%9F%E7%94%BA
C1474,https://upload.wikimedia.org/wikipedia/commons/thumb/c/cd/100920UG_Hyokotan01.jpg/500px-100920UG_Hyokotan01.jpg,松前町 (愛媛県),(Wikipedia代表画像),Wikimedia Commons,https://ja.wikipedia.org/wiki/%E6%9D%BE%E5%89%8D%E7%94%BA%20(%E6%84%9B%E5%AA%9B%E7%9C%8C)
C1475,https://upload.wikimedia.org/wikipedia/commons/thumb/b/b5/Aichi_Prefectural_Ceramic_Museum_%2856%29.jpg/500px-Aichi_Prefectural_Ceramic_Museum_%2856%29.jpg,砥部町,(Wikipedia代表画像),Wikimedia Commons,https://ja.wikipedia.org/wiki/%E7%A0%A5%E9%83%A8%E7%94%BA
C1476,https://upload.wikimedia.org/wikipedia/commons/thumb/e/e0/Uchiko-za_ac_%281%29.jpg/500px-Uchiko-za_ac_%281%29.jpg,内子町,(Wikipedia代表画像),Wikimedia Commons,https://ja.wikipedia.org/wiki/%E5%86%85%E5%AD%90%E7%94%BA
C1477,https://upload.wikimedia.org/wikipedia/commons/thumb/2/28/Sadamisakihantou03.jpg/500px-Sadamisakihantou03.jpg,伊方町,(Wikipedia代表画像),Wikimedia Commons,https://ja.wikipedia.org/wiki/%E4%BC%8A%E6%96%B9%E7%94%BA
C1478,https://upload.wikimedia.org/wikipedia/commons/thumb/4/4e/Osakanakan_Matsuno.jpg/500px-Osakanakan_Matsuno.jpg,松野町,(Wikipedia代表画像),Wikimedia Commons,https://ja.wikipedia.org/wiki/%E6%9D%BE%E9%87%8E%E7%94%BA
C1479,https://upload.wikimedia.org/wikipedia/commons/thumb/9/9d/Narukawa_20221011_2.jpg/500px-Narukawa_20221011_2.jpg,鬼北町,(Wikipedia代表画像),Wikimedia Commons,https://ja.wikipedia.org/wiki/%E9%AC%BC%E5%8C%97%E7%94%BA
C1480,https://upload.wikimedia.org/wikipedia/commons/thumb/6/68/Sotodomari_09.JPG/500px-Sotodomari_09.JPG,愛南町,(Wikipedia代表画像),Wikimedia Commons,https://ja.wikipedia.org/wiki/%E6%84%9B%E5%8D%97%E7%94%BA
C1481,https://upload.wikimedia.org/wikipedia/commons/thumb/0/02/Noradokei_04.JPG/500px-Noradokei_04.JPG,安芸市,(Wikipedia代表画像),Wikimedia Commons,https://ja.wikipedia.org/wiki/%E5%AE%89%E8%8A%B8%E5%B8%82
C1482,https://upload.wikimedia.org/wikipedia/commons/thumb/f/ff/Onagadori_center%2C_Nankoku.jpg/500px-Onagadori_center%2C_Nankoku.jpg,南国市,(Wikipedia代表画像),Wikimedia Commons,https://ja.wikipedia.org/wiki/%E5%8D%97%E5%9B%BD%E5%B8%82
C1483,https://upload.wikimedia.org/wikipedia/commons/thumb/0/01/%E4%BB%81%E6%B7%80%E5%B7%9D%E6%B2%B3%E5%8F%A3%E5%A4%A7%E6%A9%8B.jpg/500px-%E4%BB%81%E6%B7%80%E5%B7%9D%E6%B2%B3%E5%8F%A3%E5%A4%A7%E6%A9%8B.jpg,土佐市,(Wikipedia代表画像),Wikimedia Commons,https://ja.wikipedia.org/wiki/%E5%9C%9F%E4%BD%90%E5%B8%82
C1484,https://upload.wikimedia.org/wikipedia/commons/thumb/2/2e/%E6%A8%AA%E6%B5%AA%E9%BB%92%E6%BD%AE%E3%83%A9%E3%82%A4%E3%83%B3_-_panoramio_%283%29.jpg/500px-%E6%A8%AA%E6%B5%AA%E9%BB%92%E6%BD%AE%E3%83%A9%E3%82%A4%E3%83%B3_-_panoramio_%283%29.jpg,須崎市,(Wikipedia代表画像),Wikimedia Commons,https://ja.wikipedia.org/wiki/%E9%A0%88%E5%B4%8E%E5%B8%82
C1485,https://upload.wikimedia.org/wikipedia/ja/thumb/0/09/Tosashimizu_Ashizuri_Cape_1.jpg/500px-Tosashimizu_Ashizuri_Cape_1.jpg,土佐清水市,(Wikipedia代表画像),Wikimedia Commons,https://ja.wikipedia.org/wiki/%E5%9C%9F%E4%BD%90%E6%B8%85%E6%B0%B4%E5%B8%82
C1486,https://upload.wikimedia.org/wikipedia/commons/thumb/f/f0/Noichi_zoo3.jpg/500px-Noichi_zoo3.jpg,香南市,(Wikipedia代表画像),Wikimedia Commons,https://ja.wikipedia.org/wiki/%E9%A6%99%E5%8D%97%E5%B8%82
C1487,https://upload.wikimedia.org/wikipedia/commons/thumb/e/e4/Kami_Kochi_Ryugado_West_Entrance_1.JPG/500px-Kami_Kochi_Ryugado_West_Entrance_1.JPG,香美市,(Wikipedia代表画像),Wikimedia Commons,https://ja.wikipedia.org/wiki/%E9%A6%99%E7%BE%8E%E5%B8%82
C1488,https://upload.wikimedia.org/wikipedia/commons/thumb/f/f7/Sirahama_20240514_1.jpg/500px-Sirahama_20240514_1.jpg,東洋町,(Wikipedia代表画像),Wikimedia Commons,https://ja.wikipedia.org/wiki/%E6%9D%B1%E6%B4%8B%E7%94%BA
C1489,https://upload.wikimedia.org/wikipedia/commons/thumb/3/37/Nahari_central_park_202308.jpg/500px-Nahari_central_park_202308.jpg,奈半利町,(Wikipedia代表画像),Wikimedia Commons,https://ja.wikipedia.org/wiki/%E5%A5%88%E5%8D%8A%E5%88%A9%E7%94%BA
C1490,https://upload.wikimedia.org/wikipedia/commons/thumb/a/a7/Oka_goten.jpg/500px-Oka_goten.jpg,田野町,(Wikipedia代表画像),Wikimedia Commons,https://ja.wikipedia.org/wiki/%E7%94%B0%E9%87%8E%E7%94%BA
C1491,https://upload.wikimedia.org/wikipedia/commons/thumb/e/e0/Kounomineji_02.JPG/500px-Kounomineji_02.JPG,安田町,(Wikipedia代表画像),Wikimedia Commons,https://ja.wikipedia.org/wiki/%E5%AE%89%E7%94%B0%E7%94%BA
C1492,https://upload.wikimedia.org/wikipedia/commons/thumb/9/9d/Nakaoka_Shintaro_Birthplace.jpg/500px-Nakaoka_Shintaro_Birthplace.jpg,北川村,(Wikipedia代表画像),Wikimedia Commons,https://ja.wikipedia.org/wiki/%E5%8C%97%E5%B7%9D%E6%9D%91
C1493,https://upload.wikimedia.org/wikipedia/commons/thumb/f/f5/Kotogahama.jpg/500px-Kotogahama.jpg,芸西村,(Wikipedia代表画像),Wikimedia Commons,https://ja.wikipedia.org/wiki/%E8%8A%B8%E8%A5%BF%E6%9D%91
C1494,https://upload.wikimedia.org/wikipedia/commons/thumb/9/9a/Mt.Shiragayama-Motoyama.jpg/500px-Mt.Shiragayama-Motoyama.jpg,本山町,(Wikipedia代表画像),Wikimedia Commons,https://ja.wikipedia.org/wiki/%E6%9C%AC%E5%B1%B1%E7%94%BA
C1495,https://upload.wikimedia.org/wikipedia/commons/thumb/b/b7/Sugi_no_Osugi%2C_gaikan-3.jpg/500px-Sugi_no_Osugi%2C_gaikan-3.jpg,大豊町,(Wikipedia代表画像),Wikimedia Commons,https://ja.wikipedia.org/wiki/%E5%A4%A7%E8%B1%8A%E7%94%BA
C1496,https://upload.wikimedia.org/wikipedia/commons/thumb/a/ac/Sameura_dam.jpg/500px-Sameura_dam.jpg,土佐町,(Wikipedia代表画像),Wikimedia Commons,https://ja.wikipedia.org/wiki/%E5%9C%9F%E4%BD%90%E7%94%BA
C1497,https://upload.wikimedia.org/wikipedia/commons/thumb/5/55/Oozareyama02.jpg/500px-Oozareyama02.jpg,大川村,(Wikipedia代表画像),Wikimedia Commons,https://ja.wikipedia.org/wiki/%E5%A4%A7%E5%B7%9D%E6%9D%91
C1498,https://upload.wikimedia.org/wikipedia/commons/thumb/8/8b/%E3%81%84%E3%81%AE%E7%94%BA%E7%B4%99%E3%81%AE%E5%8D%9A%E7%89%A9%E9%A4%A8.jpg/500px-%E3%81%84%E3%81%AE%E7%94%BA%E7%B4%99%E3%81%AE%E5%8D%9A%E7%89%A9%E9%A4%A8.jpg,いの町,(Wikipedia代表画像),Wikimedia Commons,https://ja.wikipedia.org/wiki/%E3%81%84%E3%81%AE%E7%94%BA
C1499,https://upload.wikimedia.org/wikipedia/commons/thumb/7/77/Nakatsukeikoku.jpg/500px-Nakatsukeikoku.jpg,仁淀川町,(Wikipedia代表画像),Wikimedia Commons,https://ja.wikipedia.org/wiki/%E4%BB%81%E6%B7%80%E5%B7%9D%E7%94%BA
C1500,https://upload.wikimedia.org/wikipedia/commons/thumb/5/54/Taishomachi_Marcket_ac_%286%29.jpg/500px-Taishomachi_Marcket_ac_%286%29.jpg,中土佐町,(Wikipedia代表画像),Wikimedia Commons,https://ja.wikipedia.org/wiki/%E4%B8%AD%E5%9C%9F%E4%BD%90%E7%94%BA
C1501,https://upload.wikimedia.org/wikipedia/commons/thumb/e/ef/Makino_park_Sakura.JPG/500px-Makino_park_Sakura.JPG,佐川町,(Wikipedia代表画像),Wikimedia Commons,https://ja.wikipedia.org/wiki/%E4%BD%90%E5%B7%9D%E7%94%BA
C1502,https://upload.wikimedia.org/wikipedia/commons/thumb/6/6b/Otaru_Falls_02.JPG/500px-Otaru_Falls_02.JPG,越知町,(Wikipedia代表画像),Wikimedia Commons,https://ja.wikipedia.org/wiki/%E8%B6%8A%E7%9F%A5%E7%94%BA
C1503,https://upload.wikimedia.org/wikipedia/commons/thumb/9/96/Yusuhara_town_office.jpg/500px-Yusuhara_town_office.jpg,檮原町,(Wikipedia代表画像),Wikimedia Commons,https://ja.wikipedia.org/wiki/%E6%AA%AE%E5%8E%9F%E7%94%BA
C1504,https://upload.wikimedia.org/wikipedia/commons/thumb/9/9a/Omura_shrine.jpg/500px-Omura_shrine.jpg,日高村,(Wikipedia代表画像),Wikimedia Commons,https://ja.wikipedia.org/wiki/%E6%97%A5%E9%AB%98%E6%9D%91
C1505,https://upload.wikimedia.org/wikipedia/commons/thumb/5/59/Tengunomori02.jpg/500px-Tengunomori02.jpg,津野町,(Wikipedia代表画像),Wikimedia Commons,https://ja.wikipedia.org/wiki/%E6%B4%A5%E9%87%8E%E7%94%BA
C1506,https://upload.wikimedia.org/wikipedia/commons/thumb/c/c8/Iwamotoji_12.jpg/500px-Iwamotoji_12.jpg,四万十町,(Wikipedia代表画像),Wikimedia Commons,https://ja.wikipedia.org/wiki/%E5%9B%9B%E4%B8%87%E5%8D%81%E7%94%BA
C1507,https://upload.wikimedia.org/wikipedia/commons/thumb/7/7e/Okinoshima_and_Kashiwajima.jpg/500px-Okinoshima_and_Kashiwajima.jpg,大月町,(Wikipedia代表画像),Wikimedia Commons,https://ja.wikipedia.org/wiki/%E5%A4%A7%E6%9C%88%E7%94%BA
C1508,https://upload.wikimedia.org/wikipedia/commons/thumb/0/0a/%E9%AB%98%E7%9F%A5%E7%9C%8C%E4%B8%89%E5%8E%9F%E6%9D%91_%E6%98%9F%E3%83%B6%E4%B8%98%E5%85%AC%E5%9C%92.jpg/500px-%E9%AB%98%E7%9F%A5%E7%9C%8C%E4%B8%89%E5%8E%9F%E6%9D%91_%E6%98%9F%E3%83%B6%E4%B8%98%E5%85%AC%E5%9C%92.jpg,三原村,(Wikipedia代表画像),Wikimedia Commons,https://ja.wikipedia.org/wiki/%E4%B8%89%E5%8E%9F%E6%9D%91
C1509,https://upload.wikimedia.org/wikipedia/commons/thumb/6/6a/T-Shirts-art%2C_Kuroshio.JPG/500px-T-Shirts-art%2C_Kuroshio.JPG,黒潮町,(Wikipedia代表画像),Wikimedia Commons,https://ja.wikipedia.org/wiki/%E9%BB%92%E6%BD%AE%E7%94%BA
C1510,https://upload.wikimedia.org/wikipedia/commons/thumb/e/eb/Daijayama.JPG/500px-Daijayama.JPG,大牟田市,(Wikipedia代表画像),Wikimedia Commons,https://ja.wikipedia.org/wiki/%E5%A4%A7%E7%89%9F%E7%94%B0%E5%B8%82
C1511,https://upload.wikimedia.org/wikipedia/commons/thumb/2/25/Kurume_Montage.jpg/500px-Kurume_Montage.jpg,久留米市,(Wikipedia代表画像),Wikimedia Commons,https://ja.wikipedia.org/wiki/%E4%B9%85%E7%95%99%E7%B1%B3%E5%B8%82
C1512,https://upload.wikimedia.org/wikipedia/commons/thumb/3/34/20170219_Nogata_Tulip_Festival.jpg/500px-20170219_Nogata_Tulip_Festival.jpg,直方市,(Wikipedia代表画像),Wikimedia Commons,https://ja.wikipedia.org/wiki/%E7%9B%B4%E6%96%B9%E5%B8%82
C1513,https://upload.wikimedia.org/wikipedia/commons/thumb/5/58/Kaho_gekijou.JPG/500px-Kaho_gekijou.JPG,飯塚市,(Wikipedia代表画像),Wikimedia Commons,https://ja.wikipedia.org/wiki/%E9%A3%AF%E5%A1%9A%E5%B8%82
C1514,https://upload.wikimedia.org/wikipedia/commons/thumb/5/52/Mitsui-Tagawa_coal_mine.jpg/500px-Mitsui-Tagawa_coal_mine.jpg,田川市,(Wikipedia代表画像),Wikimedia Commons,https://ja.wikipedia.org/wiki/%E7%94%B0%E5%B7%9D%E5%B8%82
C1515,https://upload.wikimedia.org/wikipedia/commons/thumb/0/08/Yame_Tea_Plantation_03.jpg/500px-Yame_Tea_Plantation_03.jpg,八女市,(Wikipedia代表画像),Wikimedia Commons,https://ja.wikipedia.org/wiki/%E5%85%AB%E5%A5%B3%E5%B8%82
C1516,https://upload.wikimedia.org/wikipedia/commons/thumb/a/ae/HAWKS_Baseball_Park_Chikugo.jpg/500px-HAWKS_Baseball_Park_Chikugo.jpg,筑後市,(Wikipedia代表画像),Wikimedia Commons,https://ja.wikipedia.org/wiki/%E7%AD%91%E5%BE%8C%E5%B8%82
C1517,https://upload.wikimedia.org/wikipedia/commons/thumb/9/9a/Chikugo_River_Lift_Bridge_UP_20110914.jpg/500px-Chikugo_River_Lift_Bridge_UP_20110914.jpg,大川市,(Wikipedia代表画像),Wikimedia Commons,https://ja.wikipedia.org/wiki/%E5%A4%A7%E5%B7%9D%E5%B8%82
C1518,https://upload.wikimedia.org/wikipedia/commons/thumb/6/62/Goshogatani_Kogoishi.jpg/500px-Goshogatani_Kogoishi.jpg,行橋市,(Wikipedia代表画像),Wikimedia Commons,https://ja.wikipedia.org/wiki/%E8%A1%8C%E6%A9%8B%E5%B8%82
C1519,https://upload.wikimedia.org/wikipedia/commons/thumb/0/00/20160924kubote003.jpg/500px-20160924kubote003.jpg,豊前市,(Wikipedia代表画像),Wikimedia Commons,https://ja.wikipedia.org/wiki/%E8%B1%8A%E5%89%8D%E5%B8%82
C1520,https://upload.wikimedia.org/wikipedia/commons/thumb/d/dd/Ongagawa_Source_Pump_Station_20160618-3.jpg/500px-Ongagawa_Source_Pump_Station_20160618-3.jpg,中間市,(Wikipedia代表画像),Wikimedia Commons,https://ja.wikipedia.org/wiki/%E4%B8%AD%E9%96%93%E5%B8%82
C1521,https://upload.wikimedia.org/wikipedia/commons/thumb/6/6d/View_of_Sammon_Gate_of_Nyoirinji_Temple_20160515.jpg/500px-View_of_Sammon_Gate_of_Nyoirinji_Temple_20160515.jpg,小郡市,(Wikipedia代表画像),Wikimedia Commons,https://ja.wikipedia.org/wiki/%E5%B0%8F%E9%83%A1%E5%B8%82
C1522,https://upload.wikimedia.org/wikipedia/commons/thumb/8/82/Gozenyu_201508.JPG/500px-Gozenyu_201508.JPG,筑紫野市,(Wikipedia代表画像),Wikimedia Commons,https://ja.wikipedia.org/wiki/%E7%AD%91%E7%B4%AB%E9%87%8E%E5%B8%82
C1523,https://upload.wikimedia.org/wikipedia/commons/thumb/e/e9/Haiden_and_Honden_of_Kasuga_Shrine_in_Kasuga%2C_Fukuoka.jpg/500px-Haiden_and_Honden_of_Kasuga_Shrine_in_Kasuga%2C_Fukuoka.jpg,春日市,(Wikipedia代表画像),Wikimedia Commons,https://ja.wikipedia.org/wiki/%E6%98%A5%E6%97%A5%E5%B8%82
C1524,https://upload.wikimedia.org/wikipedia/commons/thumb/2/2d/Oonojou.jpg/500px-Oonojou.jpg,大野城市,(Wikipedia代表画像),Wikimedia Commons,https://ja.wikipedia.org/wiki/%E5%A4%A7%E9%87%8E%E5%9F%8E%E5%B8%82
C1525,https://upload.wikimedia.org/wikipedia/commons/thumb/3/3d/Honden_of_Munakata_Grand_Shrine_%28Hetsu_Shrine%29_2.jpg/500px-Honden_of_Munakata_Grand_Shrine_%28Hetsu_Shrine%29_2.jpg,宗像市,(Wikipedia代表画像),Wikimedia Commons,https://ja.wikipedia.org/wiki/%E5%AE%97%E5%83%8F%E5%B8%82
C1526,https://upload.wikimedia.org/wikipedia/commons/thumb/0/06/Koga_Green_Park_06.jpg/500px-Koga_Green_Park_06.jpg,古賀市,(Wikipedia代表画像),Wikimedia Commons,https://ja.wikipedia.org/wiki/%E5%8F%A4%E8%B3%80%E5%B8%82
C1527,https://upload.wikimedia.org/wikipedia/commons/thumb/6/66/Haiden_of_Miyajidake_Shrine.JPG/500px-Haiden_of_Miyajidake_Shrine.JPG,福津市,(Wikipedia代表画像),Wikimedia Commons,https://ja.wikipedia.org/wiki/%E7%A6%8F%E6%B4%A5%E5%B8%82
C1528,https://upload.wikimedia.org/wikipedia/commons/thumb/7/75/Chikugo-Yoshii04s5s3200.jpg/500px-Chikugo-Yoshii04s5s3200.jpg,うきは市,(Wikipedia代表画像),Wikimedia Commons,https://ja.wikipedia.org/wiki/%E3%81%86%E3%81%8D%E3%81%AF%E5%B8%82
C1529,https://upload.wikimedia.org/wikipedia/commons/thumb/2/20/Wakita_Onsen_20260628_01.jpg/500px-Wakita_Onsen_20260628_01.jpg,宮若市,(Wikipedia代表画像),Wikimedia Commons,https://ja.wikipedia.org/wiki/%E5%AE%AE%E8%8B%A5%E5%B8%82
C1530,https://upload.wikimedia.org/wikipedia/commons/thumb/e/ec/Hiroki_Oda_Art_Museum_01.jpg/500px-Hiroki_Oda_Art_Museum_01.jpg,嘉麻市,(Wikipedia代表画像),Wikimedia Commons,https://ja.wikipedia.org/wiki/%E5%98%89%E9%BA%BB%E5%B8%82
C1531,https://upload.wikimedia.org/wikipedia/commons/thumb/4/42/Hishino_Three_Water_wheels_2018.jpg/500px-Hishino_Three_Water_wheels_2018.jpg,朝倉市,(Wikipedia代表画像),Wikimedia Commons,https://ja.wikipedia.org/wiki/%E6%9C%9D%E5%80%89%E5%B8%82
C1532,https://upload.wikimedia.org/wikipedia/commons/thumb/c/ce/Kiyomizu-dera_Main_Hall.jpg/500px-Kiyomizu-dera_Main_Hall.jpg,みやま市,(Wikipedia代表画像),Wikimedia Commons,https://ja.wikipedia.org/wiki/%E3%81%BF%E3%82%84%E3%81%BE%E5%B8%82
C1533,https://upload.wikimedia.org/wikipedia/commons/thumb/b/b0/Nakagawa_River_from_Shironohashi_Bridge_%28south%29_2.jpg/500px-Nakagawa_River_from_Shironohashi_Bridge_%28south%29_2.jpg,那珂川市,(Wikipedia代表画像),Wikimedia Commons,https://ja.wikipedia.org/wiki/%E9%82%A3%E7%8F%82%E5%B7%9D%E5%B8%82
C1534,https://upload.wikimedia.org/wikipedia/commons/thumb/4/48/Umi-hachimangu_ac_%281%29.jpg/500px-Umi-hachimangu_ac_%281%29.jpg,宇美町,(Wikipedia代表画像),Wikimedia Commons,https://ja.wikipedia.org/wiki/%E5%AE%87%E7%BE%8E%E7%94%BA
C1535,https://upload.wikimedia.org/wikipedia/commons/thumb/e/ec/Gate_of_Nanzoin_Temple_in_Sasaguri%2C_Kasuya%2C_Fukuoka.JPG/500px-Gate_of_Nanzoin_Temple_in_Sasaguri%2C_Kasuya%2C_Fukuoka.JPG,篠栗町,(Wikipedia代表画像),Wikimedia Commons,https://ja.wikipedia.org/wiki/%E7%AF%A0%E6%A0%97%E7%94%BA
C1536,https://upload.wikimedia.org/wikipedia/commons/thumb/2/29/Winding_tower_and_slant_entrance_of_8th_mine_of_former_Shime_Coal_Mine_3.jpg/500px-Winding_tower_and_slant_entrance_of_8th_mine_of_former_Shime_Coal_Mine_3.jpg,志免町,(Wikipedia代表画像),Wikimedia Commons,https://ja.wikipedia.org/wiki/%E5%BF%97%E5%85%8D%E7%94%BA
C1537,https://upload.wikimedia.org/wikipedia/commons/thumb/a/af/Sarayama_Park%2C_Fukuoka_Prefecture%3B_June_2018_%2810%29.jpg/500px-Sarayama_Park%2C_Fukuoka_Prefecture%3B_June_2018_%2810%29.jpg,須恵町,(Wikipedia代表画像),Wikimedia Commons,https://ja.wikipedia.org/wiki/%E9%A0%88%E6%81%B5%E7%94%BA
C1538,https://upload.wikimedia.org/wikipedia/commons/thumb/3/3a/Cat_in_Ainoshima_03.jpg/500px-Cat_in_Ainoshima_03.jpg,新宮町,(Wikipedia代表画像),Wikimedia Commons,https://ja.wikipedia.org/wiki/%E6%96%B0%E5%AE%AE%E7%94%BA
C1539,https://upload.wikimedia.org/wikipedia/commons/thumb/6/6d/Tensho_Ko_Grand_Shrine_in_Ino-Tensho_Ko_Grand_Shrine_2.jpg/500px-Tensho_Ko_Grand_Shrine_in_Ino-Tensho_Ko_Grand_Shrine_2.jpg,久山町,(Wikipedia代表画像),Wikimedia Commons,https://ja.wikipedia.org/wiki/%E4%B9%85%E5%B1%B1%E7%94%BA
C1540,https://upload.wikimedia.org/wikipedia/commons/thumb/6/66/Kayoicho_Park_04.jpg/500px-Kayoicho_Park_04.jpg,粕屋町,(Wikipedia代表画像),Wikimedia Commons,https://ja.wikipedia.org/wiki/%E7%B2%95%E5%B1%8B%E7%94%BA
C1541,https://upload.wikimedia.org/wikipedia/commons/thumb/9/90/Ashiya_Beach_Park_02.jpg/500px-Ashiya_Beach_Park_02.jpg,芦屋町,(Wikipedia代表画像),Wikimedia Commons,https://ja.wikipedia.org/wiki/%E8%8A%A6%E5%B1%8B%E7%94%BA
C1542,https://upload.wikimedia.org/wikipedia/commons/thumb/a/a7/Cosmos_on_the_right_bank_of_the_Onga_River_in_Mizumaki_Town.jpg/500px-Cosmos_on_the_right_bank_of_the_Onga_River_in_Mizumaki_Town.jpg,水巻町,(Wikipedia代表画像),Wikimedia Commons,https://ja.wikipedia.org/wiki/%E6%B0%B4%E5%B7%BB%E7%94%BA
C1543,https://upload.wikimedia.org/wikipedia/commons/thumb/c/c9/Sanri_Matsubara_Coast_and_Cycling_Road.jpg/500px-Sanri_Matsubara_Coast_and_Cycling_Road.jpg,岡垣町,(Wikipedia代表画像),Wikimedia Commons,https://ja.wikipedia.org/wiki/%E5%B2%A1%E5%9E%A3%E7%94%BA
C1544,https://upload.wikimedia.org/wikipedia/commons/thumb/0/0f/Rape_flower_fields_in_Onga_Town.jpg/500px-Rape_flower_fields_in_Onga_Town.jpg,遠賀町,(Wikipedia代表画像),Wikimedia Commons,https://ja.wikipedia.org/wiki/%E9%81%A0%E8%B3%80%E7%94%BA
C1545,https://upload.wikimedia.org/wikipedia/commons/thumb/1/13/Goya_Kofun01.jpg/500px-Goya_Kofun01.jpg,小竹町,(Wikipedia代表画像),Wikimedia Commons,https://ja.wikipedia.org/wiki/%E5%B0%8F%E7%AB%B9%E7%94%BA
C1546,https://upload.wikimedia.org/wikipedia/commons/thumb/f/f7/Furutsuki_Yokoana.jpg/500px-Furutsuki_Yokoana.jpg,鞍手町,(Wikipedia代表画像),Wikimedia Commons,https://ja.wikipedia.org/wiki/%E9%9E%8D%E6%89%8B%E7%94%BA
C1547,https://upload.wikimedia.org/wikipedia/commons/thumb/3/3f/Round_side_of_Ozuka_Ancient_Grave_5.jpg/500px-Round_side_of_Ozuka_Ancient_Grave_5.jpg,桂川町,(Wikipedia代表画像),Wikimedia Commons,https://ja.wikipedia.org/wiki/%E6%A1%82%E5%B7%9D%E7%94%BA
C1548,https://upload.wikimedia.org/wikipedia/commons/thumb/0/08/JAPAN_NAVY_zero_fighter_32_type.JPG/500px-JAPAN_NAVY_zero_fighter_32_type.JPG,筑前町,(Wikipedia代表画像),Wikimedia Commons,https://ja.wikipedia.org/wiki/%E7%AD%91%E5%89%8D%E7%94%BA
C1549,https://upload.wikimedia.org/wikipedia/commons/thumb/4/47/Traditional_Industry_Hall_of_Koishiwara_Pottery.jpg/500px-Traditional_Industry_Hall_of_Koishiwara_Pottery.jpg,東峰村,(Wikipedia代表画像),Wikimedia Commons,https://ja.wikipedia.org/wiki/%E6%9D%B1%E5%B3%B0%E6%9D%91
C1550,https://upload.wikimedia.org/wikipedia/commons/thumb/b/bc/Imamura_Catholic_Church.jpg/500px-Imamura_Catholic_Church.jpg,大刀洗町,(Wikipedia代表画像),Wikimedia Commons,https://ja.wikipedia.org/wiki/%E5%A4%A7%E5%88%80%E6%B4%97%E7%94%BA
C1551,https://upload.wikimedia.org/wikipedia/commons/thumb/2/25/Ishimaruyama_park.jpg/500px-Ishimaruyama_park.jpg,大木町,(Wikipedia代表画像),Wikimedia Commons,https://ja.wikipedia.org/wiki/%E5%A4%A7%E6%9C%A8%E7%94%BA
C1552,https://upload.wikimedia.org/wikipedia/commons/thumb/f/f7/Kurume_Kasuri_%28at_Hirokawa_Town_Industrial_Exhibition_Hall%29_02.jpg/500px-Kurume_Kasuri_%28at_Hirokawa_Town_Industrial_Exhibition_Hall%29_02.jpg,広川町 (福岡県),(Wikipedia代表画像),Wikimedia Commons,https://ja.wikipedia.org/wiki/%E5%BA%83%E5%B7%9D%E7%94%BA%20(%E7%A6%8F%E5%B2%A1%E7%9C%8C)
C1553,https://upload.wikimedia.org/wikipedia/commons/thumb/7/73/Mt_Kawara.jpg/500px-Mt_Kawara.jpg,香春町,(Wikipedia代表画像),Wikimedia Commons,https://ja.wikipedia.org/wiki/%E9%A6%99%E6%98%A5%E7%94%BA
C1554,https://upload.wikimedia.org/wikipedia/commons/thumb/f/f1/Hikosan_Jingu_Kane-no-Torii.jpg/500px-Hikosan_Jingu_Kane-no-Torii.jpg,添田町,(Wikipedia代表画像),Wikimedia Commons,https://ja.wikipedia.org/wiki/%E6%B7%BB%E7%94%B0%E7%94%BA
C1555,https://upload.wikimedia.org/wikipedia/commons/thumb/7/76/Tagiri%2C_Itoda.jpg/500px-Tagiri%2C_Itoda.jpg,糸田町,(Wikipedia代表画像),Wikimedia Commons,https://ja.wikipedia.org/wiki/%E7%B3%B8%E7%94%B0%E7%94%BA
C1556,https://upload.wikimedia.org/wikipedia/commons/thumb/e/e0/Gyorakuen0017.JPG/500px-Gyorakuen0017.JPG,川崎町 (福岡県),(Wikipedia代表画像),Wikimedia Commons,https://ja.wikipedia.org/wiki/%E5%B7%9D%E5%B4%8E%E7%94%BA%20(%E7%A6%8F%E5%B2%A1%E7%9C%8C)
C1557,https://upload.wikimedia.org/wikipedia/commons/thumb/1/1e/Michinoeki_Ootou-sakura.JPG/500px-Michinoeki_Ootou-sakura.JPG,大任町,(Wikipedia代表画像),Wikimedia Commons,https://ja.wikipedia.org/wiki/%E5%A4%A7%E4%BB%BB%E7%94%BA
C1558,https://upload.wikimedia.org/wikipedia/commons/thumb/1/1c/Heiseichikuho_Uchidagawa_Bridge01.jpg/500px-Heiseichikuho_Uchidagawa_Bridge01.jpg,赤村,(Wikipedia代表画像),Wikimedia Commons,https://ja.wikipedia.org/wiki/%E8%B5%A4%E6%9D%91
C1559,https://upload.wikimedia.org/wikipedia/commons/thumb/b/b5/%E4%B8%8A%E9%87%8E%E5%B3%A1%E7%99%BD%E7%B3%B8%E3%81%AE%E6%BB%9D_-_panoramio.jpg/500px-%E4%B8%8A%E9%87%8E%E5%B3%A1%E7%99%BD%E7%B3%B8%E3%81%AE%E6%BB%9D_-_panoramio.jpg,福智町,(Wikipedia代表画像),Wikimedia Commons,https://ja.wikipedia.org/wiki/%E7%A6%8F%E6%99%BA%E7%94%BA
C1560,https://upload.wikimedia.org/wikipedia/commons/thumb/0/05/Seiryu_Cave_in_Hiraodai_01.jpg/500px-Seiryu_Cave_in_Hiraodai_01.jpg,苅田町,(Wikipedia代表画像),Wikimedia Commons,https://ja.wikipedia.org/wiki/%E8%8B%85%E7%94%B0%E7%94%BA
C1561,https://upload.wikimedia.org/wikipedia/commons/thumb/d/d6/Sanjunoto_Tower_of_Buzen-Kokubunji_Temple_3.jpg/500px-Sanjunoto_Tower_of_Buzen-Kokubunji_Temple_3.jpg,みやこ町,(Wikipedia代表画像),Wikimedia Commons,https://ja.wikipedia.org/wiki/%E3%81%BF%E3%82%84%E3%81%93%E7%94%BA
C1562,https://upload.wikimedia.org/wikipedia/commons/thumb/e/eb/Hachiman_kohyou_shrine.jpg/500px-Hachiman_kohyou_shrine.jpg,吉富町,(Wikipedia代表画像),Wikimedia Commons,https://ja.wikipedia.org/wiki/%E5%90%89%E5%AF%8C%E7%94%BA
C1563,https://upload.wikimedia.org/wikipedia/commons/thumb/8/83/%E3%81%B2%E3%81%A8%E3%81%AE%E6%B8%AF_%E5%A4%AA%E5%B9%B3%E6%A5%BD_-_panoramio.jpg/500px-%E3%81%B2%E3%81%A8%E3%81%AE%E6%B8%AF_%E5%A4%AA%E5%B9%B3%E6%A5%BD_-_panoramio.jpg,上毛町,(Wikipedia代表画像),Wikimedia Commons,https://ja.wikipedia.org/wiki/%E4%B8%8A%E6%AF%9B%E7%94%BA
C1564,https://upload.wikimedia.org/wikipedia/commons/thumb/a/ae/Hamanomiya_Beach_20161116-3.jpg/500px-Hamanomiya_Beach_20161116-3.jpg,築上町,(Wikipedia代表画像),Wikimedia Commons,https://ja.wikipedia.org/wiki/%E7%AF%89%E4%B8%8A%E7%94%BA
C1565,https://upload.wikimedia.org/wikipedia/commons/thumb/7/70/Nakatomi_Memorial_Medicine_Museum.jpg/500px-Nakatomi_Memorial_Medicine_Museum.jpg,鳥栖市,(Wikipedia代表画像),Wikimedia Commons,https://ja.wikipedia.org/wiki/%E9%B3%A5%E6%A0%96%E5%B8%82
C1566,https://upload.wikimedia.org/wikipedia/commons/thumb/1/1f/Taku_Seibyo_02.jpg/500px-Taku_Seibyo_02.jpg,多久市,(Wikipedia代表画像),Wikimedia Commons,https://ja.wikipedia.org/wiki/%E5%A4%9A%E4%B9%85%E5%B8%82
C1567,https://upload.wikimedia.org/wikipedia/commons/thumb/6/6e/Nabeshimayaki_Okawachiyama_Imari-shi_Saga-ken_PB110126.jpg/500px-Nabeshimayaki_Okawachiyama_Imari-shi_Saga-ken_PB110126.jpg,伊万里市,(Wikipedia代表画像),Wikimedia Commons,https://ja.wikipedia.org/wiki/%E4%BC%8A%E4%B8%87%E9%87%8C%E5%B8%82
C1568,https://upload.wikimedia.org/wikipedia/commons/thumb/d/de/Takeoonsen_rohmon.jpg/500px-Takeoonsen_rohmon.jpg,武雄市,(Wikipedia代表画像),Wikimedia Commons,https://ja.wikipedia.org/wiki/%E6%AD%A6%E9%9B%84%E5%B8%82
C1569,https://upload.wikimedia.org/wikipedia/commons/thumb/9/95/Yutoku_inari_Shrine-b.jpg/500px-Yutoku_inari_Shrine-b.jpg,鹿島市,(Wikipedia代表画像),Wikimedia Commons,https://ja.wikipedia.org/wiki/%E9%B9%BF%E5%B3%B6%E5%B8%82
C1570,https://upload.wikimedia.org/wikipedia/commons/thumb/1/12/Kiyomizunotaki_Fall_Ogi.JPG/500px-Kiyomizunotaki_Fall_Ogi.JPG,小城市,(Wikipedia代表画像),Wikimedia Commons,https://ja.wikipedia.org/wiki/%E5%B0%8F%E5%9F%8E%E5%B8%82
C1571,https://upload.wikimedia.org/wikipedia/commons/thumb/9/9a/Kunen%27an_kanzaki_1.jpg/500px-Kunen%27an_kanzaki_1.jpg,神埼市,(Wikipedia代表画像),Wikimedia Commons,https://ja.wikipedia.org/wiki/%E7%A5%9E%E5%9F%BC%E5%B8%82
C1572,https://upload.wikimedia.org/wikipedia/commons/thumb/3/3d/Yoshinogari.jpg/500px-Yoshinogari.jpg,吉野ヶ里町,(Wikipedia代表画像),Wikimedia Commons,https://ja.wikipedia.org/wiki/%E5%90%89%E9%87%8E%E3%83%B6%E9%87%8C%E7%94%BA
C1573,https://upload.wikimedia.org/wikipedia/commons/thumb/1/1b/%E5%9F%BA%E5%B1%B1_%E5%B1%B1%E9%A0%82.JPG/500px-%E5%9F%BA%E5%B1%B1_%E5%B1%B1%E9%A0%82.JPG,基山町,(Wikipedia代表画像),Wikimedia Commons,https://ja.wikipedia.org/wiki/%E5%9F%BA%E5%B1%B1%E7%94%BA
C1574,https://upload.wikimedia.org/wikipedia/commons/thumb/7/7f/Uenobyuuzuka-kofun_Tsukimekaou-bo.JPG/500px-Uenobyuuzuka-kofun_Tsukimekaou-bo.JPG,上峰町,(Wikipedia代表画像),Wikimedia Commons,https://ja.wikipedia.org/wiki/%E4%B8%8A%E5%B3%B0%E7%94%BA
C1575,https://upload.wikimedia.org/wikipedia/commons/thumb/b/ba/Haiden_of_Chiriku_Hachiman_Shrine_2.jpg/500px-Haiden_of_Chiriku_Hachiman_Shrine_2.jpg,みやき町,(Wikipedia代表画像),Wikimedia Commons,https://ja.wikipedia.org/wiki/%E3%81%BF%E3%82%84%E3%81%8D%E7%94%BA
C1576,https://upload.wikimedia.org/wikipedia/commons/thumb/5/52/Tanada00.jpg/500px-Tanada00.jpg,玄海町,(Wikipedia代表画像),Wikimedia Commons,https://ja.wikipedia.org/wiki/%E7%8E%84%E6%B5%B7%E7%94%BA
C1577,https://upload.wikimedia.org/wikipedia/commons/thumb/0/0c/Omachi_Saifuku-ji.jpg/500px-Omachi_Saifuku-ji.jpg,大町町,(Wikipedia代表画像),Wikimedia Commons,https://ja.wikipedia.org/wiki/%E5%A4%A7%E7%94%BA%E7%94%BA
C1578,https://upload.wikimedia.org/wikipedia/commons/thumb/b/ba/Bato_Kannon_Kohoku.jpg/500px-Bato_Kannon_Kohoku.jpg,江北町,(Wikipedia代表画像),Wikimedia Commons,https://ja.wikipedia.org/wiki/%E6%B1%9F%E5%8C%97%E7%94%BA
C1579,https://upload.wikimedia.org/wikipedia/commons/thumb/2/23/%E6%AD%8C%E5%9E%A3%E5%85%AC%E5%9C%92_-_panoramio.jpg/500px-%E6%AD%8C%E5%9E%A3%E5%85%AC%E5%9C%92_-_panoramio.jpg,白石町,(Wikipedia代表画像),Wikimedia Commons,https://ja.wikipedia.org/wiki/%E7%99%BD%E7%9F%B3%E7%94%BA
C1580,https://upload.wikimedia.org/wikipedia/commons/thumb/3/3f/Oouo_Jinja_kaichu_torii.jpg/500px-Oouo_Jinja_kaichu_torii.jpg,太良町,(Wikipedia代表画像),Wikimedia Commons,https://ja.wikipedia.org/wiki/%E5%A4%AA%E8%89%AF%E7%94%BA
C1581,https://upload.wikimedia.org/wikipedia/commons/thumb/c/c9/140321_Shimabara_Castle_Shimabara_Nagasaki_pref_Japan01bs5.jpg/500px-140321_Shimabara_Castle_Shimabara_Nagasaki_pref_Japan01bs5.jpg,島原市,(Wikipedia代表画像),Wikimedia Commons,https://ja.wikipedia.org/wiki/%E5%B3%B6%E5%8E%9F%E5%B8%82
C1582,https://upload.wikimedia.org/wikipedia/commons/thumb/e/ec/140322_Isahaya_Park_Isahaya_Nagasaki_pref_Japan03bs9.jpg/500px-140322_Isahaya_Park_Isahaya_Nagasaki_pref_Japan03bs9.jpg,諫早市,(Wikipedia代表画像),Wikimedia Commons,https://ja.wikipedia.org/wiki/%E8%AB%AB%E6%97%A9%E5%B8%82
C1583,https://upload.wikimedia.org/wikipedia/commons/thumb/b/bd/%E5%A4%A7%E6%9D%91%E5%85%AC%E5%9C%92_%E6%A1%9C.JPG/500px-%E5%A4%A7%E6%9D%91%E5%85%AC%E5%9C%92_%E6%A1%9C.JPG,大村市,(Wikipedia代表画像),Wikimedia Commons,https://ja.wikipedia.org/wiki/%E5%A4%A7%E6%9D%91%E5%B8%82
C1584,https://upload.wikimedia.org/wikipedia/commons/thumb/5/56/Hirado_Castle_Keep.jpg/500px-Hirado_Castle_Keep.jpg,平戸市,(Wikipedia代表画像),Wikimedia Commons,https://ja.wikipedia.org/wiki/%E5%B9%B3%E6%88%B8%E5%B8%82
C1585,https://upload.wikimedia.org/wikipedia/commons/thumb/e/ee/Armor_of_Matsura_Navy_at_Tsukinokawa_Road_Park.jpg/500px-Armor_of_Matsura_Navy_at_Tsukinokawa_Road_Park.jpg,松浦市,(Wikipedia代表画像),Wikimedia Commons,https://ja.wikipedia.org/wiki/%E6%9D%BE%E6%B5%A6%E5%B8%82
C1586,https://upload.wikimedia.org/wikipedia/commons/thumb/9/95/%E6%97%A5%E6%9C%AC%E3%81%AE%E6%B8%9A%E7%99%BE%E9%81%B8_%E7%AD%92%E5%9F%8E%E6%B5%9C.jpg/500px-%E6%97%A5%E6%9C%AC%E3%81%AE%E6%B8%9A%E7%99%BE%E9%81%B8_%E7%AD%92%E5%9F%8E%E6%B5%9C.jpg,壱岐市,(Wikipedia代表画像),Wikimedia Commons,https://ja.wikipedia.org/wiki/%E5%A3%B1%E5%B2%90%E5%B8%82
C1587,https://upload.wikimedia.org/wikipedia/commons/thumb/0/0f/Saikai_bridge.JPG/500px-Saikai_bridge.JPG,西海市,(Wikipedia代表画像),Wikimedia Commons,https://ja.wikipedia.org/wiki/%E8%A5%BF%E6%B5%B7%E5%B8%82
C1588,https://upload.wikimedia.org/wikipedia/commons/thumb/7/79/Remains_of_Hara_castle.jpg/500px-Remains_of_Hara_castle.jpg,南島原市,(Wikipedia代表画像),Wikimedia Commons,https://ja.wikipedia.org/wiki/%E5%8D%97%E5%B3%B6%E5%8E%9F%E5%B8%82
C1589,https://upload.wikimedia.org/wikipedia/commons/thumb/3/39/Nagayodam-MtKotonoo0903.jpg/500px-Nagayodam-MtKotonoo0903.jpg,長与町,(Wikipedia代表画像),Wikimedia Commons,https://ja.wikipedia.org/wiki/%E9%95%B7%E4%B8%8E%E7%94%BA
C1590,https://upload.wikimedia.org/wikipedia/commons/thumb/8/8a/Tsugiishi_Bouzu.jpg/500px-Tsugiishi_Bouzu.jpg,時津町,(Wikipedia代表画像),Wikimedia Commons,https://ja.wikipedia.org/wiki/%E6%99%82%E6%B4%A5%E7%94%BA
C1591,https://upload.wikimedia.org/wikipedia/commons/thumb/5/5c/%E9%BE%8D%E9%A0%AD%E6%B3%89_20150920_-_panoramio.jpg/500px-%E9%BE%8D%E9%A0%AD%E6%B3%89_20150920_-_panoramio.jpg,東彼杵町,(Wikipedia代表画像),Wikimedia Commons,https://ja.wikipedia.org/wiki/%E6%9D%B1%E5%BD%BC%E6%9D%B5%E7%94%BA
C1592,https://upload.wikimedia.org/wikipedia/commons/thumb/7/79/Mt.Kokuzou.jpg/500px-Mt.Kokuzou.jpg,川棚町,(Wikipedia代表画像),Wikimedia Commons,https://ja.wikipedia.org/wiki/%E5%B7%9D%E6%A3%9A%E7%94%BA
C1593,https://upload.wikimedia.org/wikipedia/commons/thumb/0/0b/Nakaogo%2C_Hasami_01.jpg/500px-Nakaogo%2C_Hasami_01.jpg,波佐見町,(Wikipedia代表画像),Wikimedia Commons,https://ja.wikipedia.org/wiki/%E6%B3%A2%E4%BD%90%E8%A6%8B%E7%94%BA
C1594,https://upload.wikimedia.org/wikipedia/commons/thumb/4/4e/Nokubi_Church2010.jpg/500px-Nokubi_Church2010.jpg,小値賀町,(Wikipedia代表画像),Wikimedia Commons,https://ja.wikipedia.org/wiki/%E5%B0%8F%E5%80%A4%E8%B3%80%E7%94%BA
C1595,https://upload.wikimedia.org/wikipedia/commons/thumb/e/e9/Sazagawa0812.jpg/500px-Sazagawa0812.jpg,佐々町,(Wikipedia代表画像),Wikimedia Commons,https://ja.wikipedia.org/wiki/%E4%BD%90%E3%80%85%E7%94%BA
C1596,https://upload.wikimedia.org/wikipedia/commons/thumb/8/8d/Kashiragashima_Church.JPG/500px-Kashiragashima_Church.JPG,新上五島町,(Wikipedia代表画像),Wikimedia Commons,https://ja.wikipedia.org/wiki/%E6%96%B0%E4%B8%8A%E4%BA%94%E5%B3%B6%E7%94%BA
C1597,https://upload.wikimedia.org/wikipedia/commons/thumb/d/d2/Shohinken_01.jpg/500px-Shohinken_01.jpg,八代市,(Wikipedia代表画像),Wikimedia Commons,https://ja.wikipedia.org/wiki/%E5%85%AB%E4%BB%A3%E5%B8%82
C1598,https://upload.wikimedia.org/wikipedia/commons/thumb/2/2b/Miike_Coal_Mine_Manda_Pit.jpg/500px-Miike_Coal_Mine_Manda_Pit.jpg,荒尾市,(Wikipedia代表画像),Wikimedia Commons,https://ja.wikipedia.org/wiki/%E8%8D%92%E5%B0%BE%E5%B8%82
C1599,https://upload.wikimedia.org/wikipedia/commons/thumb/6/61/Minamata_memorial_%281%29.jpg/500px-Minamata_memorial_%281%29.jpg,水俣市,(Wikipedia代表画像),Wikimedia Commons,https://ja.wikipedia.org/wiki/%E6%B0%B4%E4%BF%A3%E5%B8%82
C1600,https://upload.wikimedia.org/wikipedia/commons/thumb/9/9b/Takase_Urakawa_Riverside_Green_Space_01.jpg/500px-Takase_Urakawa_Riverside_Green_Space_01.jpg,玉名市,(Wikipedia代表画像),Wikimedia Commons,https://ja.wikipedia.org/wiki/%E7%8E%89%E5%90%8D%E5%B8%82
C1601,https://upload.wikimedia.org/wikipedia/commons/thumb/9/9e/Tengu_fall_in_the_Kikuchi_River_001.jpg/500px-Tengu_fall_in_the_Kikuchi_River_001.jpg,菊池市,(Wikipedia代表画像),Wikimedia Commons,https://ja.wikipedia.org/wiki/%E8%8F%8A%E6%B1%A0%E5%B8%82
C1602,https://upload.wikimedia.org/wikipedia/commons/thumb/a/aa/%E5%BE%A1%E8%BC%BF%E6%9D%A5%E6%B5%B7%E5%B2%B8%E5%B1%95%E6%9C%9B%E6%89%8020210924-IMG_6952.jpg/500px-%E5%BE%A1%E8%BC%BF%E6%9D%A5%E6%B5%B7%E5%B2%B8%E5%B1%95%E6%9C%9B%E6%89%8020210924-IMG_6952.jpg,宇土市,(Wikipedia代表画像),Wikimedia Commons,https://ja.wikipedia.org/wiki/%E5%AE%87%E5%9C%9F%E5%B8%82
C1603,https://upload.wikimedia.org/wikipedia/commons/thumb/0/08/%E5%A4%A9%E8%8D%89%E6%9D%BE%E5%B3%B6_20150919_-_panoramio.jpg/500px-%E5%A4%A9%E8%8D%89%E6%9D%BE%E5%B3%B6_20150919_-_panoramio.jpg,上天草市,(Wikipedia代表画像),Wikimedia Commons,https://ja.wikipedia.org/wiki/%E4%B8%8A%E5%A4%A9%E8%8D%89%E5%B8%82
C1604,https://upload.wikimedia.org/wikipedia/commons/thumb/4/43/Misumi_West_Port_08.jpg/500px-Misumi_West_Port_08.jpg,宇城市,(Wikipedia代表画像),Wikimedia Commons,https://ja.wikipedia.org/wiki/%E5%AE%87%E5%9F%8E%E5%B8%82
C1605,https://upload.wikimedia.org/wikipedia/commons/thumb/1/14/Kumamoto_Country_Park_10.jpg/500px-Kumamoto_Country_Park_10.jpg,合志市,(Wikipedia代表画像),Wikimedia Commons,https://ja.wikipedia.org/wiki/%E5%90%88%E5%BF%97%E5%B8%82
C1606,https://upload.wikimedia.org/wikipedia/commons/thumb/8/8a/Reitai_Bridge_01.jpg/500px-Reitai_Bridge_01.jpg,美里町 (熊本県),(Wikipedia代表画像),Wikimedia Commons,https://ja.wikipedia.org/wiki/%E7%BE%8E%E9%87%8C%E7%94%BA%20(%E7%86%8A%E6%9C%AC%E7%9C%8C)
C1607,https://upload.wikimedia.org/wikipedia/commons/thumb/f/ff/Takatsuki_Kangun_Cemetery_01.jpg/500px-Takatsuki_Kangun_Cemetery_01.jpg,玉東町,(Wikipedia代表画像),Wikimedia Commons,https://ja.wikipedia.org/wiki/%E7%8E%89%E6%9D%B1%E7%94%BA
C1608,https://upload.wikimedia.org/wikipedia/commons/thumb/a/a8/Former_Nankan_Ochaya01.jpg/500px-Former_Nankan_Ochaya01.jpg,南関町,(Wikipedia代表画像),Wikimedia Commons,https://ja.wikipedia.org/wiki/%E5%8D%97%E9%96%A2%E7%94%BA
C1609,https://upload.wikimedia.org/wikipedia/commons/thumb/c/c8/Goldfish_and_Carp_Park_01.jpg/500px-Goldfish_and_Carp_Park_01.jpg,長洲町,(Wikipedia代表画像),Wikimedia Commons,https://ja.wikipedia.org/wiki/%E9%95%B7%E6%B4%B2%E7%94%BA
C1610,https://upload.wikimedia.org/wikipedia/commons/thumb/c/c5/Etafunayama2008010201.jpg/500px-Etafunayama2008010201.jpg,和水町,(Wikipedia代表画像),Wikimedia Commons,https://ja.wikipedia.org/wiki/%E5%92%8C%E6%B0%B4%E7%94%BA
C1611,https://upload.wikimedia.org/wikipedia/commons/thumb/a/a3/Hiyoshi_Shrine.jpg/500px-Hiyoshi_Shrine.jpg,大津町,(Wikipedia代表画像),Wikimedia Commons,https://ja.wikipedia.org/wiki/%E5%A4%A7%E6%B4%A5%E7%94%BA
C1612,https://upload.wikimedia.org/wikipedia/commons/thumb/4/47/Hanaguri_Ide%28Baba_Kusunoide_canal%29_Kikuyo_Kumamoto.jpg/500px-Hanaguri_Ide%28Baba_Kusunoide_canal%29_Kikuyo_Kumamoto.jpg,菊陽町,(Wikipedia代表画像),Wikimedia Commons,https://ja.wikipedia.org/wiki/%E8%8F%8A%E9%99%BD%E7%94%BA
C1613,https://upload.wikimedia.org/wikipedia/commons/thumb/f/f8/Kurokawa_onsen_001.JPG/500px-Kurokawa_onsen_001.JPG,南小国町,(Wikipedia代表画像),Wikimedia Commons,https://ja.wikipedia.org/wiki/%E5%8D%97%E5%B0%8F%E5%9B%BD%E7%94%BA
C1614,https://upload.wikimedia.org/wikipedia/commons/thumb/b/bc/Tsuetate_Onsen.jpg/500px-Tsuetate_Onsen.jpg,小国町 (熊本県),(Wikipedia代表画像),Wikimedia Commons,https://ja.wikipedia.org/wiki/%E5%B0%8F%E5%9B%BD%E7%94%BA%20(%E7%86%8A%E6%9C%AC%E7%9C%8C)
C1615,https://upload.wikimedia.org/wikipedia/commons/thumb/c/cc/Ikeyama_Suigen_01.jpg/500px-Ikeyama_Suigen_01.jpg,産山村,(Wikipedia代表画像),Wikimedia Commons,https://ja.wikipedia.org/wiki/%E7%94%A3%E5%B1%B1%E6%9D%91
C1616,https://upload.wikimedia.org/wikipedia/commons/thumb/2/25/Tsukimawari_Park_Takamori.JPG/500px-Tsukimawari_Park_Takamori.JPG,高森町 (熊本県),(Wikipedia代表画像),Wikimedia Commons,https://ja.wikipedia.org/wiki/%E9%AB%98%E6%A3%AE%E7%94%BA%20(%E7%86%8A%E6%9C%AC%E7%9C%8C)
C1617,https://upload.wikimedia.org/wikipedia/commons/thumb/c/c4/%E8%A5%BF%E5%8E%9F%E7%99%BD%E7%B3%B8%E3%81%AE%E6%BB%9D_-_panoramio.jpg/500px-%E8%A5%BF%E5%8E%9F%E7%99%BD%E7%B3%B8%E3%81%AE%E6%BB%9D_-_panoramio.jpg,西原村,(Wikipedia代表画像),Wikimedia Commons,https://ja.wikipedia.org/wiki/%E8%A5%BF%E5%8E%9F%E6%9D%91
C1618,https://upload.wikimedia.org/wikipedia/commons/thumb/2/25/Shirakawa_Spring_2023.jpg/500px-Shirakawa_Spring_2023.jpg,南阿蘇村,(Wikipedia代表画像),Wikimedia Commons,https://ja.wikipedia.org/wiki/%E5%8D%97%E9%98%BF%E8%98%87%E6%9D%91
C1619,https://upload.wikimedia.org/wikipedia/commons/thumb/e/e3/Mifune_Dinosaur_Museum_2.JPG/500px-Mifune_Dinosaur_Museum_2.JPG,御船町,(Wikipedia代表画像),Wikimedia Commons,https://ja.wikipedia.org/wiki/%E5%BE%A1%E8%88%B9%E7%94%BA
C1620,https://upload.wikimedia.org/wikipedia/commons/thumb/0/0e/Ukishima_shrine_04.jpg/500px-Ukishima_shrine_04.jpg,嘉島町,(Wikipedia代表画像),Wikimedia Commons,https://ja.wikipedia.org/wiki/%E5%98%89%E5%B3%B6%E7%94%BA
C1621,https://upload.wikimedia.org/wikipedia/commons/thumb/3/34/En-Kumamoto_Airport_2007.jpg/500px-En-Kumamoto_Airport_2007.jpg,益城町,(Wikipedia代表画像),Wikimedia Commons,https://ja.wikipedia.org/wiki/%E7%9B%8A%E5%9F%8E%E7%94%BA
C1622,https://upload.wikimedia.org/wikipedia/commons/thumb/c/c9/Midorikawa_River_Kumamoto_Misato-Kosa_Border_2025.jpg/500px-Midorikawa_River_Kumamoto_Misato-Kosa_Border_2025.jpg,甲佐町,(Wikipedia代表画像),Wikimedia Commons,https://ja.wikipedia.org/wiki/%E7%94%B2%E4%BD%90%E7%94%BA
C1623,https://upload.wikimedia.org/wikipedia/commons/thumb/1/1f/Tsujyunkyo_edit.jpg/500px-Tsujyunkyo_edit.jpg,山都町,(Wikipedia代表画像),Wikimedia Commons,https://ja.wikipedia.org/wiki/%E5%B1%B1%E9%83%BD%E7%94%BA
C1624,https://upload.wikimedia.org/wikipedia/commons/thumb/e/e7/Tategami_Gorge_01.jpg/500px-Tategami_Gorge_01.jpg,氷川町,(Wikipedia代表画像),Wikimedia Commons,https://ja.wikipedia.org/wiki/%E6%B0%B7%E5%B7%9D%E7%94%BA
C1625,https://upload.wikimedia.org/wikipedia/commons/thumb/1/1f/Ashikita_Seaside_Park_2_-_Aug_31%2C_2008.jpg/500px-Ashikita_Seaside_Park_2_-_Aug_31%2C_2008.jpg,芦北町,(Wikipedia代表画像),Wikimedia Commons,https://ja.wikipedia.org/wiki/%E8%8A%A6%E5%8C%97%E7%94%BA
C1626,https://upload.wikimedia.org/wikipedia/commons/thumb/2/25/Tsunagi_Art_Museum_01.JPG/500px-Tsunagi_Art_Museum_01.JPG,津奈木町,(Wikipedia代表画像),Wikimedia Commons,https://ja.wikipedia.org/wiki/%E6%B4%A5%E5%A5%88%E6%9C%A8%E7%94%BA
C1627,https://upload.wikimedia.org/wikipedia/commons/thumb/d/d1/Shinguzen-ji_202505-2.jpg/500px-Shinguzen-ji_202505-2.jpg,錦町,(Wikipedia代表画像),Wikimedia Commons,https://ja.wikipedia.org/wiki/%E9%8C%A6%E7%94%BA
C1628,https://upload.wikimedia.org/wikipedia/commons/thumb/1/1d/Ota_house_Taragi_Kumamoto.jpg/500px-Ota_house_Taragi_Kumamoto.jpg,多良木町,(Wikipedia代表画像),Wikimedia Commons,https://ja.wikipedia.org/wiki/%E5%A4%9A%E8%89%AF%E6%9C%A8%E7%94%BA
C1629,https://upload.wikimedia.org/wikipedia/commons/thumb/f/f9/Yunomae_manga_museum_1.jpg/500px-Yunomae_manga_museum_1.jpg,湯前町,(Wikipedia代表画像),Wikimedia Commons,https://ja.wikipedia.org/wiki/%E6%B9%AF%E5%89%8D%E7%94%BA
C1630,https://upload.wikimedia.org/wikipedia/commons/thumb/7/73/Ichifusayama_from_Mizukami_Kumamoto_Japan.jpg/500px-Ichifusayama_from_Mizukami_Kumamoto_Japan.jpg,水上村,(Wikipedia代表画像),Wikimedia Commons,https://ja.wikipedia.org/wiki/%E6%B0%B4%E4%B8%8A%E6%9D%91
C1631,https://upload.wikimedia.org/wikipedia/commons/thumb/1/1a/%E7%9B%B8%E8%89%AF%E6%9D%91_20150924.jpg/500px-%E7%9B%B8%E8%89%AF%E6%9D%91_20150924.jpg,相良村,(Wikipedia代表画像),Wikimedia Commons,https://ja.wikipedia.org/wiki/%E7%9B%B8%E8%89%AF%E6%9D%91
C1632,https://upload.wikimedia.org/wikipedia/commons/thumb/5/56/Miyazono_Gingko_Tree_Itsuki_Village_20211115.jpg/500px-Miyazono_Gingko_Tree_Itsuki_Village_20211115.jpg,五木村,(Wikipedia代表画像),Wikimedia Commons,https://ja.wikipedia.org/wiki/%E4%BA%94%E6%9C%A8%E6%9D%91
C1633,https://upload.wikimedia.org/wikipedia/commons/thumb/9/9c/Maruoka_Park_-_Yamae_202512-1.jpg/500px-Maruoka_Park_-_Yamae_202512-1.jpg,山江村,(Wikipedia代表画像),Wikimedia Commons,https://ja.wikipedia.org/wiki/%E5%B1%B1%E6%B1%9F%E6%9D%91
C1634,https://upload.wikimedia.org/wikipedia/commons/thumb/9/97/Kyusendo%E2%80%90Flowstone20080104.jpg/500px-Kyusendo%E2%80%90Flowstone20080104.jpg,球磨村,(Wikipedia代表画像),Wikimedia Commons,https://ja.wikipedia.org/wiki/%E7%90%83%E7%A3%A8%E6%9D%91
C1635,https://upload.wikimedia.org/wikipedia/commons/thumb/3/39/Okadome-kofuku_station_1.jpg/500px-Okadome-kofuku_station_1.jpg,あさぎり町,(Wikipedia代表画像),Wikimedia Commons,https://ja.wikipedia.org/wiki/%E3%81%82%E3%81%95%E3%81%8E%E3%82%8A%E7%94%BA
C1636,https://upload.wikimedia.org/wikipedia/commons/thumb/b/b2/Tomioka_Castle_01.jpg/500px-Tomioka_Castle_01.jpg,苓北町,(Wikipedia代表画像),Wikimedia Commons,https://ja.wikipedia.org/wiki/%E8%8B%93%E5%8C%97%E7%94%BA
C1637,https://upload.wikimedia.org/wikipedia/commons/thumb/5/53/Saiki_Montage.jpg/500px-Saiki_Montage.jpg,佐伯市,(Wikipedia代表画像),Wikimedia Commons,https://ja.wikipedia.org/wiki/%E4%BD%90%E4%BC%AF%E5%B8%82
C1638,https://upload.wikimedia.org/wikipedia/commons/thumb/4/4f/Buddhism_statue_of_USUKI_%28Furuzono%29_Oita%2CJAPAN.JPG/500px-Buddhism_statue_of_USUKI_%28Furuzono%29_Oita%2CJAPAN.JPG,臼杵市,(Wikipedia代表画像),Wikimedia Commons,https://ja.wikipedia.org/wiki/%E8%87%BC%E6%9D%B5%E5%B8%82
C1639,https://upload.wikimedia.org/wikipedia/commons/thumb/f/fb/%E3%81%A4%E3%81%8F%E3%81%BF%E3%82%93%E5%85%AC%E5%9C%92%E3%81%A8%E5%B7%A5%E5%A0%B4%EF%BC%88%E5%A4%AA%E5%B9%B3%E6%B4%8B%E3%82%BB%E3%83%A1%E3%83%B3%E3%83%88%E5%A4%A7%E5%88%86%E5%B7%A5%E5%A0%B4%EF%BC%89.jpg/500px-%E3%81%A4%E3%81%8F%E3%81%BF%E3%82%93%E5%85%AC%E5%9C%92%E3%81%A8%E5%B7%A5%E5%A0%B4%EF%BC%88%E5%A4%AA%E5%B9%B3%E6%B4%8B%E3%82%BB%E3%83%A1%E3%83%B3%E3%83%88%E5%A4%A7%E5%88%86%E5%B7%A5%E5%A0%B4%EF%BC%89.jpg,津久見市,(Wikipedia代表画像),Wikimedia Commons,https://ja.wikipedia.org/wiki/%E6%B4%A5%E4%B9%85%E8%A6%8B%E5%B8%82
C1640,https://upload.wikimedia.org/wikipedia/commons/thumb/3/3b/Okajoshi.jpg/500px-Okajoshi.jpg,竹田市,(Wikipedia代表画像),Wikimedia Commons,https://ja.wikipedia.org/wiki/%E7%AB%B9%E7%94%B0%E5%B8%82
C1641,https://upload.wikimedia.org/wikipedia/commons/thumb/3/3b/%E5%AF%8C%E8%B2%B4%E5%AF%BA_%E5%A4%A7%E5%A0%82.JPG/500px-%E5%AF%8C%E8%B2%B4%E5%AF%BA_%E5%A4%A7%E5%A0%82.JPG,豊後高田市,(Wikipedia代表画像),Wikimedia Commons,https://ja.wikipedia.org/wiki/%E8%B1%8A%E5%BE%8C%E9%AB%98%E7%94%B0%E5%B8%82
C1642,https://upload.wikimedia.org/wikipedia/commons/thumb/c/c3/Castle_Town_of_Kitsuki_05.jpg/500px-Castle_Town_of_Kitsuki_05.jpg,杵築市,(Wikipedia代表画像),Wikimedia Commons,https://ja.wikipedia.org/wiki/%E6%9D%B5%E7%AF%89%E5%B8%82
C1643,https://upload.wikimedia.org/wikipedia/commons/thumb/c/ce/Chokushimon_Gate_in_Upper_Shrine_of_Usa_Shrine_2.jpg/500px-Chokushimon_Gate_in_Upper_Shrine_of_Usa_Shrine_2.jpg,宇佐市,(Wikipedia代表画像),Wikimedia Commons,https://ja.wikipedia.org/wiki/%E5%AE%87%E4%BD%90%E5%B8%82
C1644,https://upload.wikimedia.org/wikipedia/commons/thumb/3/37/Bungo_ohno_harajirinotaki_02.jpg/500px-Bungo_ohno_harajirinotaki_02.jpg,豊後大野市,(Wikipedia代表画像),Wikimedia Commons,https://ja.wikipedia.org/wiki/%E8%B1%8A%E5%BE%8C%E5%A4%A7%E9%87%8E%E5%B8%82
C1645,https://upload.wikimedia.org/wikipedia/commons/thumb/f/f9/Futagoji_Stone_Ni%C5%8D.jpg/500px-Futagoji_Stone_Ni%C5%8D.jpg,国東市,(Wikipedia代表画像),Wikimedia Commons,https://ja.wikipedia.org/wiki/%E5%9B%BD%E6%9D%B1%E5%B8%82
C1646,https://upload.wikimedia.org/wikipedia/commons/thumb/c/ce/%E5%A7%AB%E5%B3%B6%E7%81%AF%E5%8F%B0.jpg/500px-%E5%A7%AB%E5%B3%B6%E7%81%AF%E5%8F%B0.jpg,姫島村,(Wikipedia代表画像),Wikimedia Commons,https://ja.wikipedia.org/wiki/%E5%A7%AB%E5%B3%B6%E6%9D%91
C1647,https://upload.wikimedia.org/wikipedia/commons/thumb/8/80/A_part_of_Hiji_Castle_ruins.jpg/500px-A_part_of_Hiji_Castle_ruins.jpg,日出町,(Wikipedia代表画像),Wikimedia Commons,https://ja.wikipedia.org/wiki/%E6%97%A5%E5%87%BA%E7%94%BA
C1648,https://upload.wikimedia.org/wikipedia/commons/thumb/f/fd/Handakogen.jpg/500px-Handakogen.jpg,九重町,(Wikipedia代表画像),Wikimedia Commons,https://ja.wikipedia.org/wiki/%E4%B9%9D%E9%87%8D%E7%94%BA
C1649,https://upload.wikimedia.org/wikipedia/commons/thumb/4/45/Bungo-Mori_Roundhouse_20180331-1.jpg/500px-Bungo-Mori_Roundhouse_20180331-1.jpg,玖珠町,(Wikipedia代表画像),Wikimedia Commons,https://ja.wikipedia.org/wiki/%E7%8E%96%E7%8F%A0%E7%94%BA
C1650,https://upload.wikimedia.org/wikipedia/commons/thumb/4/4c/Night_View_of_Nobeoka_2011_Jan.JPG/500px-Night_View_of_Nobeoka_2011_Jan.JPG,延岡市,(Wikipedia代表画像),Wikimedia Commons,https://ja.wikipedia.org/wiki/%E5%BB%B6%E5%B2%A1%E5%B8%82
C1651,https://upload.wikimedia.org/wikipedia/commons/thumb/d/df/Ikoma_Plateau_2021_Oct_01.jpg/500px-Ikoma_Plateau_2021_Oct_01.jpg,小林市,(Wikipedia代表画像),Wikimedia Commons,https://ja.wikipedia.org/wiki/%E5%B0%8F%E6%9E%97%E5%B8%82
C1652,https://upload.wikimedia.org/wikipedia/commons/thumb/9/92/Hyuga_Montage.JPG/500px-Hyuga_Montage.JPG,日向市,(Wikipedia代表画像),Wikimedia Commons,https://ja.wikipedia.org/wiki/%E6%97%A5%E5%90%91%E5%B8%82
C1653,https://upload.wikimedia.org/wikipedia/commons/thumb/a/a5/Misaki-uma.jpg/500px-Misaki-uma.jpg,串間市,(Wikipedia代表画像),Wikimedia Commons,https://ja.wikipedia.org/wiki/%E4%B8%B2%E9%96%93%E5%B8%82
C1654,https://upload.wikimedia.org/wikipedia/commons/thumb/0/0e/Oni-no-iwaya_kofun_zenkei.JPG/500px-Oni-no-iwaya_kofun_zenkei.JPG,西都市,(Wikipedia代表画像),Wikimedia Commons,https://ja.wikipedia.org/wiki/%E8%A5%BF%E9%83%BD%E5%B8%82
C1655,https://upload.wikimedia.org/wikipedia/commons/thumb/f/fe/%E6%A4%8E%E5%85%AB%E9%87%8D%E5%85%AC%E5%9C%92.jpg/500px-%E6%A4%8E%E5%85%AB%E9%87%8D%E5%85%AC%E5%9C%92.jpg,三股町,(Wikipedia代表画像),Wikimedia Commons,https://ja.wikipedia.org/wiki/%E4%B8%89%E8%82%A1%E7%94%BA
C1656,https://upload.wikimedia.org/wikipedia/commons/thumb/7/7c/Miyazaki_Miike.jpg/500px-Miyazaki_Miike.jpg,高原町,(Wikipedia代表画像),Wikimedia Commons,https://ja.wikipedia.org/wiki/%E9%AB%98%E5%8E%9F%E7%94%BA
C1657,https://upload.wikimedia.org/wikipedia/commons/thumb/5/5c/%E8%BA%AB%E6%8A%95%E7%8D%84%E5%B1%95%E6%9C%9B%E5%8F%B0_-_panoramio.jpg/500px-%E8%BA%AB%E6%8A%95%E7%8D%84%E5%B1%95%E6%9C%9B%E5%8F%B0_-_panoramio.jpg,国富町,(Wikipedia代表画像),Wikimedia Commons,https://ja.wikipedia.org/wiki/%E5%9B%BD%E5%AF%8C%E7%94%BA
C1658,https://upload.wikimedia.org/wikipedia/commons/thumb/e/eb/Teruha_hanger_bridge2.jpg/500px-Teruha_hanger_bridge2.jpg,綾町,(Wikipedia代表画像),Wikimedia Commons,https://ja.wikipedia.org/wiki/%E7%B6%BE%E7%94%BA
C1659,https://upload.wikimedia.org/wikipedia/commons/thumb/c/c3/%E9%AB%98%E9%8D%8B%E5%A4%A7%E5%B8%AB_%E5%8D%81%E4%B8%80%E9%9D%A2%E8%A6%B3%E9%9F%B3_2019-05-15.jpg/500px-%E9%AB%98%E9%8D%8B%E5%A4%A7%E5%B8%AB_%E5%8D%81%E4%B8%80%E9%9D%A2%E8%A6%B3%E9%9F%B3_2019-05-15.jpg,高鍋町,(Wikipedia代表画像),Wikimedia Commons,https://ja.wikipedia.org/wiki/%E9%AB%98%E9%8D%8B%E7%94%BA
C1660,https://upload.wikimedia.org/wikipedia/commons/thumb/0/0b/%E6%B9%AF%E4%B9%8B%E5%AE%AE%E3%81%AE%E5%BA%A7%E8%AB%96%E6%A2%852.jpg/500px-%E6%B9%AF%E4%B9%8B%E5%AE%AE%E3%81%AE%E5%BA%A7%E8%AB%96%E6%A2%852.jpg,新富町,(Wikipedia代表画像),Wikimedia Commons,https://ja.wikipedia.org/wiki/%E6%96%B0%E5%AF%8C%E7%94%BA
C1661,https://upload.wikimedia.org/wikipedia/commons/thumb/4/44/Karikobouzu_bridge.jpg/500px-Karikobouzu_bridge.jpg,西米良村,(Wikipedia代表画像),Wikimedia Commons,https://ja.wikipedia.org/wiki/%E8%A5%BF%E7%B1%B3%E8%89%AF%E6%9D%91
C1662,https://upload.wikimedia.org/wikipedia/commons/thumb/0/01/Ishikawauchi_Kijo_Miyazaki_Japan.jpg/500px-Ishikawauchi_Kijo_Miyazaki_Japan.jpg,木城町,(Wikipedia代表画像),Wikimedia Commons,https://ja.wikipedia.org/wiki/%E6%9C%A8%E5%9F%8E%E7%94%BA
C1663,https://upload.wikimedia.org/wikipedia/commons/thumb/f/f4/Sourinbarukuyoutou.jpg/500px-Sourinbarukuyoutou.jpg,川南町,(Wikipedia代表画像),Wikimedia Commons,https://ja.wikipedia.org/wiki/%E5%B7%9D%E5%8D%97%E7%94%BA
C1664,https://upload.wikimedia.org/wikipedia/commons/thumb/0/04/Yatogi_Waterfall_2009_001.JPG/500px-Yatogi_Waterfall_2009_001.JPG,都農町,(Wikipedia代表画像),Wikimedia Commons,https://ja.wikipedia.org/wiki/%E9%83%BD%E8%BE%B2%E7%94%BA
C1665,https://upload.wikimedia.org/wikipedia/commons/thumb/d/d4/%E6%9E%87%E6%A6%94%E5%B3%B6%EF%BC%88%E3%81%B3%E3%82%8D%E3%81%86%E3%81%98%E3%81%BE%EF%BC%89.jpg/500px-%E6%9E%87%E6%A6%94%E5%B3%B6%EF%BC%88%E3%81%B3%E3%82%8D%E3%81%86%E3%81%98%E3%81%BE%EF%BC%89.jpg,門川町,(Wikipedia代表画像),Wikimedia Commons,https://ja.wikipedia.org/wiki/%E9%96%80%E5%B7%9D%E7%94%BA
C1666,https://upload.wikimedia.org/wikipedia/commons/thumb/e/ef/Morodsuka-2824-r1.JPG/500px-Morodsuka-2824-r1.JPG,諸塚村,(Wikipedia代表画像),Wikimedia Commons,https://ja.wikipedia.org/wiki/%E8%AB%B8%E5%A1%9A%E6%9D%91
C1667,https://upload.wikimedia.org/wikipedia/commons/thumb/6/6d/Tsurutomi_Traditional_House.jpg/500px-Tsurutomi_Traditional_House.jpg,椎葉村,(Wikipedia代表画像),Wikimedia Commons,https://ja.wikipedia.org/wiki/%E6%A4%8E%E8%91%89%E6%9D%91
C1668,https://upload.wikimedia.org/wikipedia/commons/thumb/f/fb/Mikado_Shrine01.jpg/500px-Mikado_Shrine01.jpg,美郷町 (宮崎県),(Wikipedia代表画像),Wikimedia Commons,https://ja.wikipedia.org/wiki/%E7%BE%8E%E9%83%B7%E7%94%BA%20(%E5%AE%AE%E5%B4%8E%E7%9C%8C)
C1669,https://upload.wikimedia.org/wikipedia/commons/thumb/a/a6/Mitate_Mine_England_House_01.jpg/500px-Mitate_Mine_England_House_01.jpg,日之影町,(Wikipedia代表画像),Wikimedia Commons,https://ja.wikipedia.org/wiki/%E6%97%A5%E4%B9%8B%E5%BD%B1%E7%94%BA
C1670,https://upload.wikimedia.org/wikipedia/commons/thumb/c/c1/Josen-ji_Temple_Gokase_2025_0408_01.jpg/500px-Josen-ji_Temple_Gokase_2025_0408_01.jpg,五ヶ瀬町,(Wikipedia代表画像),Wikimedia Commons,https://ja.wikipedia.org/wiki/%E4%BA%94%E3%83%B6%E7%80%AC%E7%94%BA
C1671,https://upload.wikimedia.org/wikipedia/commons/thumb/8/85/Kanoya_Montage_Beta.jpg/500px-Kanoya_Montage_Beta.jpg,鹿屋市,(Wikipedia代表画像),Wikimedia Commons,https://ja.wikipedia.org/wiki/%E9%B9%BF%E5%B1%8B%E5%B8%82
C1672,https://upload.wikimedia.org/wikipedia/commons/thumb/f/f1/Wakimoto_beach_Akune_Kagoshima.jpg/500px-Wakimoto_beach_Akune_Kagoshima.jpg,阿久根市,(Wikipedia代表画像),Wikimedia Commons,https://ja.wikipedia.org/wiki/%E9%98%BF%E4%B9%85%E6%A0%B9%E5%B8%82
C1673,https://upload.wikimedia.org/wikipedia/commons/thumb/4/40/Cranes_in_Izumi%2C_Kagoshima.jpg/500px-Cranes_in_Izumi%2C_Kagoshima.jpg,出水市,(Wikipedia代表画像),Wikimedia Commons,https://ja.wikipedia.org/wiki/%E5%87%BA%E6%B0%B4%E5%B8%82
C1674,https://upload.wikimedia.org/wikipedia/commons/thumb/a/a1/%E5%B8%8C%E5%BF%97%E7%A2%95IMGP1544.JPG/500px-%E5%B8%8C%E5%BF%97%E7%A2%95IMGP1544.JPG,西之表市,(Wikipedia代表画像),Wikimedia Commons,https://ja.wikipedia.org/wiki/%E8%A5%BF%E4%B9%8B%E8%A1%A8%E5%B8%82
C1675,https://upload.wikimedia.org/wikipedia/commons/thumb/2/21/Kaigata_Tarumizu_City_Kagoshima_Japan_2015.JPG/500px-Kaigata_Tarumizu_City_Kagoshima_Japan_2015.JPG,垂水市,(Wikipedia代表画像),Wikimedia Commons,https://ja.wikipedia.org/wiki/%E5%9E%82%E6%B0%B4%E5%B8%82
C1676,https://upload.wikimedia.org/wikipedia/commons/thumb/b/b9/Satsumasendai_Montage.jpg/500px-Satsumasendai_Montage.jpg,薩摩川内市,(Wikipedia代表画像),Wikimedia Commons,https://ja.wikipedia.org/wiki/%E8%96%A9%E6%91%A9%E5%B7%9D%E5%86%85%E5%B8%82
C1677,https://upload.wikimedia.org/wikipedia/commons/thumb/5/59/Myoenji_Mairi_Samurai_Procession_with_Tokushige_Shrine_2021.jpg/500px-Myoenji_Mairi_Samurai_Procession_with_Tokushige_Shrine_2021.jpg,日置市,(Wikipedia代表画像),Wikimedia Commons,https://ja.wikipedia.org/wiki/%E6%97%A5%E7%BD%AE%E5%B8%82
C1678,https://upload.wikimedia.org/wikipedia/commons/thumb/6/6c/Yagorodon_Iwagawa_2011_01.JPG/500px-Yagorodon_Iwagawa_2011_01.JPG,曽於市,(Wikipedia代表画像),Wikimedia Commons,https://ja.wikipedia.org/wiki/%E6%9B%BD%E6%96%BC%E5%B8%82
C1679,https://upload.wikimedia.org/wikipedia/commons/thumb/6/69/Kushikino_Port_%282024%29.jpg/500px-Kushikino_Port_%282024%29.jpg,いちき串木野市,(Wikipedia代表画像),Wikimedia Commons,https://ja.wikipedia.org/wiki/%E3%81%84%E3%81%A1%E3%81%8D%E4%B8%B2%E6%9C%A8%E9%87%8E%E5%B8%82
C1680,https://upload.wikimedia.org/wikipedia/commons/thumb/8/86/Fukiagehama_Sunset_Bridge.jpg/500px-Fukiagehama_Sunset_Bridge.jpg,南さつま市,(Wikipedia代表画像),Wikimedia Commons,https://ja.wikipedia.org/wiki/%E5%8D%97%E3%81%95%E3%81%A4%E3%81%BE%E5%B8%82
C1681,https://upload.wikimedia.org/wikipedia/commons/thumb/4/41/Shibushi_Port_Wakahama_Area_01.JPG/500px-Shibushi_Port_Wakahama_Area_01.JPG,志布志市,(Wikipedia代表画像),Wikimedia Commons,https://ja.wikipedia.org/wiki/%E5%BF%97%E5%B8%83%E5%BF%97%E5%B8%82
C1682,https://upload.wikimedia.org/wikipedia/commons/thumb/b/bb/Tea_Plantation_in_Nansatsu_Plateau.jpg/500px-Tea_Plantation_in_Nansatsu_Plateau.jpg,南九州市,(Wikipedia代表画像),Wikimedia Commons,https://ja.wikipedia.org/wiki/%E5%8D%97%E4%B9%9D%E5%B7%9E%E5%B8%82
C1683,https://upload.wikimedia.org/wikipedia/commons/thumb/0/07/RIMG0228.JPG/500px-RIMG0228.JPG,伊佐市,(Wikipedia代表画像),Wikimedia Commons,https://ja.wikipedia.org/wiki/%E4%BC%8A%E4%BD%90%E5%B8%82
C1684,https://upload.wikimedia.org/wikipedia/commons/thumb/1/17/Big_Japanese_cinnamon_Kamo_hachiman_shrine.jpg/500px-Big_Japanese_cinnamon_Kamo_hachiman_shrine.jpg,姶良市,(Wikipedia代表画像),Wikimedia Commons,https://ja.wikipedia.org/wiki/%E5%A7%B6%E8%89%AF%E5%B8%82
C1685,https://upload.wikimedia.org/wikipedia/commons/thumb/4/41/2015_Satsuma-Iojima_Iodake.jpg/500px-2015_Satsuma-Iojima_Iodake.jpg,三島村,(Wikipedia代表画像),Wikimedia Commons,https://ja.wikipedia.org/wiki/%E4%B8%89%E5%B3%B6%E6%9D%91
C1686,https://upload.wikimedia.org/wikipedia/commons/thumb/7/7d/Tokarauma_otake.jpg/500px-Tokarauma_otake.jpg,十島村,(Wikipedia代表画像),Wikimedia Commons,https://ja.wikipedia.org/wiki/%E5%8D%81%E5%B3%B6%E6%9D%91
C1687,https://upload.wikimedia.org/wikipedia/commons/thumb/b/bf/Hokusatsu_Regional_Park_play_ground.JPG/500px-Hokusatsu_Regional_Park_play_ground.JPG,さつま町,(Wikipedia代表画像),Wikimedia Commons,https://ja.wikipedia.org/wiki/%E3%81%95%E3%81%A4%E3%81%BE%E7%94%BA
C1688,https://upload.wikimedia.org/wikipedia/commons/thumb/b/b0/Road_side_station_Nagashima_Kagoshima.JPG/500px-Road_side_station_Nagashima_Kagoshima.JPG,長島町,(Wikipedia代表画像),Wikimedia Commons,https://ja.wikipedia.org/wiki/%E9%95%B7%E5%B3%B6%E7%94%BA
C1689,https://upload.wikimedia.org/wikipedia/commons/thumb/3/38/Maruike_Yusui_01.JPG/500px-Maruike_Yusui_01.JPG,湧水町,(Wikipedia代表画像),Wikimedia Commons,https://ja.wikipedia.org/wiki/%E6%B9%A7%E6%B0%B4%E7%94%BA
C1690,https://upload.wikimedia.org/wikipedia/commons/thumb/9/98/Yokose_Kofun%2C_zenkei-2.jpg/500px-Yokose_Kofun%2C_zenkei-2.jpg,大崎町,(Wikipedia代表画像),Wikimedia Commons,https://ja.wikipedia.org/wiki/%E5%A4%A7%E5%B4%8E%E7%94%BA
C1691,https://upload.wikimedia.org/wikipedia/commons/thumb/2/26/Lupin_at_Kashiwabaru_Coast_Kagoshima_2012.JPG/500px-Lupin_at_Kashiwabaru_Coast_Kagoshima_2012.JPG,東串良町,(Wikipedia代表画像),Wikimedia Commons,https://ja.wikipedia.org/wiki/%E6%9D%B1%E4%B8%B2%E8%89%AF%E7%94%BA
C1692,https://upload.wikimedia.org/wikipedia/commons/thumb/d/d5/Kamikawa_Falls_Kagoshima.jpg/500px-Kamikawa_Falls_Kagoshima.jpg,錦江町,(Wikipedia代表画像),Wikimedia Commons,https://ja.wikipedia.org/wiki/%E9%8C%A6%E6%B1%9F%E7%94%BA
C1693,https://upload.wikimedia.org/wikipedia/commons/thumb/f/fa/Satamisaki_Park_View_Kagoshima001.JPG/500px-Satamisaki_Park_View_Kagoshima001.JPG,南大隅町,(Wikipedia代表画像),Wikimedia Commons,https://ja.wikipedia.org/wiki/%E5%8D%97%E5%A4%A7%E9%9A%85%E7%94%BA
C1694,https://upload.wikimedia.org/wikipedia/commons/thumb/4/42/M-V_with_ASTRO-E2_on_launch_pad.jpeg/500px-M-V_with_ASTRO-E2_on_launch_pad.jpeg,肝付町,(Wikipedia代表画像),Wikimedia Commons,https://ja.wikipedia.org/wiki/%E8%82%9D%E4%BB%98%E7%94%BA
C1695,https://upload.wikimedia.org/wikipedia/commons/thumb/b/b6/Nakatane05.jpg/500px-Nakatane05.jpg,中種子町,(Wikipedia代表画像),Wikimedia Commons,https://ja.wikipedia.org/wiki/%E4%B8%AD%E7%A8%AE%E5%AD%90%E7%94%BA
C1696,https://upload.wikimedia.org/wikipedia/commons/thumb/c/c2/H2A11001_%28square%29.jpg/500px-H2A11001_%28square%29.jpg,南種子町,(Wikipedia代表画像),Wikimedia Commons,https://ja.wikipedia.org/wiki/%E5%8D%97%E7%A8%AE%E5%AD%90%E7%94%BA
C1697,https://upload.wikimedia.org/wikipedia/commons/thumb/5/5b/Amami_Wildlife_Center_-_outside.jpg/500px-Amami_Wildlife_Center_-_outside.jpg,大和村,(Wikipedia代表画像),Wikimedia Commons,https://ja.wikipedia.org/wiki/%E5%A4%A7%E5%92%8C%E6%9D%91
C1698,https://upload.wikimedia.org/wikipedia/commons/thumb/1/11/%E3%82%A2%E3%83%A9%E3%83%B3%E3%82%AC%E3%83%81%E3%81%AE%E6%BB%9D.jpg/500px-%E3%82%A2%E3%83%A9%E3%83%B3%E3%82%AC%E3%83%81%E3%81%AE%E6%BB%9D.jpg,宇検村,(Wikipedia代表画像),Wikimedia Commons,https://ja.wikipedia.org/wiki/%E5%AE%87%E6%A4%9C%E6%9D%91
C1699,https://upload.wikimedia.org/wikipedia/commons/thumb/3/3b/East_side_of_Oshima_straight.jpg/500px-East_side_of_Oshima_straight.jpg,瀬戸内町,(Wikipedia代表画像),Wikimedia Commons,https://ja.wikipedia.org/wiki/%E7%80%AC%E6%88%B8%E5%86%85%E7%94%BA
C1700,https://upload.wikimedia.org/wikipedia/commons/thumb/e/ed/Tatsugo%2814115177072_f9373dd93e_o%29.jpg/500px-Tatsugo%2814115177072_f9373dd93e_o%29.jpg,龍郷町,(Wikipedia代表画像),Wikimedia Commons,https://ja.wikipedia.org/wiki/%E9%BE%8D%E9%83%B7%E7%94%BA
C1701,https://upload.wikimedia.org/wikipedia/commons/thumb/e/e8/Beach_scene_at_Kikaijima_-_Takeshi_DSC_0179_%283795289913%29.jpg/500px-Beach_scene_at_Kikaijima_-_Takeshi_DSC_0179_%283795289913%29.jpg,喜界町,(Wikipedia代表画像),Wikimedia Commons,https://ja.wikipedia.org/wiki/%E5%96%9C%E7%95%8C%E7%94%BA
C1702,https://upload.wikimedia.org/wikipedia/commons/thumb/a/ad/Aze_prince_beach.jpg/500px-Aze_prince_beach.jpg,徳之島町,(Wikipedia代表画像),Wikimedia Commons,https://ja.wikipedia.org/wiki/%E5%BE%B3%E4%B9%8B%E5%B3%B6%E7%94%BA
C1703,https://upload.wikimedia.org/wikipedia/commons/thumb/2/2d/Mushiroze.JPG/500px-Mushiroze.JPG,天城町,(Wikipedia代表画像),Wikimedia Commons,https://ja.wikipedia.org/wiki/%E5%A4%A9%E5%9F%8E%E7%94%BA
C1704,https://upload.wikimedia.org/wikipedia/commons/thumb/e/eb/Intabu_cape.jpg/500px-Intabu_cape.jpg,伊仙町,(Wikipedia代表画像),Wikimedia Commons,https://ja.wikipedia.org/wiki/%E4%BC%8A%E4%BB%99%E7%94%BA
C1705,https://upload.wikimedia.org/wikipedia/commons/thumb/d/d0/The_Fucha.jpg/500px-The_Fucha.jpg,和泊町,(Wikipedia代表画像),Wikimedia Commons,https://ja.wikipedia.org/wiki/%E5%92%8C%E6%B3%8A%E7%94%BA
C1706,https://upload.wikimedia.org/wikipedia/commons/thumb/a/a0/Cliffs_of_Okinoerabujima.jpg/500px-Cliffs_of_Okinoerabujima.jpg,知名町,(Wikipedia代表画像),Wikimedia Commons,https://ja.wikipedia.org/wiki/%E7%9F%A5%E5%90%8D%E7%94%BA
C1707,https://upload.wikimedia.org/wikipedia/commons/thumb/5/5e/Yurigahama.jpg/500px-Yurigahama.jpg,与論町,(Wikipedia代表画像),Wikimedia Commons,https://ja.wikipedia.org/wiki/%E4%B8%8E%E8%AB%96%E7%94%BA
C1708,https://upload.wikimedia.org/wikipedia/commons/thumb/8/85/Ginowan_Montage.jpg/500px-Ginowan_Montage.jpg,宜野湾市,(Wikipedia代表画像),Wikimedia Commons,https://ja.wikipedia.org/wiki/%E5%AE%9C%E9%87%8E%E6%B9%BE%E5%B8%82
C1709,https://upload.wikimedia.org/wikipedia/commons/thumb/9/97/Urasoe_Yodore2.JPG/500px-Urasoe_Yodore2.JPG,浦添市,(Wikipedia代表画像),Wikimedia Commons,https://ja.wikipedia.org/wiki/%E6%B5%A6%E6%B7%BB%E5%B8%82
C1710,https://upload.wikimedia.org/wikipedia/commons/thumb/9/96/Cityscape_of_Nago_from_the_top_of_Mount_Nago_202007.jpg/500px-Cityscape_of_Nago_from_the_top_of_Mount_Nago_202007.jpg,名護市,(Wikipedia代表画像),Wikimedia Commons,https://ja.wikipedia.org/wiki/%E5%90%8D%E8%AD%B7%E5%B8%82
C1711,https://upload.wikimedia.org/wikipedia/commons/thumb/0/0c/Itoman_Montage.jpg/500px-Itoman_Montage.jpg,糸満市,(Wikipedia代表画像),Wikimedia Commons,https://ja.wikipedia.org/wiki/%E7%B3%B8%E6%BA%80%E5%B8%82
C1712,https://upload.wikimedia.org/wikipedia/commons/thumb/9/9d/%E6%9D%B1%E5%8D%97%E6%A4%8D%E7%89%A9%E6%A5%BD%E5%9C%92.JPG/500px-%E6%9D%B1%E5%8D%97%E6%A4%8D%E7%89%A9%E6%A5%BD%E5%9C%92.JPG,沖縄市,(Wikipedia代表画像),Wikimedia Commons,https://ja.wikipedia.org/wiki/%E6%B2%96%E7%B8%84%E5%B8%82
C1713,https://upload.wikimedia.org/wikipedia/commons/thumb/f/f2/Tomigusuku_Montage_2.jpg/500px-Tomigusuku_Montage_2.jpg,豊見城市,(Wikipedia代表画像),Wikimedia Commons,https://ja.wikipedia.org/wiki/%E8%B1%8A%E8%A6%8B%E5%9F%8E%E5%B8%82
C1714,https://upload.wikimedia.org/wikipedia/commons/thumb/c/c8/Gyokusendo_Nanjo_Okinawa_Japan02s3104.jpg/500px-Gyokusendo_Nanjo_Okinawa_Japan02s3104.jpg,南城市,(Wikipedia代表画像),Wikimedia Commons,https://ja.wikipedia.org/wiki/%E5%8D%97%E5%9F%8E%E5%B8%82
C1715,https://upload.wikimedia.org/wikipedia/commons/thumb/7/7d/View_of_Cape_Hedo_from_Yanbarukuina_observatory.JPG/500px-View_of_Cape_Hedo_from_Yanbarukuina_observatory.JPG,国頭村,(Wikipedia代表画像),Wikimedia Commons,https://ja.wikipedia.org/wiki/%E5%9B%BD%E9%A0%AD%E6%9D%91
C1716,https://upload.wikimedia.org/wikipedia/commons/thumb/d/d8/Bashofu_Center_202404.jpg/500px-Bashofu_Center_202404.jpg,大宜味村,(Wikipedia代表画像),Wikimedia Commons,https://ja.wikipedia.org/wiki/%E5%A4%A7%E5%AE%9C%E5%91%B3%E6%9D%91
C1717,https://upload.wikimedia.org/wikipedia/commons/thumb/2/22/Mangrove_of_Gesashi_Bay.jpg/500px-Mangrove_of_Gesashi_Bay.jpg,東村,(Wikipedia代表画像),Wikimedia Commons,https://ja.wikipedia.org/wiki/%E6%9D%B1%E6%9D%91
C1718,https://upload.wikimedia.org/wikipedia/commons/thumb/5/54/%E4%BB%8A%E5%B8%B0%E4%BB%81%E5%9F%8E%E8%B7%A1_%28Nakijin_Castle_Site%29_23_Jul%2C_2011_-_panoramio.jpg/500px-%E4%BB%8A%E5%B8%B0%E4%BB%81%E5%9F%8E%E8%B7%A1_%28Nakijin_Castle_Site%29_23_Jul%2C_2011_-_panoramio.jpg,今帰仁村,(Wikipedia代表画像),Wikimedia Commons,https://ja.wikipedia.org/wiki/%E4%BB%8A%E5%B8%B0%E4%BB%81%E6%9D%91
C1719,https://upload.wikimedia.org/wikipedia/commons/thumb/2/2a/Ocean_Expo_Park.JPG/500px-Ocean_Expo_Park.JPG,本部町,(Wikipedia代表画像),Wikimedia Commons,https://ja.wikipedia.org/wiki/%E6%9C%AC%E9%83%A8%E7%94%BA
C1720,https://upload.wikimedia.org/wikipedia/commons/thumb/1/1c/Kanna_Main_Dam.jpg/500px-Kanna_Main_Dam.jpg,宜野座村,(Wikipedia代表画像),Wikimedia Commons,https://ja.wikipedia.org/wiki/%E5%AE%9C%E9%87%8E%E5%BA%A7%E6%9D%91
C1721,https://upload.wikimedia.org/wikipedia/commons/5/50/Nisshu-do.jpg,金武町,(Wikipedia代表画像),Wikimedia Commons,https://ja.wikipedia.org/wiki/%E9%87%91%E6%AD%A6%E7%94%BA
C1722,https://upload.wikimedia.org/wikipedia/commons/thumb/9/9d/Mount_Gusuku_on_Ie_Island_202604_02.jpg/500px-Mount_Gusuku_on_Ie_Island_202604_02.jpg,伊江村,(Wikipedia代表画像),Wikimedia Commons,https://ja.wikipedia.org/wiki/%E4%BC%8A%E6%B1%9F%E6%9D%91
C1723,https://upload.wikimedia.org/wikipedia/commons/d/d9/Zakimigusuku.jpg,読谷村,(Wikipedia代表画像),Wikimedia Commons,https://ja.wikipedia.org/wiki/%E8%AA%AD%E8%B0%B7%E6%9D%91
C1724,https://upload.wikimedia.org/wikipedia/commons/thumb/7/72/Okinawa_Defense_Bureau_building_and_Rotary_Plaza.JPG/500px-Okinawa_Defense_Bureau_building_and_Rotary_Plaza.JPG,嘉手納町,(Wikipedia代表画像),Wikimedia Commons,https://ja.wikipedia.org/wiki/%E5%98%89%E6%89%8B%E7%B4%8D%E7%94%BA
C1725,https://upload.wikimedia.org/wikipedia/commons/thumb/2/23/Ferris_wheel_in_Mihama_Town_Resort_American_Village_4.JPG/500px-Ferris_wheel_in_Mihama_Town_Resort_American_Village_4.JPG,北谷町,(Wikipedia代表画像),Wikimedia Commons,https://ja.wikipedia.org/wiki/%E5%8C%97%E8%B0%B7%E7%94%BA
C1726,https://upload.wikimedia.org/wikipedia/commons/thumb/4/49/Nakamura_House_Kitanakagusuku01n3104.jpg/500px-Nakamura_House_Kitanakagusuku01n3104.jpg,北中城村,(Wikipedia代表画像),Wikimedia Commons,https://ja.wikipedia.org/wiki/%E5%8C%97%E4%B8%AD%E5%9F%8E%E6%9D%91
C1727,https://upload.wikimedia.org/wikipedia/commons/thumb/0/0a/Nakagusuku_Castle22n3104.jpg/500px-Nakagusuku_Castle22n3104.jpg,中城村,(Wikipedia代表画像),Wikimedia Commons,https://ja.wikipedia.org/wiki/%E4%B8%AD%E5%9F%8E%E6%9D%91
C1728,https://upload.wikimedia.org/wikipedia/commons/thumb/2/2e/Nishihara_Marine_Park_201806_01.JPG/500px-Nishihara_Marine_Park_201806_01.JPG,西原町,(Wikipedia代表画像),Wikimedia Commons,https://ja.wikipedia.org/wiki/%E8%A5%BF%E5%8E%9F%E7%94%BA
C1729,https://upload.wikimedia.org/wikipedia/commons/thumb/e/e6/Yonabaru_Station_historical_museum_20241004.jpg/500px-Yonabaru_Station_historical_museum_20241004.jpg,与那原町,(Wikipedia代表画像),Wikimedia Commons,https://ja.wikipedia.org/wiki/%E4%B8%8E%E9%82%A3%E5%8E%9F%E7%94%BA
C1730,https://upload.wikimedia.org/wikipedia/commons/thumb/9/99/Hanare_is.JPG/500px-Hanare_is.JPG,渡嘉敷村,(Wikipedia代表画像),Wikimedia Commons,https://ja.wikipedia.org/wiki/%E6%B8%A1%E5%98%89%E6%95%B7%E6%9D%91
C1731,https://upload.wikimedia.org/wikipedia/commons/thumb/6/6f/Furuzamami_beach_Okinawa_Zamami.jpg/500px-Furuzamami_beach_Okinawa_Zamami.jpg,座間味村,(Wikipedia代表画像),Wikimedia Commons,https://ja.wikipedia.org/wiki/%E5%BA%A7%E9%96%93%E5%91%B3%E6%9D%91
C1732,https://upload.wikimedia.org/wikipedia/commons/2/25/Aguninagahama3.jpg,粟国村,(Wikipedia代表画像),Wikimedia Commons,https://ja.wikipedia.org/wiki/%E7%B2%9F%E5%9B%BD%E6%9D%91
C1733,https://upload.wikimedia.org/wikipedia/commons/f/f8/Tonakihouse1.jpg,渡名喜村,(Wikipedia代表画像),Wikimedia Commons,https://ja.wikipedia.org/wiki/%E6%B8%A1%E5%90%8D%E5%96%9C%E6%9D%91
C1734,https://upload.wikimedia.org/wikipedia/commons/thumb/d/d9/Hoshinodo.jpg/500px-Hoshinodo.jpg,南大東村,(Wikipedia代表画像),Wikimedia Commons,https://ja.wikipedia.org/wiki/%E5%8D%97%E5%A4%A7%E6%9D%B1%E6%9D%91
C1735,https://upload.wikimedia.org/wikipedia/commons/thumb/a/ac/Kitadaitoucyozouko.jpg/500px-Kitadaitoucyozouko.jpg,北大東村,(Wikipedia代表画像),Wikimedia Commons,https://ja.wikipedia.org/wiki/%E5%8C%97%E5%A4%A7%E6%9D%B1%E6%9D%91
C1736,https://upload.wikimedia.org/wikipedia/commons/thumb/b/be/Nento_Hiramatsu_%28Iheya_Okinawa%29.jpg/500px-Nento_Hiramatsu_%28Iheya_Okinawa%29.jpg,伊平屋村,(Wikipedia代表画像),Wikimedia Commons,https://ja.wikipedia.org/wiki/%E4%BC%8A%E5%B9%B3%E5%B1%8B%E6%9D%91
C1737,https://upload.wikimedia.org/wikipedia/commons/thumb/b/bd/Hutamigaura.jpg/500px-Hutamigaura.jpg,伊是名村,(Wikipedia代表画像),Wikimedia Commons,https://ja.wikipedia.org/wiki/%E4%BC%8A%E6%98%AF%E5%90%8D%E6%9D%91
C1738,https://upload.wikimedia.org/wikipedia/commons/thumb/5/56/Eef_beach.JPG/500px-Eef_beach.JPG,久米島町,(Wikipedia代表画像),Wikimedia Commons,https://ja.wikipedia.org/wiki/%E4%B9%85%E7%B1%B3%E5%B3%B6%E7%94%BA
C1739,https://upload.wikimedia.org/wikipedia/commons/thumb/e/e3/Tomori_Stone_Lion_202006_01.jpg/500px-Tomori_Stone_Lion_202006_01.jpg,八重瀬町,(Wikipedia代表画像),Wikimedia Commons,https://ja.wikipedia.org/wiki/%E5%85%AB%E9%87%8D%E7%80%AC%E7%94%BA
C1740,https://upload.wikimedia.org/wikipedia/commons/thumb/7/71/Tarama_yaeyama_tomi.jpg/500px-Tarama_yaeyama_tomi.jpg,多良間村,(Wikipedia代表画像),Wikimedia Commons,https://ja.wikipedia.org/wiki/%E5%A4%9A%E8%89%AF%E9%96%93%E6%9D%91
C1741,https://upload.wikimedia.org/wikipedia/commons/thumb/d/d5/The-westernmost-monument-yomaguni.jpg/500px-The-westernmost-monument-yomaguni.jpg,与那国町,(Wikipedia代表画像),Wikimedia Commons,https://ja.wikipedia.org/wiki/%E4%B8%8E%E9%82%A3%E5%9B%BD%E7%94%BA
